0 verbose cli C:\Program Files\nodejs\node.exe C:\Program Files\nodejs\node_modules\npm\bin\npm-cli.js
1 info using npm@10.8.2
2 info using node@v20.19.0
3 silly config load:file:C:\Program Files\nodejs\node_modules\npm\npmrc
4 silly config load:file:D:\Projects\BlackstoneAcademy\ALF-FrontEnd\Alfurqan_Dashboard\.npmrc
5 silly config load:file:C:\Users\user\.npmrc
6 silly config load:file:D:\npm-global\etc\npmrc
7 verbose title npm install
8 verbose argv "install"
9 verbose logfile logs-max:10 dir:D:\Projects\BlackstoneAcademy\ALF-FrontEnd\Alfurqan_Dashboard\npm-cache\_logs\2026-07-10T10_32_54_429Z-
10 verbose logfile D:\Projects\BlackstoneAcademy\ALF-FrontEnd\Alfurqan_Dashboard\npm-cache\_logs\2026-07-10T10_32_54_429Z-debug-0.log
11 silly packumentCache heap:2197815296 maxSize:549453824 maxEntrySize:274726912
12 silly logfile done cleaning log files
13 silly idealTree buildDeps
14 silly reify moves {}
15 silly audit bulk request {
15 silly audit   '@alloc/quick-lru': [ '5.2.0' ],
15 silly audit   '@ark-ui/react': [ '4.9.1' ],
15 silly audit   '@babel/code-frame': [ '7.26.2' ],
15 silly audit   '@babel/generator': [ '7.26.9' ],
15 silly audit   '@babel/helper-module-imports': [ '7.25.9' ],
15 silly audit   '@babel/helper-string-parser': [ '7.25.9' ],
15 silly audit   '@babel/helper-validator-identifier': [ '7.25.9' ],
15 silly audit   '@babel/parser': [ '7.26.9' ],
15 silly audit   '@babel/runtime': [ '7.26.9' ],
15 silly audit   '@babel/template': [ '7.26.9' ],
15 silly audit   '@babel/traverse': [ '7.26.9' ],
15 silly audit   '@babel/types': [ '7.26.9' ],
15 silly audit   '@chakra-ui/react': [ '3.8.1' ],
15 silly audit   '@cspotcode/source-map-support': [ '0.8.1' ],
15 silly audit   '@jridgewell/trace-mapping': [ '0.3.9', '0.3.25' ],
15 silly audit   '@emotion/babel-plugin': [ '11.13.5' ],
15 silly audit   '@emotion/cache': [ '11.14.0' ],
15 silly audit   '@emotion/hash': [ '0.9.2' ],
15 silly audit   '@emotion/is-prop-valid': [ '1.3.1', '0.8.8' ],
15 silly audit   '@emotion/memoize': [ '0.9.0', '0.7.4' ],
15 silly audit   '@emotion/react': [ '11.14.0' ],
15 silly audit   '@emotion/serialize': [ '1.3.3' ],
15 silly audit   '@emotion/sheet': [ '1.4.0' ],
15 silly audit   '@emotion/styled': [ '11.14.0' ],
15 silly audit   '@emotion/unitless': [ '0.10.0' ],
15 silly audit   '@emotion/use-insertion-effect-with-fallbacks': [ '1.2.0' ],
15 silly audit   '@emotion/utils': [ '1.4.2' ],
15 silly audit   '@emotion/weak-memoize': [ '0.4.0' ],
15 silly audit   '@floating-ui/core': [ '1.6.9' ],
15 silly audit   '@floating-ui/dom': [ '1.6.13', '1.6.12' ],
15 silly audit   '@floating-ui/react': [ '0.19.0', '0.26.28', '0.27.5' ],
15 silly audit   '@floating-ui/react-dom': [ '1.3.0', '2.1.2' ],
15 silly audit   '@floating-ui/utils': [ '0.2.9' ],
15 silly audit   '@formatjs/ecma402-abstract': [ '2.3.3' ],
15 silly audit   '@formatjs/fast-memoize': [ '2.2.6' ],
15 silly audit   '@formatjs/icu-messageformat-parser': [ '2.11.1' ],
15 silly audit   '@formatjs/icu-skeleton-parser': [ '1.8.13' ],
15 silly audit   '@formatjs/intl-localematcher': [ '0.6.0' ],
15 silly audit   '@fullcalendar/core': [ '6.1.15' ],
15 silly audit   '@fullcalendar/daygrid': [ '6.1.15' ],
15 silly audit   '@fullcalendar/react': [ '6.1.15' ],
15 silly audit   '@headlessui/react': [ '2.2.4' ],
15 silly audit   '@react-aria/focus': [ '3.20.3', '3.19.1', '3.19.0' ],
15 silly audit   '@react-aria/interactions': [ '3.25.1', '3.23.0', '3.22.5' ],
15 silly audit   '@react-aria/ssr': [ '3.9.8', '3.9.7' ],
15 silly audit   '@react-aria/utils': [ '3.29.0', '3.27.0', '3.26.0' ],
15 silly audit   '@react-stately/utils': [ '3.10.6', '3.10.5' ],
15 silly audit   '@react-types/shared': [ '3.29.1', '3.27.0', '3.26.0' ],
15 silly audit   '@tanstack/react-virtual': [ '3.13.9', '3.11.2' ],
15 silly audit   '@tanstack/virtual-core': [ '3.13.9', '3.11.2' ],
15 silly audit   clsx: [ '2.1.1', '1.2.1' ],
15 silly audit   '@internationalized/date': [ '3.7.0', '3.6.0' ],
15 silly audit   '@internationalized/message': [ '3.1.6' ],
15 silly audit   '@internationalized/number': [ '3.6.0' ],
15 silly audit   '@internationalized/string': [ '3.2.5' ],
15 silly audit   '@isaacs/cliui': [ '8.0.2' ],
15 silly audit   '@jitsi/react-sdk': [ '1.4.4' ],
15 silly audit   '@jridgewell/gen-mapping': [ '0.3.8' ],
15 silly audit   '@jridgewell/resolve-uri': [ '3.1.2' ],
15 silly audit   '@jridgewell/set-array': [ '1.2.1' ],
15 silly audit   '@jridgewell/source-map': [ '0.3.6' ],
15 silly audit   '@jridgewell/sourcemap-codec': [ '1.5.0' ],
15 silly audit   '@juggle/resize-observer': [ '3.4.0' ],
15 silly audit   '@material-tailwind/react': [ '2.1.10' ],
15 silly audit   'framer-motion': [ '6.5.1', '11.18.2' ],
15 silly audit   react: [ '18.2.0', '18.3.1' ],
15 silly audit   'react-dom': [ '18.2.0', '18.3.1' ],
15 silly audit   '@mongodb-js/saslprep': [ '1.2.0' ],
15 silly audit   '@motionone/animation': [ '10.18.0' ],
15 silly audit   '@motionone/dom': [ '10.12.0' ],
15 silly audit   '@motionone/easing': [ '10.18.0' ],
15 silly audit   '@motionone/generators': [ '10.18.0' ],
15 silly audit   '@motionone/types': [ '10.17.1' ],
15 silly audit   '@motionone/utils': [ '10.18.0' ],
15 silly audit   '@next/env': [ '14.2.13' ],
15 silly audit   '@next/swc-darwin-arm64': [ '14.2.13' ],
15 silly audit   '@next/swc-darwin-x64': [ '14.2.13' ],
15 silly audit   '@next/swc-linux-arm64-gnu': [ '14.2.13' ],
15 silly audit   '@next/swc-linux-arm64-musl': [ '14.2.13' ],
15 silly audit   '@next/swc-linux-x64-gnu': [ '14.2.13' ],
15 silly audit   '@next/swc-linux-x64-musl': [ '14.2.13' ],
15 silly audit   '@next/swc-win32-arm64-msvc': [ '14.2.13' ],
15 silly audit   '@next/swc-win32-ia32-msvc': [ '14.2.13' ],
15 silly audit   '@next/swc-win32-x64-msvc': [ '14.2.13' ],
15 silly audit   '@nextui-org/accordion': [ '2.2.7' ],
15 silly audit   '@nextui-org/alert': [ '2.2.9' ],
15 silly audit   '@nextui-org/aria-utils': [ '2.2.7' ],
15 silly audit   '@nextui-org/autocomplete': [ '2.3.9' ],
15 silly audit   '@nextui-org/avatar': [ '2.2.6' ],
15 silly audit   '@nextui-org/badge': [ '2.2.5' ],
15 silly audit   '@nextui-org/breadcrumbs': [ '2.2.6' ],
15 silly audit   '@nextui-org/button': [ '2.2.9' ],
15 silly audit   '@nextui-org/calendar': [ '2.2.9' ],
15 silly audit   '@nextui-org/card': [ '2.2.9' ],
15 silly audit   '@nextui-org/checkbox': [ '2.3.8' ],
15 silly audit   '@nextui-org/chip': [ '2.2.6' ],
15 silly audit   '@nextui-org/code': [ '2.2.6' ],
15 silly audit   '@nextui-org/date-input': [ '2.3.8' ],
15 silly audit   '@nextui-org/date-picker': [ '2.3.9' ],
15 silly audit   '@nextui-org/divider': [ '2.2.5' ],
15 silly audit   '@nextui-org/dom-animation': [ '2.1.1' ],
15 silly audit   '@nextui-org/drawer': [ '2.2.7' ],
15 silly audit   '@nextui-org/dropdown': [ '2.3.9' ],
15 silly audit   '@nextui-org/form': [ '2.1.8' ],
15 silly audit   '@nextui-org/framer-utils': [ '2.1.6' ],
15 silly audit   '@nextui-org/image': [ '2.2.5' ],
15 silly audit   '@nextui-org/input': [ '2.4.8' ],
15 silly audit   '@nextui-org/input-otp': [ '2.1.8' ],
15 silly audit   '@nextui-org/kbd': [ '2.2.6' ],
15 silly audit   '@nextui-org/link': [ '2.2.7' ],
15 silly audit   '@nextui-org/listbox': [ '2.3.9' ],
15 silly audit   '@nextui-org/menu': [ '2.2.9' ],
15 silly audit   '@nextui-org/modal': [ '2.2.7' ],
15 silly audit   '@nextui-org/navbar': [ '2.2.8' ],
15 silly audit   '@nextui-org/pagination': [ '2.2.8' ],
15 silly audit   '@nextui-org/popover': [ '2.3.9' ],
15 silly audit   '@nextui-org/progress': [ '2.2.6' ],
15 silly audit   '@nextui-org/radio': [ '2.3.8' ],
15 silly audit   '@nextui-org/react': [ '2.6.11' ],
15 silly audit   '@nextui-org/react-rsc-utils': [ '2.1.1' ],
15 silly audit   '@nextui-org/react-utils': [ '2.1.3' ],
15 silly audit   '@nextui-org/ripple': [ '2.2.7' ],
15 silly audit   '@nextui-org/scroll-shadow': [ '2.3.5' ],
15 silly audit   '@nextui-org/select': [ '2.4.9' ],
15 silly audit   '@nextui-org/shared-icons': [ '2.1.1' ],
15 silly audit   '@nextui-org/shared-utils': [ '2.1.2' ],
15 silly audit   '@nextui-org/skeleton': [ '2.2.5' ],
15 silly audit   '@nextui-org/slider': [ '2.4.7' ],
15 silly audit   '@nextui-org/snippet': [ '2.2.10' ],
15 silly audit   '@nextui-org/spacer': [ '2.2.6' ],
15 silly audit   '@nextui-org/spinner': [ '2.2.6' ],
15 silly audit   '@nextui-org/switch': [ '2.2.8' ],
15 silly audit   '@nextui-org/system': [ '2.4.6' ],
15 silly audit   '@nextui-org/system-rsc': [ '2.3.5' ],
15 silly audit   '@nextui-org/table': [ '2.2.8' ],
15 silly audit   '@nextui-org/tabs': [ '2.2.7' ],
15 silly audit   '@nextui-org/theme': [ '2.4.5' ],
15 silly audit   deepmerge: [ '4.3.1', '4.2.2' ],
15 silly audit   'tailwind-merge': [ '2.6.0', '1.8.1', '1.14.0' ],
15 silly audit   '@nextui-org/tooltip': [ '2.2.7' ],
15 silly audit   '@nextui-org/use-aria-accordion': [ '2.2.2' ],
15 silly audit   '@nextui-org/use-aria-button': [ '2.2.4' ],
15 silly audit   '@nextui-org/use-aria-link': [ '2.2.5' ],
15 silly audit   '@nextui-org/use-aria-modal-overlay': [ '2.2.3' ],
15 silly audit   '@nextui-org/use-aria-multiselect': [ '2.4.3' ],
15 silly audit   '@nextui-org/use-callback-ref': [ '2.1.1' ],
15 silly audit   '@nextui-org/use-clipboard': [ '2.1.2' ],
15 silly audit   '@nextui-org/use-data-scroll-overflow': [ '2.2.2' ],
15 silly audit   '@nextui-org/use-disclosure': [ '2.2.2' ],
15 silly audit   '@nextui-org/use-draggable': [ '2.1.2' ],
15 silly audit   '@nextui-org/use-image': [ '2.1.2' ],
15 silly audit   '@nextui-org/use-intersection-observer': [ '2.2.2' ],
15 silly audit   '@nextui-org/use-is-mobile': [ '2.2.2' ],
15 silly audit   '@nextui-org/use-is-mounted': [ '2.1.1' ],
15 silly audit   '@nextui-org/use-measure': [ '2.1.1' ],
15 silly audit   '@nextui-org/use-pagination': [ '2.2.3' ],
15 silly audit   '@nextui-org/use-safe-layout-effect': [ '2.1.1' ],
15 silly audit   '@nextui-org/use-scroll-position': [ '2.1.1' ],
15 silly audit   '@nextui-org/use-update-effect': [ '2.1.1' ],
15 silly audit   '@nextui-org/user': [ '2.2.6' ],
15 silly audit   '@nodelib/fs.scandir': [ '2.1.5' ],
15 silly audit   '@nodelib/fs.stat': [ '2.0.5' ],
15 silly audit   '@nodelib/fs.walk': [ '1.2.8' ],
15 silly audit   '@pandacss/is-valid-prop': [ '0.41.0' ],
15 silly audit   '@pkgjs/parseargs': [ '0.11.0' ],
15 silly audit   '@popperjs/core': [ '2.11.8' ],
15 silly audit   '@react-aria/breadcrumbs': [ '3.5.19' ],
15 silly audit   '@react-aria/button': [ '3.11.0' ],
15 silly audit   '@react-aria/calendar': [ '3.6.0' ],
15 silly audit   '@react-aria/checkbox': [ '3.15.0' ],
15 silly audit   '@react-aria/toggle': [ '3.10.11' ],
15 silly audit   '@react-stately/toggle': [ '3.8.1', '3.8.0' ],
15 silly audit   '@react-types/checkbox': [ '3.9.1', '3.9.0' ],
15 silly audit   '@react-aria/combobox': [ '3.11.0' ],
15 silly audit   '@react-aria/datepicker': [ '3.12.0' ],
15 silly audit   '@react-aria/dialog': [ '3.5.20' ],
15 silly audit   '@react-aria/form': [ '3.0.11' ],
15 silly audit   '@react-aria/grid': [ '3.11.1' ],
15 silly audit   '@react-aria/i18n': [ '3.12.5', '3.12.4' ],
15 silly audit   '@react-aria/selection': [ '3.22.0', '3.21.0' ],
15 silly audit   '@react-stately/collections': [ '3.12.1', '3.12.0' ],
15 silly audit   '@react-types/grid': [ '3.2.11', '3.2.10' ],
15 silly audit   '@react-aria/label': [ '3.7.13' ],
15 silly audit   '@react-aria/link': [ '3.7.7' ],
15 silly audit   '@react-aria/listbox': [ '3.13.6' ],
15 silly audit   '@react-aria/live-announcer': [ '3.4.1' ],
15 silly audit   '@react-aria/menu': [ '3.16.0' ],
15 silly audit   '@react-aria/overlays': [ '3.24.0' ],
15 silly audit   '@react-aria/progress': [ '3.4.18' ],
15 silly audit   '@react-aria/radio': [ '3.10.10' ],
15 silly audit   '@react-aria/slider': [ '3.7.14' ],
15 silly audit   '@react-aria/spinbutton': [ '3.6.11' ],
15 silly audit   '@react-types/button': [ '3.10.2', '3.10.1' ],
15 silly audit   '@react-aria/switch': [ '3.6.10' ],
15 silly audit   '@react-aria/table': [ '3.16.0' ],
15 silly audit   '@react-aria/tabs': [ '3.9.8' ],
15 silly audit   '@react-aria/textfield': [ '3.15.0' ],
15 silly audit   '@react-aria/toolbar': [ '3.0.0-beta.11' ],
15 silly audit   '@react-aria/tooltip': [ '3.7.10' ],
15 silly audit   '@react-aria/visually-hidden': [ '3.8.18' ],
15 silly audit   '@react-oauth/google': [ '0.12.1' ],
15 silly audit   '@react-stately/calendar': [ '3.6.0' ],
15 silly audit   '@react-stately/checkbox': [ '3.6.10' ],
15 silly audit   '@react-stately/combobox': [ '3.10.1' ],
15 silly audit   '@react-stately/datepicker': [ '3.11.0' ],
15 silly audit   '@react-stately/flags': [ '3.1.1' ],
15 silly audit   '@react-stately/form': [ '3.1.0', '3.1.1' ],
15 silly audit   '@react-stately/grid': [ '3.10.1' ],
15 silly audit   '@react-stately/list': [ '3.11.1', '3.11.2' ],
15 silly audit   '@react-stately/menu': [ '3.9.0' ],
15 silly audit   '@react-stately/overlays': [ '3.6.12', '3.6.13' ],
15 silly audit   '@react-stately/radio': [ '3.10.9' ],
15 silly audit   '@react-stately/select': [ '3.6.10' ],
15 silly audit   '@react-types/overlays': [ '3.8.12', '3.8.11' ],
15 silly audit   '@react-types/select': [ '3.9.9', '3.9.8' ],
15 silly audit   '@react-stately/selection': [ '3.19.0' ],
15 silly audit   '@react-stately/slider': [ '3.6.0' ],
15 silly audit   '@react-stately/table': [ '3.13.0' ],
15 silly audit   '@react-stately/tabs': [ '3.7.0' ],
15 silly audit   '@react-stately/tooltip': [ '3.5.0' ],
15 silly audit   '@react-stately/tree': [ '3.8.6' ],
15 silly audit   '@react-stately/virtualizer': [ '4.2.0' ],
15 silly audit   '@react-types/accordion': [ '3.0.0-alpha.25' ],
15 silly audit   '@react-types/breadcrumbs': [ '3.7.9' ],
15 silly audit   '@react-types/calendar': [ '3.5.0' ],
15 silly audit   '@react-types/combobox': [ '3.13.1' ],
15 silly audit   '@react-types/datepicker': [ '3.9.0' ],
15 silly audit   '@react-types/dialog': [ '3.5.15' ],
15 silly audit   '@react-types/form': [ '3.7.8' ],
15 silly audit   '@react-types/link': [ '3.5.9' ],
15 silly audit   '@react-types/listbox': [ '3.5.4' ],
15 silly audit   '@react-types/menu': [ '3.9.13' ],
15 silly audit   '@react-types/progress': [ '3.5.8' ],
15 silly audit   '@react-types/radio': [ '3.8.5' ],
15 silly audit   '@react-types/slider': [ '3.7.8' ],
15 silly audit   '@react-types/switch': [ '3.5.8' ],
15 silly audit   '@react-types/table': [ '3.10.3' ],
15 silly audit   '@react-types/tabs': [ '3.3.11' ],
15 silly audit   '@react-types/textfield': [ '3.10.0' ],
15 silly audit   '@react-types/tooltip': [ '3.4.13' ],
15 silly audit   '@remix-run/router': [ '1.23.0' ],
15 silly audit   '@restart/hooks': [ '0.4.16' ],
15 silly audit   '@rsuite/icon-font': [ '4.1.0' ],
15 silly audit   '@rsuite/icons': [ '1.3.0' ],
15 silly audit   '@socket.io/component-emitter': [ '3.1.2' ],
15 silly audit   '@stripe/react-stripe-js': [ '3.1.1' ],
15 silly audit   '@stripe/stripe-js': [ '5.7.0' ],
15 silly audit   '@swc/counter': [ '0.1.3' ],
15 silly audit   '@swc/helpers': [ '0.5.15', '0.5.5' ],
15 silly audit   '@trysound/sax': [ '0.2.0' ],
15 silly audit   '@tsconfig/node10': [ '1.0.11' ],
15 silly audit   '@tsconfig/node12': [ '1.0.11' ],
15 silly audit   '@tsconfig/node14': [ '1.0.3' ],
15 silly audit   '@tsconfig/node16': [ '1.0.4' ],
15 silly audit   '@types/d3-array': [ '3.2.1' ],
15 silly audit   '@types/d3-color': [ '3.1.3' ],
15 silly audit   '@types/d3-ease': [ '3.0.2' ],
15 silly audit   '@types/d3-interpolate': [ '3.0.4' ],
15 silly audit   '@types/d3-path': [ '3.1.1' ],
15 silly audit   '@types/d3-scale': [ '4.0.9' ],
15 silly audit   '@types/d3-shape': [ '3.1.7' ],
15 silly audit   '@types/d3-time': [ '3.0.4' ],
15 silly audit   '@types/d3-timer': [ '3.0.2' ],
15 silly audit   '@types/date-arithmetic': [ '4.1.4' ],
15 silly audit   '@types/eslint': [ '9.6.1' ],
15 silly audit   '@types/eslint-scope': [ '3.7.7' ],
15 silly audit   '@types/estree': [ '1.0.6' ],
15 silly audit   '@types/json-schema': [ '7.0.15' ],
15 silly audit   '@types/lodash': [ '4.17.15' ],
15 silly audit   '@types/lodash.debounce': [ '4.0.9' ],
15 silly audit   '@types/node': [ '20.17.19' ],
15 silly audit   '@types/parse-json': [ '4.0.2' ],
15 silly audit   '@types/prop-types': [ '15.7.14' ],
15 silly audit   '@types/raf': [ '3.4.3' ],
15 silly audit   '@types/react': [ '18.3.18' ],
15 silly audit   '@types/react-big-calendar': [ '1.16.1' ],
15 silly audit   '@types/react-calendar': [ '4.1.0' ],
15 silly audit   '@types/react-date-range': [ '1.4.10' ],
15 silly audit   'date-fns': [ '2.30.0', '4.1.0', '3.6.0' ],
15 silly audit   '@types/react-dom': [ '18.3.5' ],
15 silly audit   '@types/react-modal': [ '3.16.3' ],
15 silly audit   '@types/react-pdf': [ '6.2.0' ],
15 silly audit   'pdfjs-dist': [ '2.16.105', '2.12.313' ],
15 silly audit   '@types/react-transition-group': [ '4.4.12' ],
15 silly audit   '@types/react-window': [ '1.8.8' ],
15 silly audit   '@types/trusted-types': [ '2.0.7' ],
15 silly audit   '@types/uuid': [ '10.0.0' ],
15 silly audit   '@types/warning': [ '3.0.3' ],
15 silly audit   '@types/webidl-conversions': [ '7.0.3' ],
15 silly audit   '@types/whatwg-url': [ '11.0.5' ],
15 silly audit   '@webassemblyjs/ast': [ '1.14.1' ],
15 silly audit   '@webassemblyjs/floating-point-hex-parser': [ '1.13.2' ],
15 silly audit   '@webassemblyjs/helper-api-error': [ '1.13.2' ],
15 silly audit   '@webassemblyjs/helper-buffer': [ '1.14.1' ],
15 silly audit   '@webassemblyjs/helper-numbers': [ '1.13.2' ],
15 silly audit   '@webassemblyjs/helper-wasm-bytecode': [ '1.13.2' ],
15 silly audit   '@webassemblyjs/helper-wasm-section': [ '1.14.1' ],
15 silly audit   '@webassemblyjs/ieee754': [ '1.13.2' ],
15 silly audit   '@webassemblyjs/leb128': [ '1.13.2' ],
15 silly audit   '@webassemblyjs/utf8': [ '1.13.2' ],
15 silly audit   '@webassemblyjs/wasm-edit': [ '1.14.1' ],
15 silly audit   '@webassemblyjs/wasm-gen': [ '1.14.1' ],
15 silly audit   '@webassemblyjs/wasm-opt': [ '1.14.1' ],
15 silly audit   '@webassemblyjs/wasm-parser': [ '1.14.1' ],
15 silly audit   '@webassemblyjs/wast-printer': [ '1.14.1' ],
15 silly audit   '@wojtekmaj/date-utils': [ '1.5.1' ],
15 silly audit   '@xtuc/ieee754': [ '1.2.0' ],
15 silly audit   '@xtuc/long': [ '4.2.2' ],
15 silly audit   '@zag-js/accordion': [ '0.82.1' ],
15 silly audit   '@zag-js/anatomy': [ '0.82.1' ],
15 silly audit   '@zag-js/aria-hidden': [ '0.82.1' ],
15 silly audit   '@zag-js/auto-resize': [ '0.82.1' ],
15 silly audit   '@zag-js/avatar': [ '0.82.1' ],
15 silly audit   '@zag-js/carousel': [ '0.82.1' ],
15 silly audit   '@zag-js/checkbox': [ '0.82.1' ],
15 silly audit   '@zag-js/clipboard': [ '0.82.1' ],
15 silly audit   '@zag-js/collapsible': [ '0.82.1' ],
15 silly audit   '@zag-js/collection': [ '0.82.1' ],
15 silly audit   '@zag-js/color-picker': [ '0.82.1' ],
15 silly audit   '@zag-js/color-utils': [ '0.82.1' ],
15 silly audit   '@zag-js/combobox': [ '0.82.1' ],
15 silly audit   '@zag-js/core': [ '0.82.1' ],
15 silly audit   '@zag-js/date-picker': [ '0.82.1' ],
15 silly audit   '@zag-js/date-utils': [ '0.82.1' ],
15 silly audit   '@zag-js/dialog': [ '0.82.1' ],
15 silly audit   '@zag-js/dismissable': [ '0.82.1' ],
15 silly audit   '@zag-js/dom-query': [ '0.82.1' ],
15 silly audit   '@zag-js/editable': [ '0.82.1' ],
15 silly audit   '@zag-js/element-rect': [ '0.82.1' ],
15 silly audit   '@zag-js/element-size': [ '0.82.1' ],
15 silly audit   '@zag-js/file-upload': [ '0.82.1' ],
15 silly audit   '@zag-js/file-utils': [ '0.82.1' ],
15 silly audit   '@zag-js/focus-trap': [ '0.82.1' ],
15 silly audit   '@zag-js/focus-visible': [ '0.82.1' ],
15 silly audit   '@zag-js/highlight-word': [ '0.82.1' ],
15 silly audit   '@zag-js/hover-card': [ '0.82.1' ],
15 silly audit   '@zag-js/i18n-utils': [ '0.82.1' ],
15 silly audit   '@zag-js/interact-outside': [ '0.82.1' ],
15 silly audit   '@zag-js/live-region': [ '0.82.1' ],
15 silly audit   '@zag-js/menu': [ '0.82.1' ],
15 silly audit   '@zag-js/number-input': [ '0.82.1' ],
15 silly audit   '@zag-js/pagination': [ '0.82.1' ],
15 silly audit   '@zag-js/pin-input': [ '0.82.1' ],
15 silly audit   '@zag-js/popover': [ '0.82.1' ],
15 silly audit   '@zag-js/popper': [ '0.82.1' ],
15 silly audit   '@zag-js/presence': [ '0.82.1' ],
15 silly audit   '@zag-js/progress': [ '0.82.1' ],
15 silly audit   '@zag-js/qr-code': [ '0.82.1' ],
15 silly audit   '@zag-js/radio-group': [ '0.82.1' ],
15 silly audit   '@zag-js/rating-group': [ '0.82.1' ],
15 silly audit   '@zag-js/react': [ '0.82.1' ],
15 silly audit   '@zag-js/rect-utils': [ '0.82.1' ],
15 silly audit   '@zag-js/remove-scroll': [ '0.82.1' ],
15 silly audit   '@zag-js/scroll-snap': [ '0.82.1' ],
15 silly audit   '@zag-js/select': [ '0.82.1' ],
15 silly audit   '@zag-js/signature-pad': [ '0.82.1' ],
15 silly audit   '@zag-js/slider': [ '0.82.1' ],
15 silly audit   '@zag-js/splitter': [ '0.82.1' ],
15 silly audit   '@zag-js/steps': [ '0.82.1' ],
15 silly audit   '@zag-js/store': [ '0.82.1' ],
15 silly audit   '@zag-js/switch': [ '0.82.1' ],
15 silly audit   '@zag-js/tabs': [ '0.82.1' ],
15 silly audit   '@zag-js/tags-input': [ '0.82.1' ],
15 silly audit   '@zag-js/time-picker': [ '0.82.1' ],
15 silly audit   '@zag-js/timer': [ '0.82.1' ],
15 silly audit   '@zag-js/toast': [ '0.82.1' ],
15 silly audit   '@zag-js/toggle-group': [ '0.82.1' ],
15 silly audit   '@zag-js/tooltip': [ '0.82.1' ],
15 silly audit   '@zag-js/tour': [ '0.82.1' ],
15 silly audit   '@zag-js/tree-view': [ '0.82.1' ],
15 silly audit   '@zag-js/types': [ '0.82.1' ],
15 silly audit   '@zag-js/utils': [ '0.82.1' ],
15 silly audit   acorn: [ '8.14.0' ],
15 silly audit   'acorn-walk': [ '8.3.4' ],
15 silly audit   ajv: [ '6.12.6', '8.17.1' ],
15 silly audit   'ajv-formats': [ '2.1.1' ],
15 silly audit   'json-schema-traverse': [ '1.0.0', '0.4.1' ],
15 silly audit   'ajv-keywords': [ '3.5.2', '5.1.0' ],
15 silly audit   'ansi-regex': [ '6.1.0', '5.0.1' ],
15 silly audit   'ansi-styles': [ '6.2.1', '4.3.0' ],
15 silly audit   'any-promise': [ '1.3.0' ],
15 silly audit   anymatch: [ '3.1.3' ],
15 silly audit   arg: [ '5.0.2', '4.1.3' ],
15 silly audit   'aria-hidden': [ '1.2.4' ],
15 silly audit   asynckit: [ '0.4.0' ],
15 silly audit   atob: [ '2.1.2' ],
15 silly audit   autoprefixer: [ '10.4.20' ],
15 silly audit   axios: [ '1.8.1' ],
15 silly audit   'babel-plugin-macros': [ '3.1.0' ],
15 silly audit   'balanced-match': [ '1.0.2' ],
15 silly audit   'base64-arraybuffer': [ '1.0.2' ],
15 silly audit   'base64-js': [ '1.5.1' ],
15 silly audit   'big.js': [ '5.2.2' ],
15 silly audit   'binary-extensions': [ '2.3.0' ],
15 silly audit   bl: [ '4.1.0' ],
15 silly audit   boolbase: [ '1.0.0' ],
15 silly audit   'brace-expansion': [ '2.0.1', '1.1.12' ],
15 silly audit   braces: [ '3.0.3' ],
15 silly audit   browserslist: [ '4.24.4' ],
15 silly audit   bson: [ '6.10.3' ],
15 silly audit   btoa: [ '1.2.1' ],
15 silly audit   buffer: [ '5.7.1' ],
15 silly audit   'buffer-from': [ '1.1.2' ],
15 silly audit   busboy: [ '1.6.0' ],
15 silly audit   'call-bind-apply-helpers': [ '1.0.2' ],
15 silly audit   'call-bound': [ '1.0.3' ],
15 silly audit   callsites: [ '3.1.0' ],
15 silly audit   'camelcase-css': [ '2.0.1' ],
15 silly audit   'caniuse-lite': [ '1.0.30001701' ],
15 silly audit   canvas: [ '3.1.0' ],
15 silly audit   canvg: [ '3.0.10' ],
15 silly audit   'regenerator-runtime': [ '0.13.11', '0.14.1' ],
15 silly audit   'chart.js': [ '3.9.1' ],
15 silly audit   'chartjs-plugin-datalabels': [ '2.2.0' ],
15 silly audit   chokidar: [ '3.6.0' ],
15 silly audit   'glob-parent': [ '5.1.2', '6.0.2' ],
15 silly audit   chownr: [ '1.1.4' ],
15 silly audit   'chrome-trace-event': [ '1.0.4' ],
15 silly audit   classnames: [ '2.3.2', '2.5.1' ],
15 silly audit   'client-only': [ '0.0.1' ],
15 silly audit   color: [ '4.2.3' ],
15 silly audit   'color-convert': [ '2.0.1' ],
15 silly audit   'color-name': [ '1.1.4' ],
15 silly audit   'color-string': [ '1.9.1' ],
15 silly audit   color2k: [ '2.0.3' ],
15 silly audit   'combined-stream': [ '1.0.8' ],
15 silly audit   commander: [ '4.1.1', '7.2.0', '2.20.3' ],
15 silly audit   'compute-scroll-into-view': [ '3.1.1' ],
15 silly audit   'concat-map': [ '0.0.1' ],
15 silly audit   'convert-source-map': [ '1.9.0' ],
15 silly audit   'core-js': [ '3.40.0' ],
15 silly audit   cosmiconfig: [ '7.1.0' ],
15 silly audit   'countries-cities': [ '0.0.11' ],
15 silly audit   'country-flag-icons': [ '1.5.18' ],
15 silly audit   'country-state-city': [ '3.2.1' ],
15 silly audit   'create-require': [ '1.1.1' ],
15 silly audit   'cross-spawn': [ '7.0.6' ],
15 silly audit   'css-line-break': [ '2.1.0' ],
15 silly audit   'css-select': [ '5.2.2' ],
15 silly audit   'css-tree': [ '2.3.1', '2.2.1' ],
15 silly audit   'css-what': [ '6.2.2' ],
15 silly audit   cssesc: [ '3.0.0' ],
15 silly audit   csso: [ '5.0.5' ],
15 silly audit   'mdn-data': [ '2.0.28', '2.0.30' ],
15 silly audit   csstype: [ '3.1.3' ],
15 silly audit   'd3-array': [ '3.2.4' ],
15 silly audit   'd3-color': [ '3.1.0' ],
15 silly audit   'd3-ease': [ '3.0.1' ],
15 silly audit   'd3-format': [ '3.1.0' ],
15 silly audit   'd3-interpolate': [ '3.0.1' ],
15 silly audit   'd3-path': [ '3.1.0' ],
15 silly audit   'd3-scale': [ '4.0.2' ],
15 silly audit   'd3-shape': [ '3.2.0' ],
15 silly audit   'd3-time': [ '3.1.0' ],
15 silly audit   'd3-time-format': [ '4.1.0' ],
15 silly audit   'd3-timer': [ '3.0.1' ],
15 silly audit   'date-arithmetic': [ '4.1.0' ],
15 silly audit   dayjs: [ '1.11.13' ],
15 silly audit   debug: [ '4.4.0', '4.3.7' ],
15 silly audit   'decimal.js': [ '10.5.0' ],
15 silly audit   'decimal.js-light': [ '2.5.1' ],
15 silly audit   'decompress-response': [ '6.0.0' ],
15 silly audit   'deep-extend': [ '0.6.0' ],
15 silly audit   'delayed-stream': [ '1.0.0' ],
15 silly audit   dequal: [ '2.0.3' ],
15 silly audit   'detect-element-overflow': [ '1.4.2' ],
15 silly audit   'detect-libc': [ '2.0.4' ],
15 silly audit   diacritics: [ '1.3.0' ],
15 silly audit   didyoumean: [ '1.2.2' ],
15 silly audit   diff: [ '4.0.2' ],
15 silly audit   dlv: [ '1.1.3' ],
15 silly audit   'dom-helpers': [ '5.2.1' ],
15 silly audit   'dom-lib': [ '3.3.2' ],
15 silly audit   'dom-serializer': [ '2.0.0' ],
15 silly audit   domelementtype: [ '2.3.0' ],
15 silly audit   domhandler: [ '5.0.3' ],
15 silly audit   dommatrix: [ '1.0.3' ],
15 silly audit   dompurify: [ '3.2.4' ],
15 silly audit   domutils: [ '3.2.2' ],
15 silly audit   'dunder-proto': [ '1.0.1' ],
15 silly audit   eastasianwidth: [ '0.2.0' ],
15 silly audit   'electron-to-chromium': [ '1.5.109' ],
15 silly audit   'emoji-regex': [ '9.2.2', '8.0.0' ],
15 silly audit   'emojis-list': [ '3.0.0' ],
15 silly audit   'end-of-stream': [ '1.4.4' ],
15 silly audit   'engine.io-client': [ '6.6.3' ],
15 silly audit   'engine.io-parser': [ '5.2.3' ],
15 silly audit   'enhanced-resolve': [ '5.18.1' ],
15 silly audit   entities: [ '4.5.0' ],
15 silly audit   'error-ex': [ '1.3.2' ],
15 silly audit   'es-define-property': [ '1.0.1' ],
15 silly audit   'es-errors': [ '1.3.0' ],
15 silly audit   'es-module-lexer': [ '1.6.0' ],
15 silly audit   'es-object-atoms': [ '1.1.1' ],
15 silly audit   'es-set-tostringtag': [ '2.1.0' ],
15 silly audit   'es6-promise': [ '4.2.8' ],
15 silly audit   escalade: [ '3.2.0' ],
15 silly audit   'escape-string-regexp': [ '4.0.0' ],
15 silly audit   'eslint-scope': [ '5.1.1' ],
15 silly audit   esrecurse: [ '4.3.0' ],
15 silly audit   estraverse: [ '5.3.0', '4.3.0' ],
15 silly audit   eventemitter3: [ '4.0.7' ],
15 silly audit   events: [ '3.3.0' ],
15 silly audit   exenv: [ '1.2.2' ],
15 silly audit   'expand-template': [ '2.0.3' ],
15 silly audit   'fast-deep-equal': [ '3.1.3' ],
15 silly audit   'fast-equals': [ '5.2.2' ],
15 silly audit   'fast-glob': [ '3.3.3' ],
15 silly audit   'fast-json-stable-stringify': [ '2.1.0' ],
15 silly audit   'fast-safe-stringify': [ '2.1.1' ],
15 silly audit   'fast-uri': [ '3.0.6' ],
15 silly audit   fastq: [ '1.19.1' ],
15 silly audit   fflate: [ '0.8.2' ],
15 silly audit   'file-loader': [ '6.2.0' ],
15 silly audit   'fill-range': [ '7.1.1' ],
15 silly audit   'find-root': [ '1.1.0' ],
15 silly audit   flat: [ '5.0.2' ],
15 silly audit   'follow-redirects': [ '1.15.9' ],
15 silly audit   'foreground-child': [ '3.3.1' ],
15 silly audit   'form-data': [ '4.0.2' ],
15 silly audit   'fraction.js': [ '4.3.7' ],
15 silly audit   framesync: [ '6.0.1' ],
15 silly audit   'fs-constants': [ '1.0.0' ],
15 silly audit   'fs.realpath': [ '1.0.0' ],
15 silly audit   fsevents: [ '2.3.3' ],
15 silly audit   'function-bind': [ '1.1.2' ],
15 silly audit   'get-intrinsic': [ '1.3.0' ],
15 silly audit   'get-proto': [ '1.0.1' ],
15 silly audit   'get-user-locale': [ '2.3.2' ],
15 silly audit   'github-from-package': [ '0.0.0' ],
15 silly audit   glob: [ '10.4.5', '7.2.3' ],
15 silly audit   'glob-to-regexp': [ '0.4.1' ],
15 silly audit   globalize: [ '0.1.1' ],
15 silly audit   globals: [ '11.12.0' ],
15 silly audit   gopd: [ '1.2.0' ],
15 silly audit   'graceful-fs': [ '4.2.11' ],
15 silly audit   'has-flag': [ '4.0.0' ],
15 silly audit   'has-symbols': [ '1.1.0' ],
15 silly audit   'has-tostringtag': [ '1.0.2' ],
15 silly audit   hasown: [ '2.0.2' ],
15 silly audit   'hey-listen': [ '1.0.8' ],
15 silly audit   'hoist-non-react-statics': [ '3.3.2' ],
15 silly audit   html2canvas: [ '1.4.1' ],
15 silly audit   'html2pdf.js': [ '0.10.3' ],
15 silly audit   'i18n-iso-countries': [ '7.14.0' ],
15 silly audit   ieee754: [ '1.2.1' ],
15 silly audit   'import-fresh': [ '3.3.1' ],
15 silly audit   inflight: [ '1.0.6' ],
15 silly audit   inherits: [ '2.0.4' ],
15 silly audit   ini: [ '1.3.8' ],
15 silly audit   'input-format': [ '0.3.14' ],
15 silly audit   'input-otp': [ '1.4.1' ],
15 silly audit   internmap: [ '2.0.3' ],
15 silly audit   interpret: [ '1.4.0' ],
15 silly audit   'intl-messageformat': [ '10.7.15' ],
15 silly audit   invariant: [ '2.2.4' ],
15 silly audit   'is-arrayish': [ '0.2.1', '0.3.2' ],
15 silly audit   'is-binary-path': [ '2.1.0' ],
15 silly audit   'is-core-module': [ '2.16.1' ],
15 silly audit   'is-extglob': [ '2.1.1' ],
15 silly audit   'is-fullwidth-code-point': [ '3.0.0' ],
15 silly audit   'is-glob': [ '4.0.3' ],
15 silly audit   'is-number': [ '7.0.0' ],
15 silly audit   isexe: [ '2.0.0' ],
15 silly audit   'iso-639-1': [ '3.1.5' ],
15 silly audit   jackspeak: [ '3.4.3' ],
15 silly audit   'jest-worker': [ '27.5.1' ],
15 silly audit   jiti: [ '1.21.7' ],
15 silly audit   'js-tokens': [ '4.0.0' ],
15 silly audit   jsesc: [ '3.1.0' ],
15 silly audit   'json-parse-even-better-errors': [ '2.3.1' ],
15 silly audit   json5: [ '2.2.3' ],
15 silly audit   jspdf: [ '3.0.0' ],
15 silly audit   kareem: [ '2.6.3' ],
15 silly audit   'libphonenumber-js': [ '1.12.4' ],
15 silly audit   lilconfig: [ '3.1.3' ],
15 silly audit   'lines-and-columns': [ '1.2.4' ],
15 silly audit   'loader-runner': [ '4.3.0' ],
15 silly audit   'loader-utils': [ '2.0.4' ],
15 silly audit   lodash: [ '4.17.21' ],
15 silly audit   'lodash-es': [ '4.17.21' ],
15 silly audit   'lodash.debounce': [ '4.0.8' ],
15 silly audit   'lodash.memoize': [ '4.1.2' ],
15 silly audit   'lodash.reduce': [ '4.6.0' ],
15 silly audit   'lodash.startswith': [ '4.2.1' ],
15 silly audit   'loose-envify': [ '1.4.0' ],
15 silly audit   'lru-cache': [ '10.4.3' ],
15 silly audit   'lucide-react': [ '0.469.0' ],
15 silly audit   luxon: [ '3.5.0' ],
15 silly audit   'make-cancellable-promise': [ '1.3.2' ],
15 silly audit   'make-error': [ '1.3.6' ],
15 silly audit   'make-event-props': [ '1.6.2' ],
15 silly audit   'map-age-cleaner': [ '0.1.3' ],
15 silly audit   'material-ripple-effects': [ '2.0.1' ],
15 silly audit   'math-intrinsics': [ '1.1.0' ],
15 silly audit   mem: [ '8.1.1' ],
15 silly audit   'memoize-one': [ '6.0.0', '5.2.1' ],
15 silly audit   'memory-pager': [ '1.5.0' ],
15 silly audit   'merge-class-names': [ '1.4.2' ],
15 silly audit   'merge-refs': [ '1.3.0' ],
15 silly audit   'merge-stream': [ '2.0.0' ],
15 silly audit   merge2: [ '1.4.1' ],
15 silly audit   micromatch: [ '4.0.8' ],
15 silly audit   'mime-db': [ '1.52.0' ],
15 silly audit   'mime-types': [ '2.1.35' ],
15 silly audit   'mimic-fn': [ '3.1.0' ],
15 silly audit   'mimic-response': [ '3.1.0' ],
15 silly audit   minimatch: [ '9.0.5', '3.1.2' ],
15 silly audit   minimist: [ '1.2.8' ],
15 silly audit   minipass: [ '7.1.2' ],
15 silly audit   'mkdirp-classic': [ '0.5.3' ],
15 silly audit   moment: [ '2.30.1' ],
15 silly audit   'moment-timezone': [ '0.5.47' ],
15 silly audit   mongodb: [ '6.13.1' ],
15 silly audit   'mongodb-connection-string-url': [ '3.0.2' ],
15 silly audit   mongoose: [ '8.11.0' ],
15 silly audit   'motion-dom': [ '11.18.1' ],
15 silly audit   'motion-utils': [ '11.18.1' ],
15 silly audit   mpath: [ '0.9.0' ],
15 silly audit   mquery: [ '5.0.0' ],
15 silly audit   ms: [ '2.1.3' ],
15 silly audit   mz: [ '2.7.0' ],
15 silly audit   nanoid: [ '3.3.8' ],
15 silly audit   'napi-build-utils': [ '2.0.0' ],
15 silly audit   'neo-async': [ '2.6.2' ],
15 silly audit   next: [ '14.2.13' ],
15 silly audit   postcss: [ '8.4.31', '8.5.3' ],
15 silly audit   'node-abi': [ '3.75.0' ],
15 silly audit   'node-addon-api': [ '7.1.1' ],
15 silly audit   'node-releases': [ '2.0.19' ],
15 silly audit   'normalize-path': [ '3.0.0' ],
15 silly audit   'normalize-range': [ '0.1.2' ],
15 silly audit   'nth-check': [ '2.1.1' ],
15 silly audit   'object-assign': [ '4.1.1' ],
15 silly audit   'object-hash': [ '3.0.0' ],
15 silly audit   'object-inspect': [ '1.13.4' ],
15 silly audit   once: [ '1.4.0' ],
15 silly audit   'p-defer': [ '1.0.0' ],
15 silly audit   'package-json-from-dist': [ '1.0.1' ],
15 silly audit   'parent-module': [ '1.0.1' ],
15 silly audit   'parse-json': [ '5.2.0' ],
15 silly audit   'path-is-absolute': [ '1.0.1' ],
15 silly audit   'path-key': [ '3.1.1' ],
15 silly audit   'path-parse': [ '1.0.7' ],
15 silly audit   'path-scurry': [ '1.11.1' ],
15 silly audit   'path-type': [ '4.0.0' ],
15 silly audit   'perfect-freehand': [ '1.2.2' ],
15 silly audit   'performance-now': [ '2.1.0' ],
15 silly audit   picocolors: [ '1.1.1' ],
15 silly audit   picomatch: [ '2.3.1' ],
15 silly audit   pify: [ '2.3.0' ],
15 silly audit   pirates: [ '4.0.6' ],
15 silly audit   popmotion: [ '11.0.3' ],
15 silly audit   'postcss-import': [ '15.1.0' ],
15 silly audit   'postcss-js': [ '4.0.1' ],
15 silly audit   'postcss-load-config': [ '4.0.2' ],
15 silly audit   yaml: [ '2.7.0', '1.10.2' ],
15 silly audit   'postcss-nested': [ '6.2.0' ],
15 silly audit   'postcss-selector-parser': [ '6.1.2' ],
15 silly audit   'postcss-value-parser': [ '4.2.0' ],
15 silly audit   preact: [ '10.12.1' ],
15 silly audit   'prebuild-install': [ '7.1.3' ],
15 silly audit   'prop-types': [ '15.8.1' ],
15 silly audit   'proxy-compare': [ '3.0.1' ],
15 silly audit   'proxy-from-env': [ '1.1.0' ],
15 silly audit   'proxy-memoize': [ '3.0.1' ],
15 silly audit   pump: [ '3.0.2' ],
15 silly audit   punycode: [ '2.3.1' ],
15 silly audit   qs: [ '6.14.0' ],
15 silly audit   'queue-microtask': [ '1.2.3' ],
15 silly audit   raf: [ '3.4.1' ],
15 silly audit   randombytes: [ '2.1.0' ],
15 silly audit   rc: [ '1.2.8' ],
15 silly audit   'react-big-calendar': [ '1.18.0' ],
15 silly audit   'react-calendar': [ '5.1.0' ],
15 silly audit   'react-chartjs-2': [ '4.3.1' ],
15 silly audit   'react-circular-progressbar': [ '2.2.0' ],
15 silly audit   'react-clock': [ '5.1.0' ],
15 silly audit   'react-country-region-selector': [ '4.0.2' ],
15 silly audit   'react-date-picker': [ '11.0.0' ],
15 silly audit   'react-date-range': [ '2.0.1' ],
15 silly audit   'react-datepicker': [ '7.6.0' ],
15 silly audit   'react-fast-compare': [ '3.2.2' ],
15 silly audit   'react-fit': [ '2.0.1' ],
15 silly audit   'react-icons': [ '5.5.0' ],
15 silly audit   'react-is': [ '16.13.1', '18.3.1', '17.0.2' ],
15 silly audit   'react-lifecycles-compat': [ '3.0.4' ],
15 silly audit   'react-list': [ '0.8.18' ],
15 silly audit   'react-modal': [ '3.16.3' ],
15 silly audit   'react-overlays': [ '5.2.1' ],
15 silly audit   'react-pdf': [ '5.7.2' ],
15 silly audit   'react-phone-input-2': [ '2.15.1' ],
15 silly audit   'react-phone-number-input': [ '3.4.12' ],
15 silly audit   'react-popper': [ '2.3.0' ],
15 silly audit   'react-router': [ '6.30.0' ],
15 silly audit   'react-router-dom': [ '6.30.0' ],
15 silly audit   'react-select': [ '5.10.0' ],
15 silly audit   'react-smooth': [ '4.0.4' ],
15 silly audit   'react-textarea-autosize': [ '8.5.7' ],
15 silly audit   'react-time-picker': [ '7.0.0' ],
15 silly audit   'react-timezone-select': [ '3.2.8' ],
15 silly audit   'react-toastify': [ '11.0.5' ],
15 silly audit   'react-transition-group': [ '4.4.5' ],
15 silly audit   'react-use-set': [ '1.0.0' ],
15 silly audit   'react-window': [ '1.8.11' ],
15 silly audit   'react-world-flags': [ '1.6.0' ],
15 silly audit   'read-cache': [ '1.0.0' ],
15 silly audit   'readable-stream': [ '3.6.2' ],
15 silly audit   readdirp: [ '3.6.0' ],
15 silly audit   'readline-sync': [ '1.4.10' ],
15 silly audit   recharts: [ '2.15.1' ],
15 silly audit   'recharts-scale': [ '0.4.5' ],
15 silly audit   rechoir: [ '0.6.2' ],
15 silly audit   'require-from-string': [ '2.0.2' ],
15 silly audit   resolve: [ '1.22.10' ],
15 silly audit   'resolve-from': [ '4.0.0' ],
15 silly audit   reusify: [ '1.1.0' ],
15 silly audit   rgbcolor: [ '1.0.1' ],
15 silly audit   rsuite: [ '5.78.0' ],
15 silly audit   'rsuite-table': [ '5.19.1' ],
15 silly audit   'run-parallel': [ '1.2.0' ],
15 silly audit   'safe-buffer': [ '5.2.1' ],
15 silly audit   scheduler: [ '0.23.2' ],
15 silly audit   'schema-typed': [ '2.3.0' ],
15 silly audit   'schema-utils': [ '3.3.0', '4.3.0' ],
15 silly audit   'scroll-into-view-if-needed': [ '3.0.10' ],
15 silly audit   semver: [ '7.7.2' ],
15 silly audit   'serialize-javascript': [ '6.0.2' ],
15 silly audit   'shallow-equal': [ '1.2.1' ],
15 silly audit   'shebang-command': [ '2.0.0' ],
15 silly audit   'shebang-regex': [ '3.0.0' ],
15 silly audit   shelljs: [ '0.8.5' ],
15 silly audit   'side-channel': [ '1.1.0' ],
15 silly audit   'side-channel-list': [ '1.0.0' ],
15 silly audit   'side-channel-map': [ '1.0.1' ],
15 silly audit   'side-channel-weakmap': [ '1.0.2' ],
15 silly audit   sift: [ '17.1.3' ],
15 silly audit   'signal-exit': [ '4.1.0' ],
15 silly audit   'simple-concat': [ '1.0.1' ],
15 silly audit   'simple-get': [ '4.0.1' ],
15 silly audit   'simple-swizzle': [ '0.2.2' ],
15 silly audit   'socket.io-client': [ '4.8.1' ],
15 silly audit   'socket.io-parser': [ '4.2.4' ],
15 silly audit   'source-map': [ '0.5.7', '0.6.1' ],
15 silly audit   'source-map-js': [ '1.2.1' ],
15 silly audit   'source-map-support': [ '0.5.21' ],
15 silly audit   spacetime: [ '7.7.0' ],
15 silly audit   'sparse-bitfield': [ '3.0.3' ],
15 silly audit   'stackblur-canvas': [ '2.7.0' ],
15 silly audit   streamsearch: [ '1.1.0' ],
15 silly audit   string_decoder: [ '1.3.0' ],
15 silly audit   'string-width': [ '5.1.2', '4.2.3' ],
15 silly audit   'strip-ansi': [ '6.0.1', '7.1.0' ],
15 silly audit   'strip-json-comments': [ '2.0.1' ],
15 silly audit   stripe: [ '17.7.0' ],
15 silly audit   'style-value-types': [ '5.0.0' ],
15 silly audit   'styled-jsx': [ '5.1.1' ],
15 silly audit   stylis: [ '4.2.0' ],
15 silly audit   sucrase: [ '3.35.0' ],
15 silly audit   'supports-color': [ '8.1.1' ],
15 silly audit   'supports-preserve-symlinks-flag': [ '1.0.0' ],
15 silly audit   'svg-country-flags': [ '1.2.10' ],
15 silly audit   'svg-pathdata': [ '6.0.3' ],
15 silly audit   svgo: [ '3.3.2' ],
15 silly audit   sweetalert2: [ '11.26.25' ],
15 silly audit   tabbable: [ '6.2.0' ],
15 silly audit   'tailwind-scrollbar': [ '3.1.0' ],
15 silly audit   'tailwind-variants': [ '0.1.20' ],
15 silly audit   tailwindcss: [ '3.4.17' ],
15 silly audit   'tailwindcss-animate': [ '1.0.7' ],
15 silly audit   tapable: [ '2.2.1' ],
15 silly audit   'tar-fs': [ '2.1.3' ],
15 silly audit   'tar-stream': [ '2.2.0' ],
15 silly audit   terser: [ '5.39.0' ],
15 silly audit   'terser-webpack-plugin': [ '5.3.12' ],
15 silly audit   'text-segmentation': [ '1.0.3' ],
15 silly audit   thenify: [ '3.3.1' ],
15 silly audit   'thenify-all': [ '1.6.0' ],
15 silly audit   'timezone-soft': [ '1.5.2' ],
15 silly audit   'tiny-invariant': [ '1.3.3' ],
15 silly audit   'tiny-warning': [ '1.0.3' ],
15 silly audit   'to-regex-range': [ '5.0.1' ],
15 silly audit   tr46: [ '5.0.0' ],
15 silly audit   'ts-interface-checker': [ '0.1.13' ],
15 silly audit   'ts-node': [ '10.9.2' ],
15 silly audit   tslib: [ '2.8.1' ],
15 silly audit   'tunnel-agent': [ '0.6.0' ],
15 silly audit   'tw-elements-react': [ '1.0.0-alpha-end' ],
15 silly audit   typescript: [ '5.7.3' ],
15 silly audit   uncontrollable: [ '7.2.1' ],
15 silly audit   'undici-types': [ '6.19.8' ],
15 silly audit   'update-browserslist-db': [ '1.1.3' ],
15 silly audit   'update-input-width': [ '1.4.2' ],
15 silly audit   uqr: [ '0.1.2' ],
15 silly audit   'uri-js': [ '4.4.1' ],
15 silly audit   'use-composed-ref': [ '1.4.0' ],
15 silly audit   'use-isomorphic-layout-effect': [ '1.2.0' ],
15 silly audit   'use-latest': [ '1.3.0' ],
15 silly audit   'use-sync-external-store': [ '1.5.0' ],
15 silly audit   'util-deprecate': [ '1.0.2' ],
15 silly audit   utrie: [ '1.0.2' ],
15 silly audit   uuid: [ '11.1.0' ],
15 silly audit   'v8-compile-cache-lib': [ '3.0.1' ],
15 silly audit   'victory-vendor': [ '36.9.2' ],
15 silly audit   warning: [ '4.0.3' ],
15 silly audit   watchpack: [ '2.4.2' ],
15 silly audit   'wavesurfer.js': [ '7.12.10' ],
15 silly audit   'web-streams-polyfill': [ '3.3.3' ],
15 silly audit   'webidl-conversions': [ '7.0.0' ],
15 silly audit   webpack: [ '5.98.0' ],
15 silly audit   'webpack-sources': [ '3.2.3' ],
15 silly audit   'whatwg-url': [ '14.1.1' ],
15 silly audit   which: [ '2.0.2' ],
15 silly audit   'whisper-node': [ '1.1.1' ],
15 silly audit   'world-countries': [ '5.1.0' ],
15 silly audit   'wrap-ansi': [ '8.1.0', '7.0.0' ],
15 silly audit   wrappy: [ '1.0.2' ],
15 silly audit   ws: [ '8.17.1' ],
15 silly audit   'xmlhttprequest-ssl': [ '2.1.2' ],
15 silly audit   yn: [ '3.1.1' ]
15 silly audit }
16 verbose reify failed optional dependency D:\Projects\BlackstoneAcademy\ALF-FrontEnd\Alfurqan_Dashboard\node_modules\fsevents
17 silly reify mark deleted [
17 silly reify   'D:\\Projects\\BlackstoneAcademy\\ALF-FrontEnd\\Alfurqan_Dashboard\\node_modules\\fsevents'
17 silly reify ]
18 verbose reify failed optional dependency D:\Projects\BlackstoneAcademy\ALF-FrontEnd\Alfurqan_Dashboard\node_modules\@next\swc-win32-ia32-msvc
19 silly reify mark deleted [
19 silly reify   'D:\\Projects\\BlackstoneAcademy\\ALF-FrontEnd\\Alfurqan_Dashboard\\node_modules\\@next\\swc-win32-ia32-msvc'
19 silly reify ]
20 verbose reify failed optional dependency D:\Projects\BlackstoneAcademy\ALF-FrontEnd\Alfurqan_Dashboard\node_modules\@next\swc-win32-arm64-msvc
21 silly reify mark deleted [
21 silly reify   'D:\\Projects\\BlackstoneAcademy\\ALF-FrontEnd\\Alfurqan_Dashboard\\node_modules\\@next\\swc-win32-arm64-msvc'
21 silly reify ]
22 verbose reify failed optional dependency D:\Projects\BlackstoneAcademy\ALF-FrontEnd\Alfurqan_Dashboard\node_modules\@next\swc-linux-x64-musl
23 silly reify mark deleted [
23 silly reify   'D:\\Projects\\BlackstoneAcademy\\ALF-FrontEnd\\Alfurqan_Dashboard\\node_modules\\@next\\swc-linux-x64-musl'
23 silly reify ]
24 verbose reify failed optional dependency D:\Projects\BlackstoneAcademy\ALF-FrontEnd\Alfurqan_Dashboard\node_modules\@next\swc-linux-x64-gnu
25 silly reify mark deleted [
25 silly reify   'D:\\Projects\\BlackstoneAcademy\\ALF-FrontEnd\\Alfurqan_Dashboard\\node_modules\\@next\\swc-linux-x64-gnu'
25 silly reify ]
26 verbose reify failed optional dependency D:\Projects\BlackstoneAcademy\ALF-FrontEnd\Alfurqan_Dashboard\node_modules\@next\swc-linux-arm64-musl
27 silly reify mark deleted [
27 silly reify   'D:\\Projects\\BlackstoneAcademy\\ALF-FrontEnd\\Alfurqan_Dashboard\\node_modules\\@next\\swc-linux-arm64-musl'
27 silly reify ]
28 verbose reify failed optional dependency D:\Projects\BlackstoneAcademy\ALF-FrontEnd\Alfurqan_Dashboard\node_modules\@next\swc-linux-arm64-gnu
29 silly reify mark deleted [
29 silly reify   'D:\\Projects\\BlackstoneAcademy\\ALF-FrontEnd\\Alfurqan_Dashboard\\node_modules\\@next\\swc-linux-arm64-gnu'
29 silly reify ]
30 verbose reify failed optional dependency D:\Projects\BlackstoneAcademy\ALF-FrontEnd\Alfurqan_Dashboard\node_modules\@next\swc-darwin-x64
31 silly reify mark deleted [
31 silly reify   'D:\\Projects\\BlackstoneAcademy\\ALF-FrontEnd\\Alfurqan_Dashboard\\node_modules\\@next\\swc-darwin-x64'
31 silly reify ]
32 verbose reify failed optional dependency D:\Projects\BlackstoneAcademy\ALF-FrontEnd\Alfurqan_Dashboard\node_modules\@next\swc-darwin-arm64
33 silly reify mark deleted [
33 silly reify   'D:\\Projects\\BlackstoneAcademy\\ALF-FrontEnd\\Alfurqan_Dashboard\\node_modules\\@next\\swc-darwin-arm64'
33 silly reify ]
34 http fetch POST 200 https://registry.npmjs.org/-/npm/v1/security/advisories/bulk 1129ms
35 silly audit report {
35 silly audit report   '@babel/runtime': [
35 silly audit report     {
35 silly audit report       id: 1104000,
35 silly audit report       url: 'https://github.com/advisories/GHSA-968p-4wvh-cqc8',
35 silly audit report       title: 'Babel has inefficient RegExp complexity in generated code with .replace when transpiling named capturing groups',
35 silly audit report       severity: 'moderate',
35 silly audit report       vulnerable_versions: '<7.26.10',
35 silly audit report       cwe: [Array],
35 silly audit report       cvss: [Object]
35 silly audit report     }
35 silly audit report   ],
35 silly audit report   '@remix-run/router': [
35 silly audit report     {
35 silly audit report       id: 1112052,
35 silly audit report       url: 'https://github.com/advisories/GHSA-2w69-qvjg-hvjx',
35 silly audit report       title: 'React Router vulnerable to XSS via Open Redirects',
35 silly audit report       severity: 'high',
35 silly audit report       vulnerable_versions: '<=1.23.1',
35 silly audit report       cwe: [Array],
35 silly audit report       cvss: [Object]
35 silly audit report     }
35 silly audit report   ],
35 silly audit report   'pdfjs-dist': [
35 silly audit report     {
35 silly audit report       id: 1118732,
35 silly audit report       url: 'https://github.com/advisories/GHSA-wgrm-67xf-hhpq',
35 silly audit report       title: 'PDF.js vulnerable to arbitrary JavaScript execution upon opening a malicious PDF',
35 silly audit report       severity: 'high',
35 silly audit report       vulnerable_versions: '<=4.1.392',
35 silly audit report       cwe: [Array],
35 silly audit report       cvss: [Object]
35 silly audit report     }
35 silly audit report   ],
35 silly audit report   '@zag-js/core': [
35 silly audit report     {
35 silly audit report       id: 1103310,
35 silly audit report       url: 'https://github.com/advisories/GHSA-fg4m-w35q-vfg2',
35 silly audit report       title: '@zag-js/core prototype pollution',
35 silly audit report       severity: 'high',
35 silly audit report       vulnerable_versions: '<0.82.2',
35 silly audit report       cwe: [Array],
35 silly audit report       cvss: [Object]
35 silly audit report     }
35 silly audit report   ],
35 silly audit report   ajv: [
35 silly audit report     {
35 silly audit report       id: 1113714,
35 silly audit report       url: 'https://github.com/advisories/GHSA-2g4f-4pwh-qvx6',
35 silly audit report       title: 'ajv has ReDoS when using `$data` option',
35 silly audit report       severity: 'moderate',
35 silly audit report       vulnerable_versions: '<6.14.0',
35 silly audit report       cwe: [Array],
35 silly audit report       cvss: [Object]
35 silly audit report     },
35 silly audit report     {
35 silly audit report       id: 1113715,
35 silly audit report       url: 'https://github.com/advisories/GHSA-2g4f-4pwh-qvx6',
35 silly audit report       title: 'ajv has ReDoS when using `$data` option',
35 silly audit report       severity: 'moderate',
35 silly audit report       vulnerable_versions: '>=7.0.0-alpha.0 <8.18.0',
35 silly audit report       cwe: [Array],
35 silly audit report       cvss: [Object]
35 silly audit report     }
35 silly audit report   ],
35 silly audit report   axios: [
35 silly audit report     {
35 silly audit report       id: 1111035,
35 silly audit report       url: 'https://github.com/advisories/GHSA-jr5f-v2jv-69x6',
35 silly audit report       title: 'axios Requests Vulnerable To Possible SSRF and Credential Leakage via Absolute URL',
35 silly audit report       severity: 'high',
35 silly audit report       vulnerable_versions: '>=1.0.0 <1.8.2',
35 silly audit report       cwe: [Array],
35 silly audit report       cvss: [Object]
35 silly audit report     },
35 silly audit report     {
35 silly audit report       id: 1118607,
35 silly audit report       url: 'https://github.com/advisories/GHSA-q8qp-cvcw-x6jj',
35 silly audit report       title: 'Axios has prototype pollution read-side gadgets in HTTP adapter that allow credential injection and request hijacking',
35 silly audit report       severity: 'high',
35 silly audit report       vulnerable_versions: '>=1.0.0 <1.15.2',
35 silly audit report       cwe: [Array],
35 silly audit report       cvss: [Object]
35 silly audit report     },
35 silly audit report     {
35 silly audit report       id: 1112195,
35 silly audit report       url: 'https://github.com/advisories/GHSA-4hjh-wcwx-xvwj',
35 silly audit report       title: 'Axios is vulnerable to DoS attack through lack of data size check',
35 silly audit report       severity: 'high',
35 silly audit report       vulnerable_versions: '>=1.0.0 <1.12.0',
35 silly audit report       cwe: [Array],
35 silly audit report       cvss: [Object]
35 silly audit report     },
35 silly audit report     {
35 silly audit report       id: 1119404,
35 silly audit report       url: 'https://github.com/advisories/GHSA-fvcv-3m26-pcqx',
35 silly audit report       title: 'Axios has Unrestricted Cloud Metadata Exfiltration via Header Injection Chain',
35 silly audit report       severity: 'moderate',
35 silly audit report       vulnerable_versions: '>=1.0.0 <1.15.0',
35 silly audit report       cwe: [Array],
35 silly audit report       cvss: [Object]
35 silly audit report     },
35 silly audit report     {
35 silly audit report       id: 1120125,
35 silly audit report       url: 'https://github.com/advisories/GHSA-62hf-57xw-28j9',
35 silly audit report       title: 'Axios: unbounded recursion in toFormData causes DoS via deeply nested request data',
35 silly audit report       severity: 'moderate',
35 silly audit report       vulnerable_versions: '>=1.0.0 <1.15.1',
35 silly audit report       cwe: [Array],
35 silly audit report       cvss: [Object]
35 silly audit report     },
35 silly audit report     {
35 silly audit report       id: 1120547,
35 silly audit report       url: 'https://github.com/advisories/GHSA-hfxv-24rg-xrqf',
35 silly audit report       title: 'Axios: Regular Expression Denial of Service (ReDoS) via Cookie Name Injection',
35 silly audit report       severity: 'high',
35 silly audit report       vulnerable_versions: '>=1.0.0 <1.16.0',
35 silly audit report       cwe: [Array],
35 silly audit report       cvss: [Object]
35 silly audit report     },
35 silly audit report     {
35 silly audit report       id: 1120643,
35 silly audit report       url: 'https://github.com/advisories/GHSA-777c-7fjr-54vf',
35 silly audit report       title: 'Allocation of Resources Without Limits or Throttling in Axios',
35 silly audit report       severity: 'high',
35 silly audit report       vulnerable_versions: '>=1.7.0 <1.16.0',
35 silly audit report       cwe: [Array],
35 silly audit report       cvss: [Object]
35 silly audit report     },
35 silly audit report     {
35 silly audit report       id: 1120645,
35 silly audit report       url: 'https://github.com/advisories/GHSA-p92q-9vqr-4j8v',
35 silly audit report       title: 'Axios: Proxy-Authorization Credential Leak to Origin Server Across HTTP-to-HTTPS Redirect in Axios Node.js HTTP Adapter',
35 silly audit report       severity: 'high',
35 silly audit report       vulnerable_versions: '>=1.0.0 <1.16.0',
35 silly audit report       cwe: [Array],
35 silly audit report       cvss: [Object]
35 silly audit report     },
35 silly audit report     {
35 silly audit report       id: 1120647,
35 silly audit report       url: 'https://github.com/advisories/GHSA-j5f8-grm9-p9fc',
35 silly audit report       title: 'Axios: Proxy-Authorization header leaks to redirect target when proxy is re-evaluated to direct connection',
35 silly audit report       severity: 'high',
35 silly audit report       vulnerable_versions: '>=1.0.0 <1.16.0',
35 silly audit report       cwe: [Array],
35 silly audit report       cvss: [Object]
35 silly audit report     },
35 silly audit report     {
35 silly audit report       id: 1120649,
35 silly audit report       url: 'https://github.com/advisories/GHSA-3g43-6gmg-66jw',
35 silly audit report       title: 'axios Vulnerable to Credential Theft and Response Hijacking via Prototype Pollution Gadget in Config Merge',
35 silly audit report       severity: 'high',
35 silly audit report       vulnerable_versions: '>=1.0.0 <1.15.2',
35 silly audit report       cwe: [Array],
35 silly audit report       cvss: [Object]
35 silly audit report     },
35 silly audit report     {
35 silly audit report       id: 1120650,
35 silly audit report       url: 'https://github.com/advisories/GHSA-35jp-ww65-95wh',
35 silly audit report       title: 'axios Vulnerable to Full Man-in-the-Middle via Prototype Pollution Gadget in `config.proxy`',
35 silly audit report       severity: 'high',
35 silly audit report       vulnerable_versions: '>=1.0.0 <1.16.0',
35 silly audit report       cwe: [Array],
35 silly audit report       cvss: [Object]
35 silly audit report     },
35 silly audit report     {
35 silly audit report       id: 1120652,
35 silly audit report       url: 'https://github.com/advisories/GHSA-898c-q2cr-xwhg',
35 silly audit report       title: 'axios has DoS & Header Injection via Prototype Pollution Read-Side Gadgets in axios merge functions',
35 silly audit report       severity: 'moderate',
35 silly audit report       vulnerable_versions: '>=1.0.0 <1.16.0',
35 silly audit report       cwe: [Array],
35 silly audit report       cvss: [Object]
35 silly audit report     },
35 silly audit report     {
35 silly audit report       id: 1116673,
35 silly audit report       url: 'https://github.com/advisories/GHSA-3p68-rc4w-qgx5',
35 silly audit report       title: 'Axios has a NO_PROXY Hostname Normalization Bypass that Leads to SSRF',
35 silly audit report       severity: 'moderate',
35 silly audit report       vulnerable_versions: '>=1.0.0 <1.15.0',
35 silly audit report       cwe: [Array],
35 silly audit report       cvss: [Object]
35 silly audit report     },
35 silly audit report     {
35 silly audit report       id: 1117574,
35 silly audit report       url: 'https://github.com/advisories/GHSA-w9j2-pvgh-6h63',
35 silly audit report       title: 'Axios: Authentication Bypass via Prototype Pollution Gadget in `validateStatus` Merge Strategy',
35 silly audit report       severity: 'moderate',
35 silly audit report       vulnerable_versions: '>=1.0.0 <1.15.1',
35 silly audit report       cwe: [Array],
35 silly audit report       cvss: [Object]
35 silly audit report     },
35 silly audit report     {
35 silly audit report       id: 1117576,
35 silly audit report       url: 'https://github.com/advisories/GHSA-pmwg-cvhr-8vh7',
35 silly audit report       title: 'Axios: Incomplete Fix for CVE-2025-62718 — NO_PROXY Protection Bypassed via RFC 1122 Loopback Subnet (127.0.0.0/8) in Axios 1.15.0',
35 silly audit report       severity: 'high',
35 silly audit report       vulnerable_versions: '>=1.0.0 <1.15.1',
35 silly audit report       cwe: [Array],
35 silly audit report       cvss: [Object]
35 silly audit report     },
35 silly audit report     {
35 silly audit report       id: 1117577,
35 silly audit report       url: 'https://github.com/advisories/GHSA-3w6x-2g7m-8v23',
35 silly audit report       title: 'Axios: Invisible JSON Response Tampering via Prototype Pollution Gadget in `parseReviver`',
35 silly audit report       severity: 'moderate',
35 silly audit report       vulnerable_versions: '>=1.0.0 <1.15.2',
35 silly audit report       cwe: [Array],
35 silly audit report       cvss: [Object]
35 silly audit report     },
35 silly audit report     {
35 silly audit report       id: 1117580,
35 silly audit report       url: 'https://github.com/advisories/GHSA-xhjh-pmcv-23jw',
35 silly audit report       title: 'Axios: Null Byte Injection via Reverse-Encoding in AxiosURLSearchParams',
35 silly audit report       severity: 'low',
35 silly audit report       vulnerable_versions: '>=1.0.0 <1.15.1',
35 silly audit report       cwe: [Array],
35 silly audit report       cvss: [Object]
35 silly audit report     },
35 silly audit report     {
35 silly audit report       id: 1117581,
35 silly audit report       url: 'https://github.com/advisories/GHSA-445q-vr5w-6q77',
35 silly audit report       title: 'Axios: CRLF Injection in multipart/form-data body via unsanitized blob.type in formDataToStream',
35 silly audit report       severity: 'moderate',
35 silly audit report       vulnerable_versions: '>=1.0.0 <1.15.1',
35 silly audit report       cwe: [Array],
35 silly audit report       cvss: [Object]
35 silly audit report     },
35 silly audit report     {
35 silly audit report       id: 1117583,
35 silly audit report       url: 'https://github.com/advisories/GHSA-m7pr-hjqh-92cm',
35 silly audit report       title: 'Axios: no_proxy bypass via IP alias allows SSRF',
35 silly audit report       severity: 'moderate',
35 silly audit report       vulnerable_versions: '>=1.0.0 <1.15.1',
35 silly audit report       cwe: [Array],
35 silly audit report       cvss: [Object]
35 silly audit report     },
35 silly audit report     {
35 silly audit report       id: 1117587,
35 silly audit report       url: 'https://github.com/advisories/GHSA-5c9x-8gcm-mpgx',
35 silly audit report       title: "Axios' HTTP adapter-streamed uploads bypass maxBodyLength when maxRedirects: 0",
35 silly audit report       severity: 'moderate',
35 silly audit report       vulnerable_versions: '>=1.0.0 <1.15.1',
35 silly audit report       cwe: [Array],
35 silly audit report       cvss: [Object]
35 silly audit report     },
35 silly audit report     {
35 silly audit report       id: 1117589,
35 silly audit report       url: 'https://github.com/advisories/GHSA-vf2m-468p-8v99',
35 silly audit report       title: 'Axios: HTTP adapter streamed responses bypass maxContentLength',
35 silly audit report       severity: 'moderate',
35 silly audit report       vulnerable_versions: '>=1.0.0 <1.15.1',
35 silly audit report       cwe: [Array],
35 silly audit report       cvss: [Object]
35 silly audit report     },
35 silly audit report     {
35 silly audit report       id: 1117591,
35 silly audit report       url: 'https://github.com/advisories/GHSA-pf86-5x62-jrwf',
35 silly audit report       title: 'Axios: Prototype Pollution Gadgets - Response Tampering, Data Exfiltration, and Request Hijacking',
35 silly audit report       severity: 'high',
35 silly audit report       vulnerable_versions: '>=1.0.0 <1.15.1',
35 silly audit report       cwe: [Array],
35 silly audit report       cvss: [Object]
35 silly audit report     },
35 silly audit report     {
35 silly audit report       id: 1117593,
35 silly audit report       url: 'https://github.com/advisories/GHSA-6chq-wfr3-2hj9',
35 silly audit report       title: 'Axios: Header Injection via Prototype Pollution',
35 silly audit report       severity: 'high',
35 silly audit report       vulnerable_versions: '>=1.0.0 <1.15.1',
35 silly audit report       cwe: [Array],
35 silly audit report       cvss: [Object]
35 silly audit report     },
35 silly audit report     {
35 silly audit report       id: 1117595,
35 silly audit report       url: 'https://github.com/advisories/GHSA-xx6v-rp6x-q39c',
35 silly audit report       title: 'Axios: XSRF Token Cross-Origin Leakage via Prototype Pollution Gadget in `withXSRFToken` Boolean Coercion',
35 silly audit report       severity: 'moderate',
35 silly audit report       vulnerable_versions: '>=1.0.0 <1.15.1',
35 silly audit report       cwe: [Array],
35 silly audit report       cvss: [Object]
35 silly audit report     },
35 silly audit report     {
35 silly audit report       id: 1117858,
35 silly audit report       url: 'https://github.com/advisories/GHSA-43fc-jf86-j433',
35 silly audit report       title: 'Axios is Vulnerable to Denial of Service via __proto__ Key in mergeConfig',
35 silly audit report       severity: 'high',
35 silly audit report       vulnerable_versions: '>=1.0.0 <=1.13.4',
35 silly audit report       cwe: [Array],
35 silly audit report       cvss: [Object]
35 silly audit report     }
35 silly audit report   ],
35 silly audit report   'brace-expansion': [
35 silly audit report     {
35 silly audit report       id: 1105444,
35 silly audit report       url: 'https://github.com/advisories/GHSA-v6h2-p8h4-qcjw',
35 silly audit report       title: 'brace-expansion Regular Expression Denial of Service vulnerability',
35 silly audit report       severity: 'low',
35 silly audit report       vulnerable_versions: '>=2.0.0 <=2.0.1',
35 silly audit report       cwe: [Array],
35 silly audit report       cvss: [Object]
35 silly audit report     },
35 silly audit report     {
35 silly audit report       id: 1115540,
35 silly audit report       url: 'https://github.com/advisories/GHSA-f886-m6hf-6m8v',
35 silly audit report       title: 'brace-expansion: Zero-step sequence causes process hang and memory exhaustion',
35 silly audit report       severity: 'moderate',
35 silly audit report       vulnerable_versions: '<1.1.13',
35 silly audit report       cwe: [Array],
35 silly audit report       cvss: [Object]
35 silly audit report     },
35 silly audit report     {
35 silly audit report       id: 1115541,
35 silly audit report       url: 'https://github.com/advisories/GHSA-f886-m6hf-6m8v',
35 silly audit report       title: 'brace-expansion: Zero-step sequence causes process hang and memory exhaustion',
35 silly audit report       severity: 'moderate',
35 silly audit report       vulnerable_versions: '>=2.0.0 <2.0.3',
35 silly audit report       cwe: [Array],
35 silly audit report       cvss: [Object]
35 silly audit report     }
35 silly audit report   ],
35 silly audit report   canvg: [
35 silly audit report     {
35 silly audit report       id: 1103216,
35 silly audit report       url: 'https://github.com/advisories/GHSA-v2mw-5mch-w8c5',
35 silly audit report       title: 'canvg Prototype Pollution vulnerability',
35 silly audit report       severity: 'high',
35 silly audit report       vulnerable_versions: '<3.0.11',
35 silly audit report       cwe: [Array],
35 silly audit report       cvss: [Object]
35 silly audit report     }
35 silly audit report   ],
35 silly audit report   diff: [
35 silly audit report     {
35 silly audit report       id: 1112704,
35 silly audit report       url: 'https://github.com/advisories/GHSA-73rr-hh4g-fpgx',
35 silly audit report       title: 'jsdiff has a Denial of Service vulnerability in parsePatch and applyPatch',
35 silly audit report       severity: 'low',
35 silly audit report       vulnerable_versions: '>=4.0.0 <4.0.4',
35 silly audit report       cwe: [Array],
35 silly audit report       cvss: [Object]
35 silly audit report     }
35 silly audit report   ],
35 silly audit report   dompurify: [
35 silly audit report     {
35 silly audit report       id: 1113981,
35 silly audit report       url: 'https://github.com/advisories/GHSA-v8jm-5vwx-cfxm',
35 silly audit report       title: 'DOMPurify contains a Cross-site Scripting vulnerability',
35 silly audit report       severity: 'moderate',
35 silly audit report       vulnerable_versions: '>=3.1.3 <3.2.7',
35 silly audit report       cwe: [Array],
35 silly audit report       cvss: [Object]
35 silly audit report     },
35 silly audit report     {
35 silly audit report       id: 1120800,
35 silly audit report       url: 'https://github.com/advisories/GHSA-x4vx-rjvf-j5p4',
35 silly audit report       title: 'DOMPurify: `IN_PLACE` mode trusts attacker-controlled `nodeName` on live non-form nodes, allowing script retention and XSS via attacker-supplied DOM objects',
35 silly audit report       severity: 'low',
35 silly audit report       vulnerable_versions: '<=3.4.6',
35 silly audit report       cwe: [Array],
35 silly audit report       cvss: [Object]
35 silly audit report     },
35 silly audit report     {
35 silly audit report       id: 1120801,
35 silly audit report       url: 'https://github.com/advisories/GHSA-76mc-f452-cxcm',
35 silly audit report       title: 'DOMPurify: Hook mutation of `data.allowedTags` / `data.allowedAttributes` permanently pollutes `DEFAULT_ALLOWED_TAGS` / `DEFAULT_ALLOWED_ATTR`',
35 silly audit report       severity: 'moderate',
35 silly audit report       vulnerable_versions: '<3.4.7',
35 silly audit report       cwe: [Array],
35 silly audit report       cvss: [Object]
35 silly audit report     },
35 silly audit report     {
35 silly audit report       id: 1120802,
35 silly audit report       url: 'https://github.com/advisories/GHSA-hpcv-96wg-7vj8',
35 silly audit report       title: 'DOMPurify: Cross-realm IN_PLACE sanitization leaves executable markup intact via realm-bound `instanceof` checks',
35 silly audit report       severity: 'moderate',
35 silly audit report       vulnerable_versions: '<=3.4.5',
35 silly audit report       cwe: [Array],
35 silly audit report       cvss: [Object]
35 silly audit report     },
35 silly audit report     {
35 silly audit report       id: 1120803,
35 silly audit report       url: 'https://github.com/advisories/GHSA-r47g-fvhr-h676',
35 silly audit report       title: 'DOMPurify: IN_PLACE mode preserves attributes of a clobbered root element, allowing XSS via attacker-controlled root DOM',
35 silly audit report       severity: 'moderate',
35 silly audit report       vulnerable_versions: '<=3.4.5',
35 silly audit report       cwe: [Array],
35 silly audit report       cvss: [Object]
35 silly audit report     },
35 silly audit report     {
35 silly audit report       id: 1120805,
35 silly audit report       url: 'https://github.com/advisories/GHSA-vxr8-fq34-vvx9',
35 silly audit report       title: 'DOMPurify: Trusted Types policy survives `clearConfig()` and can poison later `RETURN_TRUSTED_TYPE` output',
35 silly audit report       severity: 'low',
35 silly audit report       vulnerable_versions: '<3.4.9',
35 silly audit report       cwe: [Array],
35 silly audit report       cvss: [Object]
35 silly audit report     },
35 silly audit report     {
35 silly audit report       id: 1120812,
35 silly audit report       url: 'https://github.com/advisories/GHSA-gvmj-g25r-r7wr',
35 silly audit report       title: 'DOMPurify: SAFE_FOR_TEMPLATES bypass - template expressions survive sanitization inside <template> content when using DOM output modes',
35 silly audit report       severity: 'low',
35 silly audit report       vulnerable_versions: '>=3.0.0 <=3.4.7',
35 silly audit report       cwe: [Array],
35 silly audit report       cvss: [Object]
35 silly audit report     },
35 silly audit report     {
35 silly audit report       id: 1120813,
35 silly audit report       url: 'https://github.com/advisories/GHSA-rp9w-3fw7-7cwq',
35 silly audit report       title: 'DOMPurify IN_PLACE Sanitization Bypass via Attached Shadow Root Inside <template>.content',
35 silly audit report       severity: 'moderate',
35 silly audit report       vulnerable_versions: '<=3.4.6',
35 silly audit report       cwe: [Array],
35 silly audit report       cvss: [Object]
35 silly audit report     },
35 silly audit report     {
35 silly audit report       id: 1121192,
35 silly audit report       url: 'https://github.com/advisories/GHSA-cmwh-pvxp-8882',
35 silly audit report       title: 'DOMPurify: Permanent `ALLOWED_ATTR` pollution via `setConfig()` bypassing the hook clone-guard (incomplete fix of the 3.4.7 hook-pollution patch)',
35 silly audit report       severity: 'moderate',
35 silly audit report       vulnerable_versions: '<=3.4.10',
35 silly audit report       cwe: [Array],
35 silly audit report       cvss: [Object]
35 silly audit report     },
35 silly audit report     {
35 silly audit report       id: 1115668,
35 silly audit report       url: 'https://github.com/advisories/GHSA-v2wj-7wpq-c8vv',
35 silly audit report       title: 'DOMPurify contains a Cross-site Scripting vulnerability',
35 silly audit report       severity: 'moderate',
35 silly audit report       vulnerable_versions: '>=3.1.3 <=3.3.1',
35 silly audit report       cwe: [Array],
35 silly audit report       cvss: [Object]
35 silly audit report     },
35 silly audit report     {
35 silly audit report       id: 1115921,
35 silly audit report       url: 'https://github.com/advisories/GHSA-cjmm-f4jc-qw8r',
35 silly audit report       title: 'DOMPurify ADD_ATTR predicate skips URI validation',
35 silly audit report       severity: 'moderate',
35 silly audit report       vulnerable_versions: '<=3.3.1',
35 silly audit report       cwe: [Array],
35 silly audit report       cvss: [Object]
35 silly audit report     },
35 silly audit report     {
35 silly audit report       id: 1115922,
35 silly audit report       url: 'https://github.com/advisories/GHSA-cj63-jhhr-wcxv',
35 silly audit report       title: 'DOMPurify USE_PROFILES prototype pollution allows event handlers',
35 silly audit report       severity: 'moderate',
35 silly audit report       vulnerable_versions: '<=3.3.1',
35 silly audit report       cwe: [Array],
35 silly audit report       cvss: [Object]
35 silly audit report     },
35 silly audit report     {
35 silly audit report       id: 1116663,
35 silly audit report       url: 'https://github.com/advisories/GHSA-39q2-94rc-95cp',
35 silly audit report       title: "DOMPurify's ADD_TAGS function form bypasses FORBID_TAGS due to short-circuit evaluation",
35 silly audit report       severity: 'moderate',
35 silly audit report       vulnerable_versions: '<=3.3.3',
35 silly audit report       cwe: [Array],
35 silly audit report       cvss: [Object]
35 silly audit report     },
35 silly audit report     {
35 silly audit report       id: 1117138,
35 silly audit report       url: 'https://github.com/advisories/GHSA-h7mw-gpvr-xq4m',
35 silly audit report       title: 'DOMPurify: FORBID_TAGS bypassed by function-based ADD_TAGS predicate (asymmetry with FORBID_ATTR fix)',
35 silly audit report       severity: 'moderate',
35 silly audit report       vulnerable_versions: '<3.4.0',
35 silly audit report       cwe: [Array],
35 silly audit report       cvss: [Object]
35 silly audit report     },
35 silly audit report     {
35 silly audit report       id: 1117139,
35 silly audit report       url: 'https://github.com/advisories/GHSA-crv5-9vww-q3g8',
35 silly audit report       title: 'DOMPurify has a SAFE_FOR_TEMPLATES bypass in RETURN_DOM mode',
35 silly audit report       severity: 'moderate',
35 silly audit report       vulnerable_versions: '>=1.0.10 <3.4.0',
35 silly audit report       cwe: [Array],
35 silly audit report       cvss: [Object]
35 silly audit report     },
35 silly audit report     {
35 silly audit report       id: 1117140,
35 silly audit report       url: 'https://github.com/advisories/GHSA-v9jr-rg53-9pgp',
35 silly audit report       title: 'DOMPurify: Prototype Pollution to XSS Bypass via CUSTOM_ELEMENT_HANDLING Fallback',
35 silly audit report       severity: 'moderate',
35 silly audit report       vulnerable_versions: '>=3.0.1 <3.4.0',
35 silly audit report       cwe: [Array],
35 silly audit report       cvss: [Object]
35 silly audit report     },
35 silly audit report     {
35 silly audit report       id: 1117795,
35 silly audit report       url: 'https://github.com/advisories/GHSA-h8r8-wccr-v5f2',
35 silly audit report       title: 'DOMPurify is vulnerable to mutation-XSS via Re-Contextualization ',
35 silly audit report       severity: 'moderate',
35 silly audit report       vulnerable_versions: '<3.3.2',
35 silly audit report       cwe: [Array],
35 silly audit report       cvss: [Object]
35 silly audit report     }
35 silly audit report   ],
35 silly audit report   'fast-uri': [
35 silly audit report     {
35 silly audit report       id: 1117884,
35 silly audit report       url: 'https://github.com/advisories/GHSA-v39h-62p7-jpjc',
35 silly audit report       title: 'fast-uri vulnerable to host confusion via percent-encoded authority delimiters',
35 silly audit report       severity: 'high',
35 silly audit report       vulnerable_versions: '<=3.1.1',
35 silly audit report       cwe: [Array],
35 silly audit report       cvss: [Object]
35 silly audit report     },
35 silly audit report     {
35 silly audit report       id: 1117870,
35 silly audit report       url: 'https://github.com/advisories/GHSA-q3j6-qgpj-74h6',
35 silly audit report       title: 'fast-uri vulnerable to path traversal via percent-encoded dot segments',
35 silly audit report       severity: 'high',
35 silly audit report       vulnerable_versions: '<=3.1.0',
35 silly audit report       cwe: [Array],
35 silly audit report       cvss: [Object]
35 silly audit report     }
35 silly audit report   ],
35 silly audit report   'follow-redirects': [
35 silly audit report     {
35 silly audit report       id: 1116560,
35 silly audit report       url: 'https://github.com/advisories/GHSA-r4q5-vmmm-2653',
35 silly audit report       title: 'follow-redirects leaks Custom Authentication Headers to Cross-Domain Redirect Targets',
35 silly audit report       severity: 'moderate',
35 silly audit report       vulnerable_versions: '<=1.15.11',
35 silly audit report       cwe: [Array],
35 silly audit report       cvss: [Object]
35 silly audit report     }
35 silly audit report   ],
35 silly audit report   'form-data': [
35 silly audit report     {
35 silly audit report       id: 1109538,
35 silly audit report       url: 'https://github.com/advisories/GHSA-fjxv-7rqg-78g4',
35 silly audit report       title: 'form-data uses unsafe random function in form-data for choosing boundary',
35 silly audit report       severity: 'critical',
35 silly audit report       vulnerable_versions: '>=4.0.0 <4.0.4',
35 silly audit report       cwe: [Array],
35 silly audit report       cvss: [Object]
35 silly audit report     },
35 silly audit report     {
35 silly audit report       id: 1120743,
35 silly audit report       url: 'https://github.com/advisories/GHSA-hmw2-7cc7-3qxx',
35 silly audit report       title: 'form-data: CRLF injection in form-data via unescaped multipart field names and filenames',
35 silly audit report       severity: 'high',
35 silly audit report       vulnerable_versions: '>=4.0.0 <4.0.6',
35 silly audit report       cwe: [Array],
35 silly audit report       cvss: [Object]
35 silly audit report     }
35 silly audit report   ],
35 silly audit report   glob: [
35 silly audit report     {
35 silly audit report       id: 1109842,
35 silly audit report       url: 'https://github.com/advisories/GHSA-5j98-mcp5-4vw2',
35 silly audit report       title: 'glob CLI: Command injection via -c/--cmd executes matches with shell:true',
35 silly audit report       severity: 'high',
35 silly audit report       vulnerable_versions: '>=10.2.0 <10.5.0',
35 silly audit report       cwe: [Array],
35 silly audit report       cvss: [Object]
35 silly audit report     }
35 silly audit report   ],
35 silly audit report   'html2pdf.js': [
35 silly audit report     {
35 silly audit report       id: 1112433,
35 silly audit report       url: 'https://github.com/advisories/GHSA-w8x4-x68c-m6fc',
35 silly audit report       title: 'html2pdf.js contains a cross-site scripting vulnerability',
35 silly audit report       severity: 'high',
35 silly audit report       vulnerable_versions: '<0.14.0',
35 silly audit report       cwe: [Array],
35 silly audit report       cvss: [Object]
35 silly audit report     }
35 silly audit report   ],
35 silly audit report   jspdf: [
35 silly audit report     {
35 silly audit report       id: 1103308,
35 silly audit report       url: 'https://github.com/advisories/GHSA-w532-jxjh-hjhj',
35 silly audit report       title: 'jsPDF Bypass Regular Expression Denial of Service (ReDoS)',
35 silly audit report       severity: 'high',
35 silly audit report       vulnerable_versions: '<3.0.1',
35 silly audit report       cwe: [Array],
35 silly audit report       cvss: [Object]
35 silly audit report     },
35 silly audit report     {
35 silly audit report       id: 1107412,
35 silly audit report       url: 'https://github.com/advisories/GHSA-8mvj-3j78-4qmw',
35 silly audit report       title: 'jsPDF Denial of Service (DoS)',
35 silly audit report       severity: 'high',
35 silly audit report       vulnerable_versions: '<=3.0.1',
35 silly audit report       cwe: [Array],
35 silly audit report       cvss: [Object]
35 silly audit report     },
35 silly audit report     {
35 silly audit report       id: 1112264,
35 silly audit report       url: 'https://github.com/advisories/GHSA-f8cm-6447-x5h2',
35 silly audit report       title: 'jsPDF has Local File Inclusion/Path Traversal vulnerability',
35 silly audit report       severity: 'critical',
35 silly audit report       vulnerable_versions: '<=3.0.4',
35 silly audit report       cwe: [Array],
35 silly audit report       cvss: [Object]
35 silly audit report     },
35 silly audit report     {
35 silly audit report       id: 1112801,
35 silly audit report       url: 'https://github.com/advisories/GHSA-pqxr-3g65-p328',
35 silly audit report       title: 'jsPDF has PDF Injection in AcroFormChoiceField that allows Arbitrary JavaScript Execution',
35 silly audit report       severity: 'high',
35 silly audit report       vulnerable_versions: '<=4.0.0',
35 silly audit report       cwe: [Array],
35 silly audit report       cvss: [Object]
35 silly audit report     },
35 silly audit report     {
35 silly audit report       id: 1112802,
35 silly audit report       url: 'https://github.com/advisories/GHSA-95fx-jjr5-f39c',
35 silly audit report       title: 'jsPDF Vulnerable to Denial of Service (DoS) via Unvalidated BMP Dimensions in BMPDecoder',
35 silly audit report       severity: 'high',
35 silly audit report       vulnerable_versions: '<=4.0.0',
35 silly audit report       cwe: [Array],
35 silly audit report       cvss: [Object]
35 silly audit report     },
35 silly audit report     {
35 silly audit report       id: 1112803,
35 silly audit report       url: 'https://github.com/advisories/GHSA-vm32-vv63-w422',
35 silly audit report       title: 'jsPDF Vulnerable to Stored XMP Metadata Injection (Spoofing & Integrity Violation)',
35 silly audit report       severity: 'moderate',
35 silly audit report       vulnerable_versions: '<=4.0.0',
35 silly audit report       cwe: [Array],
35 silly audit report       cvss: [Object]
35 silly audit report     },
35 silly audit report     {
35 silly audit report       id: 1112804,
35 silly audit report       url: 'https://github.com/advisories/GHSA-cjw8-79x6-5cj4',
35 silly audit report       title: 'jsPDF has Shared State Race Condition in addJS Plugin',
35 silly audit report       severity: 'moderate',
35 silly audit report       vulnerable_versions: '<=4.0.0',
35 silly audit report       cwe: [Array],
35 silly audit report       cvss: [Object]
35 silly audit report     },
35 silly audit report     {
35 silly audit report       id: 1113310,
35 silly audit report       url: 'https://github.com/advisories/GHSA-9vjf-qc39-jprp',
35 silly audit report       title: 'jsPDF has a PDF Object Injection via Unsanitized Input in addJS Method',
35 silly audit report       severity: 'high',
35 silly audit report       vulnerable_versions: '<4.2.0',
35 silly audit report       cwe: [Array],
35 silly audit report       cvss: [Object]
35 silly audit report     },
35 silly audit report     {
35 silly audit report       id: 1113324,
35 silly audit report       url: 'https://github.com/advisories/GHSA-67pg-wm7f-q7fj',
35 silly audit report       title: 'jsPDF Affected by Client-Side/Server-Side Denial of Service via Malicious GIF Dimensions',
35 silly audit report       severity: 'high',
35 silly audit report       vulnerable_versions: '<4.2.0',
35 silly audit report       cwe: [Array],
35 silly audit report       cvss: [Object]
35 silly audit report     },
35 silly audit report     {
35 silly audit report       id: 1114396,
35 silly audit report       url: 'https://github.com/advisories/GHSA-p5xg-68wr-hm3m',
35 silly audit report       title: 'jsPDF has a PDF Injection in AcroForm module allows Arbitrary JavaScript Execution (RadioButton.createOption and "AS" property)',
35 silly audit report       severity: 'high',
35 silly audit report       vulnerable_versions: '<4.2.0',
35 silly audit report       cwe: [Array],
35 silly audit report       cvss: [Object]
35 silly audit report     },
35 silly audit report     {
35 silly audit report       id: 1114950,
35 silly audit report       url: 'https://github.com/advisories/GHSA-7x6v-j9x4-qf24',
35 silly audit report       title: 'jsPDF has a PDF Object Injection via FreeText color',
35 silly audit report       severity: 'high',
35 silly audit report       vulnerable_versions: '<=4.2.0',
35 silly audit report       cwe: [Array],
35 silly audit report       cvss: [Object]
35 silly audit report     },
35 silly audit report     {
35 silly audit report       id: 1114974,
35 silly audit report       url: 'https://github.com/advisories/GHSA-wfv2-pwc8-crg5',
35 silly audit report       title: 'jsPDF has HTML Injection in New Window paths',
35 silly audit report       severity: 'critical',
35 silly audit report       vulnerable_versions: '<=4.2.0',
35 silly audit report       cwe: [Array],
35 silly audit report       cvss: [Object]
35 silly audit report     }
35 silly audit report   ],
35 silly audit report   lodash: [
35 silly audit report     {
35 silly audit report       id: 1120370,
35 silly audit report       url: 'https://github.com/advisories/GHSA-xxjr-mmjv-4gpg',
35 silly audit report       title: 'Lodash has Prototype Pollution Vulnerability in `_.unset` and `_.omit` functions',
35 silly audit report       severity: 'moderate',
35 silly audit report       vulnerable_versions: '>=4.0.0 <=4.17.22',
35 silly audit report       cwe: [Array],
35 silly audit report       cvss: [Object]
35 silly audit report     },
35 silly audit report     {
35 silly audit report       id: 1115806,
35 silly audit report       url: 'https://github.com/advisories/GHSA-r5fr-rjxr-66jc',
35 silly audit report       title: 'lodash vulnerable to Code Injection via `_.template` imports key names',
35 silly audit report       severity: 'high',
35 silly audit report       vulnerable_versions: '>=4.0.0 <=4.17.23',
35 silly audit report       cwe: [Array],
35 silly audit report       cvss: [Object]
35 silly audit report     },
35 silly audit report     {
35 silly audit report       id: 1115810,
35 silly audit report       url: 'https://github.com/advisories/GHSA-f23m-r3pf-42rh',
35 silly audit report       title: 'lodash vulnerable to Prototype Pollution via array path bypass in `_.unset` and `_.omit`',
35 silly audit report       severity: 'moderate',
35 silly audit report       vulnerable_versions: '<=4.17.23',
35 silly audit report       cwe: [Array],
35 silly audit report       cvss: [Object]
35 silly audit report     }
35 silly audit report   ],
35 silly audit report   'lodash-es': [
35 silly audit report     {
35 silly audit report       id: 1120368,
35 silly audit report       url: 'https://github.com/advisories/GHSA-xxjr-mmjv-4gpg',
35 silly audit report       title: 'Lodash has Prototype Pollution Vulnerability in `_.unset` and `_.omit` functions',
35 silly audit report       severity: 'moderate',
35 silly audit report       vulnerable_versions: '>=4.0.0 <=4.17.22',
35 silly audit report       cwe: [Array],
35 silly audit report       cvss: [Object]
35 silly audit report     },
35 silly audit report     {
35 silly audit report       id: 1115805,
35 silly audit report       url: 'https://github.com/advisories/GHSA-r5fr-rjxr-66jc',
35 silly audit report       title: 'lodash vulnerable to Code Injection via `_.template` imports key names',
35 silly audit report       severity: 'high',
35 silly audit report       vulnerable_versions: '>=4.0.0 <=4.17.23',
35 silly audit report       cwe: [Array],
35 silly audit report       cvss: [Object]
35 silly audit report     },
35 silly audit report     {
35 silly audit report       id: 1115809,
35 silly audit report       url: 'https://github.com/advisories/GHSA-f23m-r3pf-42rh',
35 silly audit report       title: 'lodash vulnerable to Prototype Pollution via array path bypass in `_.unset` and `_.omit`',
35 silly audit report       severity: 'moderate',
35 silly audit report       vulnerable_versions: '<=4.17.23',
35 silly audit report       cwe: [Array],
35 silly audit report       cvss: [Object]
35 silly audit report     }
35 silly audit report   ],
35 silly audit report   minimatch: [
35 silly audit report     {
35 silly audit report       id: 1113459,
35 silly audit report       url: 'https://github.com/advisories/GHSA-3ppc-4f35-3m26',
35 silly audit report       title: 'minimatch has a ReDoS via repeated wildcards with non-matching literal in pattern',
35 silly audit report       severity: 'high',
35 silly audit report       vulnerable_versions: '<3.1.3',
35 silly audit report       cwe: [Array],
35 silly audit report       cvss: [Object]
35 silly audit report     },
35 silly audit report     {
35 silly audit report       id: 1113465,
35 silly audit report       url: 'https://github.com/advisories/GHSA-3ppc-4f35-3m26',
35 silly audit report       title: 'minimatch has a ReDoS via repeated wildcards with non-matching literal in pattern',
35 silly audit report       severity: 'high',
35 silly audit report       vulnerable_versions: '>=9.0.0 <9.0.6',
35 silly audit report       cwe: [Array],
35 silly audit report       cvss: [Object]
35 silly audit report     },
35 silly audit report     {
35 silly audit report       id: 1113538,
35 silly audit report       url: 'https://github.com/advisories/GHSA-7r86-cg39-jmmj',
35 silly audit report       title: 'minimatch has ReDoS: matchOne() combinatorial backtracking via multiple non-adjacent GLOBSTAR segments',
35 silly audit report       severity: 'high',
35 silly audit report       vulnerable_versions: '<3.1.3',
35 silly audit report       cwe: [Array],
35 silly audit report       cvss: [Object]
35 silly audit report     },
35 silly audit report     {
35 silly audit report       id: 1113544,
35 silly audit report       url: 'https://github.com/advisories/GHSA-7r86-cg39-jmmj',
35 silly audit report       title: 'minimatch has ReDoS: matchOne() combinatorial backtracking via multiple non-adjacent GLOBSTAR segments',
35 silly audit report       severity: 'high',
35 silly audit report       vulnerable_versions: '>=9.0.0 <9.0.7',
35 silly audit report       cwe: [Array],
35 silly audit report       cvss: [Object]
35 silly audit report     },
35 silly audit report     {
35 silly audit report       id: 1113546,
35 silly audit report       url: 'https://github.com/advisories/GHSA-23c5-xmqv-rm74',
35 silly audit report       title: 'minimatch ReDoS: nested *() extglobs generate catastrophically backtracking regular expressions',
35 silly audit report       severity: 'high',
35 silly audit report       vulnerable_versions: '<3.1.4',
35 silly audit report       cwe: [Array],
35 silly audit report       cvss: [Object]
35 silly audit report     },
35 silly audit report     {
35 silly audit report       id: 1113552,
35 silly audit report       url: 'https://github.com/advisories/GHSA-23c5-xmqv-rm74',
35 silly audit report       title: 'minimatch ReDoS: nested *() extglobs generate catastrophically backtracking regular expressions',
35 silly audit report       severity: 'high',
35 silly audit report       vulnerable_versions: '>=9.0.0 <9.0.7',
35 silly audit report       cwe: [Array],
35 silly audit report       cvss: [Object]
35 silly audit report     }
35 silly audit report   ],
35 silly audit report   mongoose: [
35 silly audit report     {
35 silly audit report       id: 1118997,
35 silly audit report       url: 'https://github.com/advisories/GHSA-wpg9-53fq-2r8h',
35 silly audit report       title: "Mongoose's Improper Sanitization of $nor in sanitizeFilter May Allow NoSQL Injection",
35 silly audit report       severity: 'high',
35 silly audit report       vulnerable_versions: '>=8.0.0 <=8.22.0',
35 silly audit report       cwe: [Array],
35 silly audit report       cvss: [Object]
35 silly audit report     }
35 silly audit report   ],
35 silly audit report   next: [
35 silly audit report     {
35 silly audit report       id: 1117931,
35 silly audit report       url: 'https://github.com/advisories/GHSA-8h8q-6873-q5fj',
35 silly audit report       title: 'Next.js Vulnerable to Denial of Service with Server Components',
35 silly audit report       severity: 'high',
35 silly audit report       vulnerable_versions: '>=13.0.0 <15.5.16',
35 silly audit report       cwe: [Array],
35 silly audit report       cvss: [Object]
35 silly audit report     },
35 silly audit report     {
35 silly audit report       id: 1101438,
35 silly audit report       url: 'https://github.com/advisories/GHSA-7m27-7ghc-44w9',
35 silly audit report       title: 'Next.js Allows a Denial of Service (DoS) with Server Actions',
35 silly audit report       severity: 'moderate',
35 silly audit report       vulnerable_versions: '>=14.0.0 <14.2.21',
35 silly audit report       cwe: [Array],
35 silly audit report       cvss: [Object]
35 silly audit report     },
35 silly audit report     {
35 silly audit report       id: 1105461,
35 silly audit report       url: 'https://github.com/advisories/GHSA-3h52-269p-cp9r',
35 silly audit report       title: 'Information exposure in Next.js dev server due to lack of origin verification',
35 silly audit report       severity: 'low',
35 silly audit report       vulnerable_versions: '>=13.0 <14.2.30',
35 silly audit report       cwe: [Array],
35 silly audit report       cvss: [Object]
35 silly audit report     },
35 silly audit report     {
35 silly audit report       id: 1111391,
35 silly audit report       url: 'https://github.com/advisories/GHSA-mwv6-3258-q52c',
35 silly audit report       title: 'Next Vulnerable to Denial of Service with Server Components',
35 silly audit report       severity: 'high',
35 silly audit report       vulnerable_versions: '>=13.3.0 <14.2.34',
35 silly audit report       cwe: [Array],
35 silly audit report       cvss: [Object]
35 silly audit report     },
35 silly audit report     {
35 silly audit report       id: 1107226,
35 silly audit report       url: 'https://github.com/advisories/GHSA-g5qg-72qw-gw5v',
35 silly audit report       title: 'Next.js Affected by Cache Key Confusion for Image Optimization API Routes',
35 silly audit report       severity: 'moderate',
35 silly audit report       vulnerable_versions: '>=0.9.9 <14.2.31',
35 silly audit report       cwe: [Array],
35 silly audit report       cvss: [Object]
35 silly audit report     },
35 silly audit report     {
35 silly audit report       id: 1107420,
35 silly audit report       url: 'https://github.com/advisories/GHSA-7gfc-8cq8-jh5f',
35 silly audit report       title: 'Next.js authorization bypass vulnerability',
35 silly audit report       severity: 'high',
35 silly audit report       vulnerable_versions: '>=9.5.5 <14.2.15',
35 silly audit report       cwe: [Array],
35 silly audit report       cvss: [Object]
35 silly audit report     },
35 silly audit report     {
35 silly audit report       id: 1107512,
35 silly audit report       url: 'https://github.com/advisories/GHSA-4342-x723-ch2f',
35 silly audit report       title: 'Next.js Improper Middleware Redirect Handling Leads to SSRF',
35 silly audit report       severity: 'moderate',
35 silly audit report       vulnerable_versions: '>=0.9.9 <14.2.32',
35 silly audit report       cwe: [Array],
35 silly audit report       cvss: [Object]
35 silly audit report     },
35 silly audit report     {
35 silly audit report       id: 1107513,
35 silly audit report       url: 'https://github.com/advisories/GHSA-xv57-4mr9-wg8v',
35 silly audit report       title: 'Next.js Content Injection Vulnerability for Image Optimization',
35 silly audit report       severity: 'moderate',
35 silly audit report       vulnerable_versions: '>=0.9.9 <14.2.31',
35 silly audit report       cwe: [Array],
35 silly audit report       cvss: [Object]
35 silly audit report     },
35 silly audit report     {
35 silly audit report       id: 1112182,
35 silly audit report       url: 'https://github.com/advisories/GHSA-5j59-xgg2-r9c4',
35 silly audit report       title: 'Next has a Denial of Service with Server Components - Incomplete Fix Follow-Up',
35 silly audit report       severity: 'high',
35 silly audit report       vulnerable_versions: '>=13.3.1-canary.0 <14.2.35',
35 silly audit report       cwe: [Array],
35 silly audit report       cvss: [Object]
35 silly audit report     },
35 silly audit report     {
35 silly audit report       id: 1108291,
35 silly audit report       url: 'https://github.com/advisories/GHSA-qpjv-v59x-3qc4',
35 silly audit report       title: 'Next.js Race Condition to Cache Poisoning',
35 silly audit report       severity: 'low',
35 silly audit report       vulnerable_versions: '>=0.9.9 <14.2.24',
35 silly audit report       cwe: [Array],
35 silly audit report       cvss: [Object]
35 silly audit report     },
35 silly audit report     {
35 silly audit report       id: 1118942,
35 silly audit report       url: 'https://github.com/advisories/GHSA-3g8h-86w9-wvmq',
35 silly audit report       title: "Next.js's Middleware / Proxy redirects can be cache-poisoned",
35 silly audit report       severity: 'low',
35 silly audit report       vulnerable_versions: '>=12.2.0 <15.5.16',
35 silly audit report       cwe: [Array],
35 silly audit report       cvss: [Object]
35 silly audit report     },
35 silly audit report     {
35 silly audit report       id: 1118944,
35 silly audit report       url: 'https://github.com/advisories/GHSA-ffhc-5mcf-pf4q',
35 silly audit report       title: 'Next.js vulnerable to cross-site scripting in App Router applications using CSP nonces',
35 silly audit report       severity: 'moderate',
35 silly audit report       vulnerable_versions: '>=13.4.0 <15.5.16',
35 silly audit report       cwe: [Array],
35 silly audit report       cvss: [Object]
35 silly audit report     },
35 silly audit report     {
35 silly audit report       id: 1118946,
35 silly audit report       url: 'https://github.com/advisories/GHSA-vfv6-92ff-j949',
35 silly audit report       title: 'Next.js vulnerable to cache poisoning via collisions in React Server Component cache-busting',
35 silly audit report       severity: 'low',
35 silly audit report       vulnerable_versions: '>=13.4.6 <15.5.16',
35 silly audit report       cwe: [Array],
35 silly audit report       cvss: [Object]
35 silly audit report     },
35 silly audit report     {
35 silly audit report       id: 1118948,
35 silly audit report       url: 'https://github.com/advisories/GHSA-gx5p-jg67-6x7h',
35 silly audit report       title: 'Next.js has cross-site scripting in beforeInteractive scripts with untrusted input',
35 silly audit report       severity: 'moderate',
35 silly audit report       vulnerable_versions: '>=13.0.0 <15.5.16',
35 silly audit report       cwe: [Array],
35 silly audit report       cvss: [Object]
35 silly audit report     },
35 silly audit report     {
35 silly audit report       id: 1118952,
35 silly audit report       url: 'https://github.com/advisories/GHSA-h64f-5h5j-jqjh',
35 silly audit report       title: 'Next.js has a Denial of Service in the Image Optimization API',
35 silly audit report       severity: 'moderate',
35 silly audit report       vulnerable_versions: '>=10.0.0 <15.5.16',
35 silly audit report       cwe: [Array],
35 silly audit report       cvss: [Object]
35 silly audit report     },
35 silly audit report     {
35 silly audit report       id: 1118954,
35 silly audit report       url: 'https://github.com/advisories/GHSA-c4j6-fc7j-m34r',
35 silly audit report       title: 'Next.js vulnerable to server-side request forgery in applications using WebSocket upgrades',
35 silly audit report       severity: 'high',
35 silly audit report       vulnerable_versions: '>=13.4.13 <15.5.16',
35 silly audit report       cwe: [Array],
35 silly audit report       cvss: [Object]
35 silly audit report     },
35 silly audit report     {
35 silly audit report       id: 1118958,
35 silly audit report       url: 'https://github.com/advisories/GHSA-wfc6-r584-vfw7',
35 silly audit report       title: 'Next.js vulnerable to cache poisoning in React Server Component responses',
35 silly audit report       severity: 'moderate',
35 silly audit report       vulnerable_versions: '>=14.2.0 <15.5.16',
35 silly audit report       cwe: [Array],
35 silly audit report       cvss: [Object]
35 silly audit report     },
35 silly audit report     {
35 silly audit report       id: 1118962,
35 silly audit report       url: 'https://github.com/advisories/GHSA-36qx-fr4f-26g5',
35 silly audit report       title: 'Next.js has a Middleware / Proxy bypass in Pages Router applications using i18n',
35 silly audit report       severity: 'high',
35 silly audit report       vulnerable_versions: '>=12.2.0 <15.5.16',
35 silly audit report       cwe: [Array],
35 silly audit report       cvss: [Object]
35 silly audit report     },
35 silly audit report     {
35 silly audit report       id: 1112593,
35 silly audit report       url: 'https://github.com/advisories/GHSA-9g9p-9gw9-jx7f',
35 silly audit report       title: 'Next.js self-hosted applications vulnerable to DoS via Image Optimizer remotePatterns configuration',
35 silly audit report       severity: 'moderate',
35 silly audit report       vulnerable_versions: '>=10.0.0 <15.5.10',
35 silly audit report       cwe: [Array],
35 silly audit report       cvss: [Object]
35 silly audit report     },
35 silly audit report     {
35 silly audit report       id: 1112653,
35 silly audit report       url: 'https://github.com/advisories/GHSA-h25m-26qc-wcjf',
35 silly audit report       title: 'Next.js HTTP request deserialization can lead to DoS when using insecure React Server Components',
35 silly audit report       severity: 'high',
35 silly audit report       vulnerable_versions: '>=13.0.0 <15.0.8',
35 silly audit report       cwe: [Array],
35 silly audit report       cvss: [Object]
35 silly audit report     },
35 silly audit report     {
35 silly audit report       id: 1113689,
35 silly audit report       url: 'https://github.com/advisories/GHSA-f82v-jwr5-mffw',
35 silly audit report       title: 'Authorization Bypass in Next.js Middleware',
35 silly audit report       severity: 'critical',
35 silly audit report       vulnerable_versions: '>=14.0.0 <14.2.25',
35 silly audit report       cwe: [Array],
35 silly audit report       cvss: [Object]
35 silly audit report     },
35 silly audit report     {
35 silly audit report       id: 1114897,
35 silly audit report       url: 'https://github.com/advisories/GHSA-ggv3-7p47-pfv8',
35 silly audit report       title: 'Next.js: HTTP request smuggling in rewrites',
35 silly audit report       severity: 'moderate',
35 silly audit report       vulnerable_versions: '>=9.5.0 <15.5.13',
35 silly audit report       cwe: [Array],
35 silly audit report       cvss: [Object]
35 silly audit report     },
35 silly audit report     {
35 silly audit report       id: 1114940,
35 silly audit report       url: 'https://github.com/advisories/GHSA-3x4c-7xq6-9pq8',
35 silly audit report       title: 'Next.js: Unbounded next/image disk cache growth can exhaust storage',
35 silly audit report       severity: 'moderate',
35 silly audit report       vulnerable_versions: '>=10.0.0 <15.5.14',
35 silly audit report       cwe: [Array],
35 silly audit report       cvss: [Object]
35 silly audit report     },
35 silly audit report     {
35 silly audit report       id: 1116376,
35 silly audit report       url: 'https://github.com/advisories/GHSA-q4gf-8mx6-v5v3',
35 silly audit report       title: 'Next.js has a Denial of Service with Server Components',
35 silly audit report       severity: 'high',
35 silly audit report       vulnerable_versions: '>=13.0.0 <15.5.15',
35 silly audit report       cwe: [Array],
35 silly audit report       cvss: [Object]
35 silly audit report     }
35 silly audit report   ],
35 silly audit report   postcss: [
35 silly audit report     {
35 silly audit report       id: 1117015,
35 silly audit report       url: 'https://github.com/advisories/GHSA-qx2v-qp2m-jg93',
35 silly audit report       title: 'PostCSS has XSS via Unescaped </style> in its CSS Stringify Output',
35 silly audit report       severity: 'moderate',
35 silly audit report       vulnerable_versions: '<8.5.10',
35 silly audit report       cwe: [Array],
35 silly audit report       cvss: [Object]
35 silly audit report     }
35 silly audit report   ],
35 silly audit report   picomatch: [
35 silly audit report     {
35 silly audit report       id: 1115549,
35 silly audit report       url: 'https://github.com/advisories/GHSA-3v7f-55p6-f55p',
35 silly audit report       title: 'Picomatch: Method Injection in POSIX Character Classes causes incorrect Glob Matching',
35 silly audit report       severity: 'moderate',
35 silly audit report       vulnerable_versions: '<2.3.2',
35 silly audit report       cwe: [Array],
35 silly audit report       cvss: [Object]
35 silly audit report     },
35 silly audit report     {
35 silly audit report       id: 1115552,
35 silly audit report       url: 'https://github.com/advisories/GHSA-c2c7-rcm5-vvqj',
35 silly audit report       title: 'Picomatch has a ReDoS vulnerability via extglob quantifiers',
35 silly audit report       severity: 'high',
35 silly audit report       vulnerable_versions: '<2.3.2',
35 silly audit report       cwe: [Array],
35 silly audit report       cvss: [Object]
35 silly audit report     }
35 silly audit report   ],
35 silly audit report   yaml: [
35 silly audit report     {
35 silly audit report       id: 1115555,
35 silly audit report       url: 'https://github.com/advisories/GHSA-48c2-rrv3-qjmp',
35 silly audit report       title: 'yaml is vulnerable to Stack Overflow via deeply nested YAML collections',
35 silly audit report       severity: 'moderate',
35 silly audit report       vulnerable_versions: '>=1.0.0 <1.10.3',
35 silly audit report       cwe: [Array],
35 silly audit report       cvss: [Object]
35 silly audit report     },
35 silly audit report     {
35 silly audit report       id: 1115556,
35 silly audit report       url: 'https://github.com/advisories/GHSA-48c2-rrv3-qjmp',
35 silly audit report       title: 'yaml is vulnerable to Stack Overflow via deeply nested YAML collections',
35 silly audit report       severity: 'moderate',
35 silly audit report       vulnerable_versions: '>=2.0.0 <2.8.3',
35 silly audit report       cwe: [Array],
35 silly audit report       cvss: [Object]
35 silly audit report     }
35 silly audit report   ],
35 silly audit report   qs: [
35 silly audit report     {
35 silly audit report       id: 1119502,
35 silly audit report       url: 'https://github.com/advisories/GHSA-q8mj-m7cp-5q26',
35 silly audit report       title: 'qs has a remotely triggerable DoS: qs.stringify crashes with TypeError on null/undefined entries in comma-format arrays when encodeValuesOnly is set',
35 silly audit report       severity: 'moderate',
35 silly audit report       vulnerable_versions: '>=6.11.1 <=6.15.1',
35 silly audit report       cwe: [Array],
35 silly audit report       cvss: [Object]
35 silly audit report     },
35 silly audit report     {
35 silly audit report       id: 1113161,
35 silly audit report       url: 'https://github.com/advisories/GHSA-w7fw-mjwx-w883',
35 silly audit report       title: "qs's arrayLimit bypass in comma parsing allows denial of service",
35 silly audit report       severity: 'low',
35 silly audit report       vulnerable_versions: '>=6.7.0 <=6.14.1',
35 silly audit report       cwe: [Array],
35 silly audit report       cvss: [Object]
35 silly audit report     },
35 silly audit report     {
35 silly audit report       id: 1113719,
35 silly audit report       url: 'https://github.com/advisories/GHSA-6rw7-vpxm-498p',
35 silly audit report       title: "qs's arrayLimit bypass in its bracket notation allows DoS via memory exhaustion",
35 silly audit report       severity: 'moderate',
35 silly audit report       vulnerable_versions: '<6.14.1',
35 silly audit report       cwe: [Array],
35 silly audit report       cvss: [Object]
35 silly audit report     }
35 silly audit report   ],
35 silly audit report   'react-pdf': [
35 silly audit report     {
35 silly audit report       id: 1097261,
35 silly audit report       url: 'https://github.com/advisories/GHSA-87hq-q4gp-9wr4',
35 silly audit report       title: 'react-pdf vulnerable to arbitrary JavaScript execution upon opening a malicious PDF with PDF.js',
35 silly audit report       severity: 'high',
35 silly audit report       vulnerable_versions: '<7.7.3',
35 silly audit report       cwe: [Array],
35 silly audit report       cvss: [Object]
35 silly audit report     }
35 silly audit report   ],
35 silly audit report   'react-router': [
35 silly audit report     {
35 silly audit report       id: 1112057,
35 silly audit report       url: 'https://github.com/advisories/GHSA-9jcx-v3wj-wh4m',
35 silly audit report       title: 'React Router has unexpected external redirect via untrusted paths',
35 silly audit report       severity: 'moderate',
35 silly audit report       vulnerable_versions: '>=6.0.0 <6.30.2',
35 silly audit report       cwe: [Array],
35 silly audit report       cvss: [Object]
35 silly audit report     },
35 silly audit report     {
35 silly audit report       id: 1120064,
35 silly audit report       url: 'https://github.com/advisories/GHSA-2j2x-hqr9-3h42',
35 silly audit report       title: "React Router's same-origin redirect with path starting // causes open redirect via protocol-relative URL reinterpretation",
35 silly audit report       severity: 'moderate',
35 silly audit report       vulnerable_versions: '>=6.7.0 <6.30.4',
35 silly audit report       cwe: [Array],
35 silly audit report       cvss: [Object]
35 silly audit report     }
35 silly audit report   ],
35 silly audit report   'serialize-javascript': [
35 silly audit report     {
35 silly audit report       id: 1119440,
35 silly audit report       url: 'https://github.com/advisories/GHSA-qj8w-gfj5-8c6v',
35 silly audit report       title: 'Serialize JavaScript has CPU Exhaustion Denial of Service via crafted array-like objects',
35 silly audit report       severity: 'moderate',
35 silly audit report       vulnerable_versions: '>=5.0.0 <7.0.5',
35 silly audit report       cwe: [Array],
35 silly audit report       cvss: [Object]
35 silly audit report     },
35 silly audit report     {
35 silly audit report       id: 1113686,
35 silly audit report       url: 'https://github.com/advisories/GHSA-5c6j-r48x-rmvq',
35 silly audit report       title: 'Serialize JavaScript is Vulnerable to RCE via RegExp.flags and Date.prototype.toISOString()',
35 silly audit report       severity: 'high',
35 silly audit report       vulnerable_versions: '<=7.0.2',
35 silly audit report       cwe: [Array],
35 silly audit report       cvss: [Object]
35 silly audit report     }
35 silly audit report   ],
35 silly audit report   'socket.io-parser': [
35 silly audit report     {
35 silly audit report       id: 1115154,
35 silly audit report       url: 'https://github.com/advisories/GHSA-677m-j7p3-52f9',
35 silly audit report       title: 'socket.io allows an unbounded number of binary attachments',
35 silly audit report       severity: 'high',
35 silly audit report       vulnerable_versions: '>=4.0.0 <4.2.6',
35 silly audit report       cwe: [Array],
35 silly audit report       cvss: [Object]
35 silly audit report     }
35 silly audit report   ],
35 silly audit report   svgo: [
35 silly audit report     {
35 silly audit report       id: 1114151,
35 silly audit report       url: 'https://github.com/advisories/GHSA-xpqw-6gx7-v673',
35 silly audit report       title: 'SVGO DoS through entity expansion in DOCTYPE (Billion Laughs)',
35 silly audit report       severity: 'high',
35 silly audit report       vulnerable_versions: '>=3.0.0 <3.3.3',
35 silly audit report       cwe: [Array],
35 silly audit report       cvss: [Object]
35 silly audit report     }
35 silly audit report   ],
35 silly audit report   'tar-fs': [
35 silly audit report     {
35 silly audit report       id: 1109532,
35 silly audit report       url: 'https://github.com/advisories/GHSA-vj76-c3g6-qr5v',
35 silly audit report       title: 'tar-fs has a symlink validation bypass if destination directory is predictable with a specific tarball',
35 silly audit report       severity: 'high',
35 silly audit report       vulnerable_versions: '>=2.0.0 <2.1.4',
35 silly audit report       cwe: [Array],
35 silly audit report       cvss: [Object]
35 silly audit report     }
35 silly audit report   ],
35 silly audit report   uuid: [
35 silly audit report     {
35 silly audit report       id: 1119441,
35 silly audit report       url: 'https://github.com/advisories/GHSA-w5hq-g745-h8pq',
35 silly audit report       title: 'uuid: Missing buffer bounds check in v3/v5/v6 when buf is provided',
35 silly audit report       severity: 'moderate',
35 silly audit report       vulnerable_versions: '<11.1.1',
35 silly audit report       cwe: [Array],
35 silly audit report       cvss: [Object]
35 silly audit report     }
35 silly audit report   ],
35 silly audit report   webpack: [
35 silly audit report     {
35 silly audit report       id: 1113041,
35 silly audit report       url: 'https://github.com/advisories/GHSA-8fgc-7cc6-rx7x',
35 silly audit report       title: 'webpack buildHttp: allowedUris allow-list bypass via URL userinfo (@) leading to build-time SSRF behavior',
35 silly audit report       severity: 'low',
35 silly audit report       vulnerable_versions: '>=5.49.0 <=5.104.0',
35 silly audit report       cwe: [Array],
35 silly audit report       cvss: [Object]
35 silly audit report     },
35 silly audit report     {
35 silly audit report       id: 1113042,
35 silly audit report       url: 'https://github.com/advisories/GHSA-38r7-794h-5758',
35 silly audit report       title: 'webpack buildHttp HttpUriPlugin allowedUris bypass via HTTP redirects → SSRF + cache persistence',
35 silly audit report       severity: 'low',
35 silly audit report       vulnerable_versions: '>=5.49.0 <5.104.0',
35 silly audit report       cwe: [Array],
35 silly audit report       cvss: [Object]
35 silly audit report     }
35 silly audit report   ],
35 silly audit report   ws: [
35 silly audit report     {
35 silly audit report       id: 1119108,
35 silly audit report       url: 'https://github.com/advisories/GHSA-58qx-3vcg-4xpx',
35 silly audit report       title: 'ws: Uninitialized memory disclosure',
35 silly audit report       severity: 'moderate',
35 silly audit report       vulnerable_versions: '>=8.0.0 <8.20.1',
35 silly audit report       cwe: [Array],
35 silly audit report       cvss: [Object]
35 silly audit report     },
35 silly audit report     {
35 silly audit report       id: 1122845,
35 silly audit report       url: 'https://github.com/advisories/GHSA-96hv-2xvq-fx4p',
35 silly audit report       title: 'ws: Memory exhaustion DoS from tiny fragments and data chunks',
35 silly audit report       severity: 'high',
35 silly audit report       vulnerable_versions: '>=8.0.0 <8.21.0',
35 silly audit report       cwe: [Array],
35 silly audit report       cvss: [Object]
35 silly audit report     }
35 silly audit report   ]
35 silly audit report }
36 silly packumentCache corgi:https://registry.npmjs.org/@babel%2fruntime cache-miss
37 silly packumentCache corgi:https://registry.npmjs.org/@remix-run%2frouter cache-miss
38 silly packumentCache corgi:https://registry.npmjs.org/pdfjs-dist cache-miss
39 silly packumentCache corgi:https://registry.npmjs.org/@zag-js%2fcore cache-miss
40 silly packumentCache corgi:https://registry.npmjs.org/ajv cache-miss
41 silly packumentCache corgi:https://registry.npmjs.org/axios cache-miss
42 silly packumentCache corgi:https://registry.npmjs.org/brace-expansion cache-miss
43 silly packumentCache corgi:https://registry.npmjs.org/canvg cache-miss
44 silly packumentCache corgi:https://registry.npmjs.org/diff cache-miss
45 silly packumentCache corgi:https://registry.npmjs.org/dompurify cache-miss
46 silly packumentCache corgi:https://registry.npmjs.org/fast-uri cache-miss
47 silly packumentCache corgi:https://registry.npmjs.org/follow-redirects cache-miss
48 silly packumentCache corgi:https://registry.npmjs.org/form-data cache-miss
49 silly packumentCache corgi:https://registry.npmjs.org/glob cache-miss
50 silly packumentCache corgi:https://registry.npmjs.org/html2pdf.js cache-miss
51 silly packumentCache corgi:https://registry.npmjs.org/jspdf cache-miss
52 silly packumentCache corgi:https://registry.npmjs.org/lodash cache-miss
53 silly packumentCache corgi:https://registry.npmjs.org/lodash-es cache-miss
54 silly packumentCache corgi:https://registry.npmjs.org/minimatch cache-miss
55 silly packumentCache corgi:https://registry.npmjs.org/mongoose cache-miss
56 silly packumentCache corgi:https://registry.npmjs.org/next cache-miss
57 silly packumentCache corgi:https://registry.npmjs.org/postcss cache-miss
58 silly packumentCache corgi:https://registry.npmjs.org/picomatch cache-miss
59 silly packumentCache corgi:https://registry.npmjs.org/yaml cache-miss
60 silly packumentCache corgi:https://registry.npmjs.org/qs cache-miss
61 silly packumentCache corgi:https://registry.npmjs.org/react-pdf cache-miss
62 silly packumentCache corgi:https://registry.npmjs.org/react-router cache-miss
63 silly packumentCache corgi:https://registry.npmjs.org/serialize-javascript cache-miss
64 silly packumentCache corgi:https://registry.npmjs.org/socket.io-parser cache-miss
65 silly packumentCache corgi:https://registry.npmjs.org/svgo cache-miss
66 silly packumentCache corgi:https://registry.npmjs.org/tar-fs cache-miss
67 silly packumentCache corgi:https://registry.npmjs.org/uuid cache-miss
68 silly packumentCache corgi:https://registry.npmjs.org/webpack cache-miss
69 silly packumentCache corgi:https://registry.npmjs.org/ws cache-miss
70 http fetch GET 200 https://registry.npmjs.org/lodash-es 416ms (cache revalidated)
71 silly packumentCache corgi:https://registry.npmjs.org/lodash-es set size:42655 disposed:false
72 http fetch GET 200 https://registry.npmjs.org/axios 428ms (cache revalidated)
73 silly packumentCache corgi:https://registry.npmjs.org/axios set size:297980 disposed:false
74 http fetch GET 200 https://registry.npmjs.org/ajv 511ms (cache revalidated)
75 silly packumentCache corgi:https://registry.npmjs.org/ajv set size:467559 disposed:false
76 http fetch GET 200 https://registry.npmjs.org/brace-expansion 516ms (cache revalidated)
77 silly packumentCache corgi:https://registry.npmjs.org/brace-expansion set size:26677 disposed:false
78 http fetch GET 200 https://registry.npmjs.org/fast-uri 514ms (cache revalidated)
79 silly packumentCache corgi:https://registry.npmjs.org/fast-uri set size:24291 disposed:false
80 http fetch GET 200 https://registry.npmjs.org/diff 517ms (cache revalidated)
81 silly packumentCache corgi:https://registry.npmjs.org/diff set size:67741 disposed:false
82 http fetch GET 200 https://registry.npmjs.org/form-data 515ms (cache revalidated)
83 silly packumentCache corgi:https://registry.npmjs.org/form-data set size:55002 disposed:false
84 http fetch GET 200 https://registry.npmjs.org/follow-redirects 516ms (cache revalidated)
85 silly packumentCache corgi:https://registry.npmjs.org/follow-redirects set size:88479 disposed:false
86 http fetch GET 200 https://registry.npmjs.org/html2pdf.js 516ms (cache revalidated)
87 silly packumentCache corgi:https://registry.npmjs.org/html2pdf.js set size:24274 disposed:false
88 http fetch GET 200 https://registry.npmjs.org/canvg 522ms (cache revalidated)
89 silly packumentCache corgi:https://registry.npmjs.org/canvg set size:52210 disposed:false
90 http fetch GET 200 https://registry.npmjs.org/lodash 517ms (cache revalidated)
91 silly packumentCache corgi:https://registry.npmjs.org/lodash set size:69555 disposed:false
92 http fetch GET 200 https://registry.npmjs.org/dompurify 523ms (cache revalidated)
93 silly packumentCache corgi:https://registry.npmjs.org/dompurify set size:253671 disposed:false
94 http fetch GET 200 https://registry.npmjs.org/@babel%2fruntime 533ms (cache revalidated)
95 silly packumentCache corgi:https://registry.npmjs.org/@babel%2fruntime set size:225384 disposed:false
96 http fetch GET 200 https://registry.npmjs.org/mongoose 525ms (cache revalidated)
97 silly packumentCache corgi:https://registry.npmjs.org/mongoose set size:1632355 disposed:false
98 http fetch GET 200 https://registry.npmjs.org/pdfjs-dist 548ms (cache revalidated)
99 silly packumentCache corgi:https://registry.npmjs.org/pdfjs-dist set size:840162 disposed:false
100 http fetch GET 200 https://registry.npmjs.org/@remix-run%2frouter 570ms (cache revalidated)
101 silly packumentCache corgi:https://registry.npmjs.org/@remix-run%2frouter set size:213643 disposed:false
102 http fetch GET 200 https://registry.npmjs.org/picomatch 569ms (cache revalidated)
103 silly packumentCache corgi:https://registry.npmjs.org/picomatch set size:45123 disposed:false
104 http fetch GET 200 https://registry.npmjs.org/jspdf 577ms (cache revalidated)
105 silly packumentCache corgi:https://registry.npmjs.org/jspdf set size:68277 disposed:false
106 http fetch GET 200 https://registry.npmjs.org/minimatch 598ms (cache revalidated)
107 silly packumentCache corgi:https://registry.npmjs.org/minimatch set size:168441 disposed:false
108 http fetch GET 200 https://registry.npmjs.org/yaml 614ms (cache revalidated)
109 silly packumentCache corgi:https://registry.npmjs.org/yaml set size:163878 disposed:false
110 http fetch GET 200 https://registry.npmjs.org/qs 619ms (cache revalidated)
111 silly packumentCache corgi:https://registry.npmjs.org/qs set size:148003 disposed:false
112 http fetch GET 200 https://registry.npmjs.org/socket.io-parser 618ms (cache revalidated)
113 silly packumentCache corgi:https://registry.npmjs.org/socket.io-parser set size:66292 disposed:false
114 http fetch GET 200 https://registry.npmjs.org/react-router 623ms (cache revalidated)
115 silly packumentCache corgi:https://registry.npmjs.org/react-router set size:1345004 disposed:false
116 http fetch GET 200 https://registry.npmjs.org/postcss 646ms (cache revalidated)
117 silly packumentCache corgi:https://registry.npmjs.org/postcss set size:345714 disposed:false
118 http fetch GET 200 https://registry.npmjs.org/react-pdf 647ms (cache revalidated)
119 silly packumentCache corgi:https://registry.npmjs.org/react-pdf set size:251536 disposed:false
120 http fetch GET 200 https://registry.npmjs.org/next 693ms (cache revalidated)
121 silly packumentCache corgi:https://registry.npmjs.org/next set size:25357144 disposed:false
122 http fetch GET 200 https://registry.npmjs.org/serialize-javascript 1859ms (cache revalidated)
123 silly packumentCache corgi:https://registry.npmjs.org/serialize-javascript set size:37694 disposed:false
124 http fetch GET 200 https://registry.npmjs.org/tar-fs 1894ms (cache revalidated)
125 silly packumentCache corgi:https://registry.npmjs.org/tar-fs set size:56576 disposed:false
126 http fetch GET 200 https://registry.npmjs.org/ws 1892ms (cache revalidated)
127 silly packumentCache corgi:https://registry.npmjs.org/ws set size:199711 disposed:false
128 http fetch GET 200 https://registry.npmjs.org/uuid 1896ms (cache revalidated)
129 silly packumentCache corgi:https://registry.npmjs.org/uuid set size:82973 disposed:false
130 http fetch GET 200 https://registry.npmjs.org/glob 1910ms (cache revalidated)
131 silly packumentCache corgi:https://registry.npmjs.org/glob set size:199194 disposed:false
132 http fetch GET 200 https://registry.npmjs.org/svgo 1900ms (cache revalidated)
133 silly packumentCache corgi:https://registry.npmjs.org/svgo set size:138618 disposed:false
134 http fetch GET 200 https://registry.npmjs.org/webpack 1901ms (cache revalidated)
135 silly packumentCache corgi:https://registry.npmjs.org/webpack set size:2039929 disposed:false
136 http fetch GET 200 https://registry.npmjs.org/@zag-js%2fcore 1948ms (cache revalidated)
137 silly packumentCache corgi:https://registry.npmjs.org/@zag-js%2fcore set size:957032 disposed:false
138 silly packumentCache corgi:https://registry.npmjs.org/@emotion%2fbabel-plugin cache-miss
139 silly packumentCache corgi:https://registry.npmjs.org/@emotion%2freact cache-miss
140 silly packumentCache corgi:https://registry.npmjs.org/@emotion%2fstyled cache-miss
141 silly packumentCache corgi:https://registry.npmjs.org/date-fns cache-miss
142 silly packumentCache corgi:https://registry.npmjs.org/babel-plugin-macros cache-miss
143 silly packumentCache corgi:https://registry.npmjs.org/dom-helpers cache-miss
144 silly packumentCache corgi:https://registry.npmjs.org/dom-lib cache-miss
145 silly packumentCache corgi:https://registry.npmjs.org/react-big-calendar cache-miss
146 silly packumentCache corgi:https://registry.npmjs.org/react-overlays cache-miss
147 silly packumentCache corgi:https://registry.npmjs.org/react-select cache-miss
148 silly packumentCache corgi:https://registry.npmjs.org/react-textarea-autosize cache-miss
149 silly packumentCache corgi:https://registry.npmjs.org/react-transition-group cache-miss
150 silly packumentCache corgi:https://registry.npmjs.org/react-window cache-miss
151 silly packumentCache corgi:https://registry.npmjs.org/rsuite cache-miss
152 silly packumentCache corgi:https://registry.npmjs.org/rsuite-table cache-miss
153 silly packumentCache corgi:https://registry.npmjs.org/uncontrollable cache-miss
154 http fetch GET 200 https://registry.npmjs.org/date-fns 73ms (cache revalidated)
155 silly packumentCache corgi:https://registry.npmjs.org/date-fns set size:399066 disposed:false
156 http fetch GET 200 https://registry.npmjs.org/babel-plugin-macros 86ms (cache revalidated)
157 silly packumentCache corgi:https://registry.npmjs.org/babel-plugin-macros set size:48216 disposed:false
158 http fetch GET 200 https://registry.npmjs.org/uncontrollable 92ms (cache revalidated)
159 silly packumentCache corgi:https://registry.npmjs.org/uncontrollable set size:53994 disposed:false
160 http fetch GET 200 https://registry.npmjs.org/react-select 97ms (cache revalidated)
161 silly packumentCache corgi:https://registry.npmjs.org/react-select set size:296763 disposed:false
162 http fetch GET 200 https://registry.npmjs.org/@emotion%2freact 104ms (cache revalidated)
163 silly packumentCache corgi:https://registry.npmjs.org/@emotion%2freact set size:78830 disposed:false
164 http fetch GET 200 https://registry.npmjs.org/react-overlays 102ms (cache revalidated)
165 silly packumentCache corgi:https://registry.npmjs.org/react-overlays set size:169361 disposed:false
166 http fetch GET 200 https://registry.npmjs.org/rsuite 103ms (cache revalidated)
167 silly packumentCache corgi:https://registry.npmjs.org/rsuite set size:1112234 disposed:false
168 http fetch GET 200 https://registry.npmjs.org/@emotion%2fbabel-plugin 120ms (cache revalidated)
169 silly packumentCache corgi:https://registry.npmjs.org/@emotion%2fbabel-plugin set size:44116 disposed:false
170 http fetch GET 200 https://registry.npmjs.org/react-transition-group 115ms (cache revalidated)
171 silly packumentCache corgi:https://registry.npmjs.org/react-transition-group set size:56614 disposed:false
172 http fetch GET 200 https://registry.npmjs.org/react-big-calendar 121ms (cache revalidated)
173 silly packumentCache corgi:https://registry.npmjs.org/react-big-calendar set size:576727 disposed:false
174 http fetch GET 200 https://registry.npmjs.org/react-window 126ms (cache revalidated)
175 silly packumentCache corgi:https://registry.npmjs.org/react-window set size:179492 disposed:false
176 http fetch GET 200 https://registry.npmjs.org/rsuite-table 128ms (cache revalidated)
177 silly packumentCache corgi:https://registry.npmjs.org/rsuite-table set size:704915 disposed:false
178 http fetch GET 200 https://registry.npmjs.org/dom-helpers 336ms (cache revalidated)
179 silly packumentCache corgi:https://registry.npmjs.org/dom-helpers set size:35093 disposed:false
180 http fetch GET 200 https://registry.npmjs.org/dom-lib 338ms (cache revalidated)
181 silly packumentCache corgi:https://registry.npmjs.org/dom-lib set size:105202 disposed:false
182 http fetch GET 200 https://registry.npmjs.org/@emotion%2fstyled 341ms (cache revalidated)
183 silly packumentCache corgi:https://registry.npmjs.org/@emotion%2fstyled set size:153334 disposed:false
184 http fetch GET 200 https://registry.npmjs.org/react-textarea-autosize 337ms (cache revalidated)
185 silly packumentCache corgi:https://registry.npmjs.org/react-textarea-autosize set size:136910 disposed:false
186 silly packumentCache corgi:https://registry.npmjs.org/react-router-dom cache-miss
187 http fetch GET 200 https://registry.npmjs.org/react-router-dom 39ms (cache revalidated)
188 silly packumentCache corgi:https://registry.npmjs.org/react-router-dom set size:1061588 disposed:false
189 silly packumentCache corgi:https://registry.npmjs.org/@types%2freact-pdf cache-miss
190 http fetch GET 200 https://registry.npmjs.org/@types%2freact-pdf 43ms (cache revalidated)
191 silly packumentCache corgi:https://registry.npmjs.org/@types%2freact-pdf set size:33130 disposed:false
192 silly packumentCache corgi:https://registry.npmjs.org/@ark-ui%2freact cache-miss
193 silly packumentCache corgi:https://registry.npmjs.org/@zag-js%2faccordion cache-miss
194 silly packumentCache corgi:https://registry.npmjs.org/@zag-js%2favatar cache-miss
195 silly packumentCache corgi:https://registry.npmjs.org/@zag-js%2fcarousel cache-miss
196 silly packumentCache corgi:https://registry.npmjs.org/@zag-js%2fcheckbox cache-miss
197 silly packumentCache corgi:https://registry.npmjs.org/@zag-js%2fclipboard cache-miss
198 silly packumentCache corgi:https://registry.npmjs.org/@zag-js%2fcollapsible cache-miss
199 silly packumentCache corgi:https://registry.npmjs.org/@zag-js%2fcolor-picker cache-miss
200 silly packumentCache corgi:https://registry.npmjs.org/@zag-js%2fcombobox cache-miss
201 silly packumentCache corgi:https://registry.npmjs.org/@zag-js%2fdate-picker cache-miss
202 silly packumentCache corgi:https://registry.npmjs.org/@zag-js%2fdialog cache-miss
203 silly packumentCache corgi:https://registry.npmjs.org/@zag-js%2feditable cache-miss
204 silly packumentCache corgi:https://registry.npmjs.org/@zag-js%2ffile-upload cache-miss
205 silly packumentCache corgi:https://registry.npmjs.org/@zag-js%2fhover-card cache-miss
206 silly packumentCache corgi:https://registry.npmjs.org/@zag-js%2fmenu cache-miss
207 silly packumentCache corgi:https://registry.npmjs.org/@zag-js%2fnumber-input cache-miss
208 silly packumentCache corgi:https://registry.npmjs.org/@zag-js%2fpagination cache-miss
209 silly packumentCache corgi:https://registry.npmjs.org/@zag-js%2fpin-input cache-miss
210 silly packumentCache corgi:https://registry.npmjs.org/@zag-js%2fpopover cache-miss
211 silly packumentCache corgi:https://registry.npmjs.org/@zag-js%2fpresence cache-miss
212 silly packumentCache corgi:https://registry.npmjs.org/@zag-js%2fprogress cache-miss
213 silly packumentCache corgi:https://registry.npmjs.org/@zag-js%2fqr-code cache-miss
214 silly packumentCache corgi:https://registry.npmjs.org/@zag-js%2fradio-group cache-miss
215 silly packumentCache corgi:https://registry.npmjs.org/@zag-js%2frating-group cache-miss
216 silly packumentCache corgi:https://registry.npmjs.org/@zag-js%2freact cache-miss
217 silly packumentCache corgi:https://registry.npmjs.org/@zag-js%2fselect cache-miss
218 silly packumentCache corgi:https://registry.npmjs.org/@zag-js%2fsignature-pad cache-miss
219 silly packumentCache corgi:https://registry.npmjs.org/@zag-js%2fslider cache-miss
220 silly packumentCache corgi:https://registry.npmjs.org/@zag-js%2fsplitter cache-miss
221 silly packumentCache corgi:https://registry.npmjs.org/@zag-js%2fsteps cache-miss
222 silly packumentCache corgi:https://registry.npmjs.org/@zag-js%2fswitch cache-miss
223 silly packumentCache corgi:https://registry.npmjs.org/@zag-js%2ftabs cache-miss
224 silly packumentCache corgi:https://registry.npmjs.org/@zag-js%2ftags-input cache-miss
225 silly packumentCache corgi:https://registry.npmjs.org/@zag-js%2ftime-picker cache-miss
226 silly packumentCache corgi:https://registry.npmjs.org/@zag-js%2ftimer cache-miss
227 silly packumentCache corgi:https://registry.npmjs.org/@zag-js%2ftoast cache-miss
228 silly packumentCache corgi:https://registry.npmjs.org/@zag-js%2ftoggle-group cache-miss
229 silly packumentCache corgi:https://registry.npmjs.org/@zag-js%2ftooltip cache-miss
230 silly packumentCache corgi:https://registry.npmjs.org/@zag-js%2ftour cache-miss
231 silly packumentCache corgi:https://registry.npmjs.org/@zag-js%2ftree-view cache-miss
232 http fetch GET 200 https://registry.npmjs.org/@zag-js%2fcollapsible 981ms (cache revalidated)
233 silly packumentCache corgi:https://registry.npmjs.org/@zag-js%2fcollapsible set size:349230 disposed:false
234 http fetch GET 200 https://registry.npmjs.org/@zag-js%2favatar 1000ms (cache revalidated)
235 silly packumentCache corgi:https://registry.npmjs.org/@zag-js%2favatar set size:646927 disposed:false
236 http fetch GET 200 https://registry.npmjs.org/@zag-js%2fcheckbox 1005ms (cache revalidated)
237 silly packumentCache corgi:https://registry.npmjs.org/@zag-js%2fcheckbox set size:1218098 disposed:false
238 http fetch GET 200 https://registry.npmjs.org/@zag-js%2faccordion 1024ms (cache revalidated)
239 silly packumentCache corgi:https://registry.npmjs.org/@zag-js%2faccordion set size:1279782 disposed:false
240 http fetch GET 200 https://registry.npmjs.org/@zag-js%2fdate-picker 1035ms (cache revalidated)
241 silly packumentCache corgi:https://registry.npmjs.org/@zag-js%2fdate-picker set size:1129233 disposed:false
242 http fetch GET 200 https://registry.npmjs.org/@zag-js%2fcarousel 1060ms (cache revalidated)
243 silly packumentCache corgi:https://registry.npmjs.org/@zag-js%2fcarousel set size:750366 disposed:false
244 http fetch GET 200 https://registry.npmjs.org/@zag-js%2fcolor-picker 1066ms (cache revalidated)
245 silly packumentCache corgi:https://registry.npmjs.org/@zag-js%2fcolor-picker set size:898587 disposed:false
246 http fetch GET 200 https://registry.npmjs.org/@ark-ui%2freact 1078ms (cache revalidated)
247 silly packumentCache corgi:https://registry.npmjs.org/@ark-ui%2freact set size:1776222 disposed:false
248 http fetch GET 200 https://registry.npmjs.org/@zag-js%2feditable 1083ms (cache revalidated)
249 silly packumentCache corgi:https://registry.npmjs.org/@zag-js%2feditable set size:1414811 disposed:false
250 http fetch GET 200 https://registry.npmjs.org/@zag-js%2ffile-upload 1099ms (cache revalidated)
251 silly packumentCache corgi:https://registry.npmjs.org/@zag-js%2ffile-upload set size:632701 disposed:false
252 http fetch GET 200 https://registry.npmjs.org/@zag-js%2fclipboard 1109ms (cache revalidated)
253 silly packumentCache corgi:https://registry.npmjs.org/@zag-js%2fclipboard set size:355252 disposed:false
254 http fetch GET 200 https://registry.npmjs.org/@zag-js%2fcombobox 1112ms (cache revalidated)
255 silly packumentCache corgi:https://registry.npmjs.org/@zag-js%2fcombobox set size:1559979 disposed:false
256 http fetch GET 200 https://registry.npmjs.org/@zag-js%2fnumber-input 1126ms (cache revalidated)
257 silly packumentCache corgi:https://registry.npmjs.org/@zag-js%2fnumber-input set size:1464262 disposed:false
258 http fetch GET 200 https://registry.npmjs.org/@zag-js%2fhover-card 1141ms (cache revalidated)
259 silly packumentCache corgi:https://registry.npmjs.org/@zag-js%2fhover-card set size:1093238 disposed:false
260 http fetch GET 200 https://registry.npmjs.org/@zag-js%2fmenu 1151ms (cache revalidated)
261 silly packumentCache corgi:https://registry.npmjs.org/@zag-js%2fmenu set size:1478285 disposed:false
262 http fetch GET 200 https://registry.npmjs.org/@zag-js%2fradio-group 1707ms (cache revalidated)
263 silly packumentCache corgi:https://registry.npmjs.org/@zag-js%2fradio-group set size:973435 disposed:false
264 http fetch GET 200 https://registry.npmjs.org/@zag-js%2fpagination 1750ms (cache revalidated)
265 silly packumentCache corgi:https://registry.npmjs.org/@zag-js%2fpagination set size:965432 disposed:false
266 http fetch GET 200 https://registry.npmjs.org/@zag-js%2fswitch 1776ms (cache revalidated)
267 silly packumentCache corgi:https://registry.npmjs.org/@zag-js%2fswitch set size:784460 disposed:false
268 http fetch GET 200 https://registry.npmjs.org/@zag-js%2fpin-input 1794ms (cache revalidated)
269 silly packumentCache corgi:https://registry.npmjs.org/@zag-js%2fpin-input set size:1400277 disposed:false
270 http fetch GET 200 https://registry.npmjs.org/@zag-js%2freact 1823ms (cache revalidated)
271 silly packumentCache corgi:https://registry.npmjs.org/@zag-js%2freact set size:1316351 disposed:false
272 http fetch GET 200 https://registry.npmjs.org/@zag-js%2fsignature-pad 1833ms (cache revalidated)
273 silly packumentCache corgi:https://registry.npmjs.org/@zag-js%2fsignature-pad set size:285438 disposed:false
274 http fetch GET 200 https://registry.npmjs.org/@zag-js%2frating-group 1839ms (cache revalidated)
275 silly packumentCache corgi:https://registry.npmjs.org/@zag-js%2frating-group set size:951386 disposed:false
276 http fetch GET 200 https://registry.npmjs.org/@zag-js%2fsplitter 1851ms (cache revalidated)
277 silly packumentCache corgi:https://registry.npmjs.org/@zag-js%2fsplitter set size:1342233 disposed:false
278 http fetch GET 200 https://registry.npmjs.org/@zag-js%2ftabs 1867ms (cache revalidated)
279 silly packumentCache corgi:https://registry.npmjs.org/@zag-js%2ftabs set size:1329399 disposed:false
280 http fetch GET 200 https://registry.npmjs.org/@zag-js%2fprogress 1887ms (cache revalidated)
281 silly packumentCache corgi:https://registry.npmjs.org/@zag-js%2fprogress set size:400012 disposed:false
282 http fetch GET 200 https://registry.npmjs.org/@zag-js%2fdialog 1900ms (cache revalidated)
283 silly packumentCache corgi:https://registry.npmjs.org/@zag-js%2fdialog set size:1405094 disposed:false
284 http fetch GET 200 https://registry.npmjs.org/@zag-js%2ftimer 1904ms (cache revalidated)
285 silly packumentCache corgi:https://registry.npmjs.org/@zag-js%2ftimer set size:195881 disposed:false
286 http fetch GET 200 https://registry.npmjs.org/@zag-js%2fselect 1913ms (cache revalidated)
287 silly packumentCache corgi:https://registry.npmjs.org/@zag-js%2fselect set size:1218407 disposed:false
288 http fetch GET 200 https://registry.npmjs.org/@zag-js%2fpopover 1928ms (cache revalidated)
289 silly packumentCache corgi:https://registry.npmjs.org/@zag-js%2fpopover set size:1509934 disposed:false
290 http fetch GET 200 https://registry.npmjs.org/@zag-js%2fqr-code 1980ms (cache revalidated)
291 silly packumentCache corgi:https://registry.npmjs.org/@zag-js%2fqr-code set size:181424 disposed:false
292 http fetch GET 200 https://registry.npmjs.org/@zag-js%2fpresence 2411ms (cache revalidated)
293 silly packumentCache corgi:https://registry.npmjs.org/@zag-js%2fpresence set size:503202 disposed:false
294 http fetch GET 200 https://registry.npmjs.org/@zag-js%2fsteps 2465ms (cache revalidated)
295 silly packumentCache corgi:https://registry.npmjs.org/@zag-js%2fsteps set size:123342 disposed:false
296 http fetch GET 200 https://registry.npmjs.org/@zag-js%2ftoggle-group 2476ms (cache revalidated)
297 silly packumentCache corgi:https://registry.npmjs.org/@zag-js%2ftoggle-group set size:586015 disposed:false
298 http fetch GET 200 https://registry.npmjs.org/@zag-js%2ftree-view 2483ms (cache revalidated)
299 silly packumentCache corgi:https://registry.npmjs.org/@zag-js%2ftree-view set size:402778 disposed:false
300 http fetch GET 200 https://registry.npmjs.org/@zag-js%2fslider 2496ms (cache revalidated)
301 silly packumentCache corgi:https://registry.npmjs.org/@zag-js%2fslider set size:1431426 disposed:false
302 http fetch GET 200 https://registry.npmjs.org/@zag-js%2ftour 2509ms (cache revalidated)
303 silly packumentCache corgi:https://registry.npmjs.org/@zag-js%2ftour set size:371023 disposed:false
304 http fetch GET 200 https://registry.npmjs.org/@zag-js%2ftime-picker 2516ms (cache revalidated)
305 silly packumentCache corgi:https://registry.npmjs.org/@zag-js%2ftime-picker set size:213386 disposed:false
306 http fetch GET 200 https://registry.npmjs.org/@zag-js%2ftags-input 2521ms (cache revalidated)
307 silly packumentCache corgi:https://registry.npmjs.org/@zag-js%2ftags-input set size:1499150 disposed:false
308 http fetch GET 200 https://registry.npmjs.org/@zag-js%2ftoast 2545ms (cache revalidated)
309 silly packumentCache corgi:https://registry.npmjs.org/@zag-js%2ftoast set size:1296370 disposed:false
310 http fetch GET 200 https://registry.npmjs.org/@zag-js%2ftooltip 2561ms (cache revalidated)
311 silly packumentCache corgi:https://registry.npmjs.org/@zag-js%2ftooltip set size:1363389 disposed:false
312 silly packumentCache corgi:https://registry.npmjs.org/ajv-keywords cache-miss
313 silly packumentCache corgi:https://registry.npmjs.org/schema-utils cache-miss
314 http fetch GET 200 https://registry.npmjs.org/ajv-keywords 46ms (cache revalidated)
315 silly packumentCache corgi:https://registry.npmjs.org/ajv-keywords set size:53509 disposed:false
316 http fetch GET 200 https://registry.npmjs.org/schema-utils 47ms (cache revalidated)
317 silly packumentCache corgi:https://registry.npmjs.org/schema-utils set size:76871 disposed:false
318 silly packumentCache corgi:https://registry.npmjs.org/ajv-formats cache-miss
319 http fetch GET 200 https://registry.npmjs.org/ajv-formats 49ms (cache revalidated)
320 silly packumentCache corgi:https://registry.npmjs.org/ajv-formats set size:63554 disposed:false
321 silly packumentCache corgi:https://registry.npmjs.org/ts-node cache-miss
322 http fetch GET 200 https://registry.npmjs.org/ts-node 44ms (cache revalidated)
323 silly packumentCache corgi:https://registry.npmjs.org/ts-node set size:206364 disposed:false
324 silly packumentCache corgi:https://registry.npmjs.org/sucrase cache-miss
325 http fetch GET 200 https://registry.npmjs.org/sucrase 34ms (cache revalidated)
326 silly packumentCache corgi:https://registry.npmjs.org/sucrase set size:163085 disposed:false
327 silly packumentCache corgi:https://registry.npmjs.org/recharts cache-miss
328 silly packumentCache corgi:https://registry.npmjs.org/schema-typed cache-miss
329 http fetch GET 200 https://registry.npmjs.org/recharts 43ms (cache revalidated)
330 silly packumentCache corgi:https://registry.npmjs.org/recharts set size:849386 disposed:false
331 http fetch GET 200 https://registry.npmjs.org/schema-typed 405ms (cache revalidated)
332 silly packumentCache corgi:https://registry.npmjs.org/schema-typed set size:68929 disposed:false
333 silly packumentCache corgi:https://registry.npmjs.org/autoprefixer cache-miss
334 silly packumentCache corgi:https://registry.npmjs.org/postcss-import cache-miss
335 silly packumentCache corgi:https://registry.npmjs.org/postcss-js cache-miss
336 silly packumentCache corgi:https://registry.npmjs.org/postcss-load-config cache-miss
337 silly packumentCache corgi:https://registry.npmjs.org/postcss-nested cache-miss
338 silly packumentCache corgi:https://registry.npmjs.org/tailwindcss cache-miss
339 http fetch GET 200 https://registry.npmjs.org/postcss-js 83ms (cache revalidated)
340 silly packumentCache corgi:https://registry.npmjs.org/postcss-js set size:25314 disposed:false
341 http fetch GET 200 https://registry.npmjs.org/postcss-import 86ms (cache revalidated)
342 silly packumentCache corgi:https://registry.npmjs.org/postcss-import set size:52251 disposed:false
343 http fetch GET 200 https://registry.npmjs.org/postcss-load-config 85ms (cache revalidated)
344 silly packumentCache corgi:https://registry.npmjs.org/postcss-load-config set size:37999 disposed:false
345 http fetch GET 200 https://registry.npmjs.org/autoprefixer 88ms (cache revalidated)
346 silly packumentCache corgi:https://registry.npmjs.org/autoprefixer set size:300887 disposed:false
347 http fetch GET 200 https://registry.npmjs.org/postcss-nested 91ms (cache revalidated)
348 silly packumentCache corgi:https://registry.npmjs.org/postcss-nested set size:41645 disposed:false
349 http fetch GET 200 https://registry.npmjs.org/tailwindcss 103ms (cache revalidated)
350 silly packumentCache corgi:https://registry.npmjs.org/tailwindcss set size:4763804 disposed:false
351 silly packumentCache corgi:https://registry.npmjs.org/anymatch cache-miss
352 silly packumentCache corgi:https://registry.npmjs.org/micromatch cache-miss
353 silly packumentCache corgi:https://registry.npmjs.org/readdirp cache-miss
354 http fetch GET 200 https://registry.npmjs.org/readdirp 46ms (cache revalidated)
355 silly packumentCache corgi:https://registry.npmjs.org/readdirp set size:47123 disposed:false
356 http fetch GET 200 https://registry.npmjs.org/micromatch 52ms (cache revalidated)
357 silly packumentCache corgi:https://registry.npmjs.org/micromatch set size:71776 disposed:false
358 http fetch GET 200 https://registry.npmjs.org/anymatch 53ms (cache revalidated)
359 silly packumentCache corgi:https://registry.npmjs.org/anymatch set size:18345 disposed:false
360 silly packumentCache corgi:https://registry.npmjs.org/cosmiconfig cache-miss
361 http fetch GET 200 https://registry.npmjs.org/cosmiconfig 40ms (cache revalidated)
362 silly packumentCache corgi:https://registry.npmjs.org/cosmiconfig set size:86096 disposed:false
363 silly packumentCache corgi:https://registry.npmjs.org/stripe cache-miss
364 http fetch GET 200 https://registry.npmjs.org/stripe 45ms (cache revalidated)
365 silly packumentCache corgi:https://registry.npmjs.org/stripe set size:1188132 disposed:false
366 silly packumentCache corgi:https://registry.npmjs.org/terser-webpack-plugin cache-miss
367 http fetch GET 200 https://registry.npmjs.org/terser-webpack-plugin 42ms (cache revalidated)
368 silly packumentCache corgi:https://registry.npmjs.org/terser-webpack-plugin set size:213564 disposed:false
369 silly packumentCache corgi:https://registry.npmjs.org/socket.io-client cache-miss
370 http fetch GET 200 https://registry.npmjs.org/socket.io-client 41ms (cache revalidated)
371 silly packumentCache corgi:https://registry.npmjs.org/socket.io-client set size:195399 disposed:false
372 silly packumentCache corgi:https://registry.npmjs.org/react-world-flags cache-miss
373 http fetch GET 200 https://registry.npmjs.org/react-world-flags 277ms (cache revalidated)
374 silly packumentCache corgi:https://registry.npmjs.org/react-world-flags set size:32279 disposed:false
375 silly packumentCache corgi:https://registry.npmjs.org/prebuild-install cache-miss
376 http fetch GET 200 https://registry.npmjs.org/prebuild-install 39ms (cache revalidated)
377 silly packumentCache corgi:https://registry.npmjs.org/prebuild-install set size:82082 disposed:false
378 silly packumentCache corgi:https://registry.npmjs.org/file-loader cache-miss
379 http fetch GET 200 https://registry.npmjs.org/file-loader 38ms (cache revalidated)
380 silly packumentCache corgi:https://registry.npmjs.org/file-loader set size:64354 disposed:false
381 silly packumentCache corgi:https://registry.npmjs.org/engine.io-client cache-miss
382 http fetch GET 200 https://registry.npmjs.org/engine.io-client 36ms (cache revalidated)
383 silly packumentCache corgi:https://registry.npmjs.org/engine.io-client set size:224596 disposed:false
384 silly packumentCache corgi:https://registry.npmjs.org/tw-elements-react cache-miss
385 http fetch GET 200 https://registry.npmjs.org/tw-elements-react 330ms (cache revalidated)
386 silly packumentCache corgi:https://registry.npmjs.org/tw-elements-react set size:4271 disposed:false
387 silly packumentCache corgi:https://registry.npmjs.org/@chakra-ui%2freact cache-miss
388 http fetch GET 200 https://registry.npmjs.org/@chakra-ui%2freact 732ms (cache revalidated)
389 silly packumentCache corgi:https://registry.npmjs.org/@chakra-ui%2freact set size:2907124 disposed:false
390 silly ADD
391 silly ADD
392 silly ADD
393 silly ADD
394 silly ADD
395 silly ADD
396 silly ADD
397 silly ADD
398 silly ADD
399 verbose cwd D:\Projects\BlackstoneAcademy\ALF-FrontEnd\Alfurqan_Dashboard
400 verbose os Windows_NT 10.0.26200
401 verbose node v20.19.0
402 verbose npm  v10.8.2
403 verbose exit 0
404 info ok
