0 verbose cli C:\Program Files\nodejs\node.exe C:\Program Files\nodejs\node_modules\npm\bin\npm-cli.js
1 info using npm@10.8.2
2 info using node@v20.19.0
3 silly config load:file:C:\Program Files\nodejs\node_modules\npm\npmrc
4 silly config load:file:D:\Projects\BlackstoneAcademy\ALF-FrontEnd\Alfurqan_Dashboard\.npmrc
5 silly config load:file:C:\Users\user\.npmrc
6 silly config load:file:D:\npm-global\etc\npmrc
7 verbose title npm install
8 verbose argv "install"
9 verbose logfile logs-max:10 dir:D:\Projects\BlackstoneAcademy\ALF-FrontEnd\Alfurqan_Dashboard\npm-cache\_logs\2026-07-10T10_38_33_959Z-
10 verbose logfile D:\Projects\BlackstoneAcademy\ALF-FrontEnd\Alfurqan_Dashboard\npm-cache\_logs\2026-07-10T10_38_33_959Z-debug-0.log
11 silly packumentCache heap:2197815296 maxSize:549453824 maxEntrySize:274726912
12 silly logfile done cleaning log files
13 silly idealTree buildDeps
14 silly reify moves {}
15 silly audit bulk request {
15 silly audit   '@alloc/quick-lru': [ '5.2.0' ],
15 silly audit   '@ark-ui/react': [ '4.9.1' ],
15 silly audit   '@babel/code-frame': [ '7.26.2' ],
15 silly audit   '@babel/generator': [ '7.26.9' ],
15 silly audit   '@babel/helper-module-imports': [ '7.25.9' ],
15 silly audit   '@babel/helper-string-parser': [ '7.25.9' ],
15 silly audit   '@babel/helper-validator-identifier': [ '7.25.9' ],
15 silly audit   '@babel/parser': [ '7.26.9' ],
15 silly audit   '@babel/runtime': [ '7.26.9' ],
15 silly audit   '@babel/template': [ '7.26.9' ],
15 silly audit   '@babel/traverse': [ '7.26.9' ],
15 silly audit   '@babel/types': [ '7.26.9' ],
15 silly audit   '@chakra-ui/react': [ '3.8.1' ],
15 silly audit   '@cspotcode/source-map-support': [ '0.8.1' ],
15 silly audit   '@jridgewell/trace-mapping': [ '0.3.9', '0.3.25' ],
15 silly audit   '@emotion/babel-plugin': [ '11.13.5' ],
15 silly audit   '@emotion/cache': [ '11.14.0' ],
15 silly audit   '@emotion/hash': [ '0.9.2' ],
15 silly audit   '@emotion/is-prop-valid': [ '1.3.1', '0.8.8' ],
15 silly audit   '@emotion/memoize': [ '0.9.0', '0.7.4' ],
15 silly audit   '@emotion/react': [ '11.14.0' ],
15 silly audit   '@emotion/serialize': [ '1.3.3' ],
15 silly audit   '@emotion/sheet': [ '1.4.0' ],
15 silly audit   '@emotion/styled': [ '11.14.0' ],
15 silly audit   '@emotion/unitless': [ '0.10.0' ],
15 silly audit   '@emotion/use-insertion-effect-with-fallbacks': [ '1.2.0' ],
15 silly audit   '@emotion/utils': [ '1.4.2' ],
15 silly audit   '@emotion/weak-memoize': [ '0.4.0' ],
15 silly audit   '@floating-ui/core': [ '1.6.9' ],
15 silly audit   '@floating-ui/dom': [ '1.6.13', '1.6.12' ],
15 silly audit   '@floating-ui/react': [ '0.19.0', '0.26.28', '0.27.5' ],
15 silly audit   '@floating-ui/react-dom': [ '1.3.0', '2.1.2' ],
15 silly audit   '@floating-ui/utils': [ '0.2.9' ],
15 silly audit   '@formatjs/ecma402-abstract': [ '2.3.3' ],
15 silly audit   '@formatjs/fast-memoize': [ '2.2.6' ],
15 silly audit   '@formatjs/icu-messageformat-parser': [ '2.11.1' ],
15 silly audit   '@formatjs/icu-skeleton-parser': [ '1.8.13' ],
15 silly audit   '@formatjs/intl-localematcher': [ '0.6.0' ],
15 silly audit   '@fullcalendar/core': [ '6.1.15' ],
15 silly audit   '@fullcalendar/daygrid': [ '6.1.15' ],
15 silly audit   '@fullcalendar/react': [ '6.1.15' ],
15 silly audit   '@headlessui/react': [ '2.2.4' ],
15 silly audit   '@react-aria/focus': [ '3.20.3', '3.19.1', '3.19.0' ],
15 silly audit   '@react-aria/interactions': [ '3.25.1', '3.23.0', '3.22.5' ],
15 silly audit   '@react-aria/ssr': [ '3.9.8', '3.9.7' ],
15 silly audit   '@react-aria/utils': [ '3.29.0', '3.27.0', '3.26.0' ],
15 silly audit   '@react-stately/utils': [ '3.10.6', '3.10.5' ],
15 silly audit   '@react-types/shared': [ '3.29.1', '3.27.0', '3.26.0' ],
15 silly audit   '@tanstack/react-virtual': [ '3.13.9', '3.11.2' ],
15 silly audit   '@tanstack/virtual-core': [ '3.13.9', '3.11.2' ],
15 silly audit   clsx: [ '2.1.1', '1.2.1' ],
15 silly audit   '@internationalized/date': [ '3.7.0', '3.6.0' ],
15 silly audit   '@internationalized/message': [ '3.1.6' ],
15 silly audit   '@internationalized/number': [ '3.6.0' ],
15 silly audit   '@internationalized/string': [ '3.2.5' ],
15 silly audit   '@isaacs/cliui': [ '8.0.2' ],
15 silly audit   '@jitsi/react-sdk': [ '1.4.4' ],
15 silly audit   '@jridgewell/gen-mapping': [ '0.3.8' ],
15 silly audit   '@jridgewell/resolve-uri': [ '3.1.2' ],
15 silly audit   '@jridgewell/set-array': [ '1.2.1' ],
15 silly audit   '@jridgewell/source-map': [ '0.3.6' ],
15 silly audit   '@jridgewell/sourcemap-codec': [ '1.5.0' ],
15 silly audit   '@juggle/resize-observer': [ '3.4.0' ],
15 silly audit   '@material-tailwind/react': [ '2.1.10' ],
15 silly audit   'framer-motion': [ '6.5.1', '11.18.2' ],
15 silly audit   react: [ '18.2.0', '18.3.1' ],
15 silly audit   'react-dom': [ '18.2.0', '18.3.1' ],
15 silly audit   '@mongodb-js/saslprep': [ '1.2.0' ],
15 silly audit   '@motionone/animation': [ '10.18.0' ],
15 silly audit   '@motionone/dom': [ '10.12.0' ],
15 silly audit   '@motionone/easing': [ '10.18.0' ],
15 silly audit   '@motionone/generators': [ '10.18.0' ],
15 silly audit   '@motionone/types': [ '10.17.1' ],
15 silly audit   '@motionone/utils': [ '10.18.0' ],
15 silly audit   '@next/env': [ '14.2.13' ],
15 silly audit   '@next/swc-darwin-arm64': [ '14.2.13' ],
15 silly audit   '@next/swc-darwin-x64': [ '14.2.13' ],
15 silly audit   '@next/swc-linux-arm64-gnu': [ '14.2.13' ],
15 silly audit   '@next/swc-linux-arm64-musl': [ '14.2.13' ],
15 silly audit   '@next/swc-linux-x64-gnu': [ '14.2.13' ],
15 silly audit   '@next/swc-linux-x64-musl': [ '14.2.13' ],
15 silly audit   '@next/swc-win32-arm64-msvc': [ '14.2.13' ],
15 silly audit   '@next/swc-win32-ia32-msvc': [ '14.2.13' ],
15 silly audit   '@next/swc-win32-x64-msvc': [ '14.2.13' ],
15 silly audit   '@nextui-org/accordion': [ '2.2.7' ],
15 silly audit   '@nextui-org/alert': [ '2.2.9' ],
15 silly audit   '@nextui-org/aria-utils': [ '2.2.7' ],
15 silly audit   '@nextui-org/autocomplete': [ '2.3.9' ],
15 silly audit   '@nextui-org/avatar': [ '2.2.6' ],
15 silly audit   '@nextui-org/badge': [ '2.2.5' ],
15 silly audit   '@nextui-org/breadcrumbs': [ '2.2.6' ],
15 silly audit   '@nextui-org/button': [ '2.2.9' ],
15 silly audit   '@nextui-org/calendar': [ '2.2.9' ],
15 silly audit   '@nextui-org/card': [ '2.2.9' ],
15 silly audit   '@nextui-org/checkbox': [ '2.3.8' ],
15 silly audit   '@nextui-org/chip': [ '2.2.6' ],
15 silly audit   '@nextui-org/code': [ '2.2.6' ],
15 silly audit   '@nextui-org/date-input': [ '2.3.8' ],
15 silly audit   '@nextui-org/date-picker': [ '2.3.9' ],
15 silly audit   '@nextui-org/divider': [ '2.2.5' ],
15 silly audit   '@nextui-org/dom-animation': [ '2.1.1' ],
15 silly audit   '@nextui-org/drawer': [ '2.2.7' ],
15 silly audit   '@nextui-org/dropdown': [ '2.3.9' ],
15 silly audit   '@nextui-org/form': [ '2.1.8' ],
15 silly audit   '@nextui-org/framer-utils': [ '2.1.6' ],
15 silly audit   '@nextui-org/image': [ '2.2.5' ],
15 silly audit   '@nextui-org/input': [ '2.4.8' ],
15 silly audit   '@nextui-org/input-otp': [ '2.1.8' ],
15 silly audit   '@nextui-org/kbd': [ '2.2.6' ],
15 silly audit   '@nextui-org/link': [ '2.2.7' ],
15 silly audit   '@nextui-org/listbox': [ '2.3.9' ],
15 silly audit   '@nextui-org/menu': [ '2.2.9' ],
15 silly audit   '@nextui-org/modal': [ '2.2.7' ],
15 silly audit   '@nextui-org/navbar': [ '2.2.8' ],
15 silly audit   '@nextui-org/pagination': [ '2.2.8' ],
15 silly audit   '@nextui-org/popover': [ '2.3.9' ],
15 silly audit   '@nextui-org/progress': [ '2.2.6' ],
15 silly audit   '@nextui-org/radio': [ '2.3.8' ],
15 silly audit   '@nextui-org/react': [ '2.6.11' ],
15 silly audit   '@nextui-org/react-rsc-utils': [ '2.1.1' ],
15 silly audit   '@nextui-org/react-utils': [ '2.1.3' ],
15 silly audit   '@nextui-org/ripple': [ '2.2.7' ],
15 silly audit   '@nextui-org/scroll-shadow': [ '2.3.5' ],
15 silly audit   '@nextui-org/select': [ '2.4.9' ],
15 silly audit   '@nextui-org/shared-icons': [ '2.1.1' ],
15 silly audit   '@nextui-org/shared-utils': [ '2.1.2' ],
15 silly audit   '@nextui-org/skeleton': [ '2.2.5' ],
15 silly audit   '@nextui-org/slider': [ '2.4.7' ],
15 silly audit   '@nextui-org/snippet': [ '2.2.10' ],
15 silly audit   '@nextui-org/spacer': [ '2.2.6' ],
15 silly audit   '@nextui-org/spinner': [ '2.2.6' ],
15 silly audit   '@nextui-org/switch': [ '2.2.8' ],
15 silly audit   '@nextui-org/system': [ '2.4.6' ],
15 silly audit   '@nextui-org/system-rsc': [ '2.3.5' ],
15 silly audit   '@nextui-org/table': [ '2.2.8' ],
15 silly audit   '@nextui-org/tabs': [ '2.2.7' ],
15 silly audit   '@nextui-org/theme': [ '2.4.5' ],
15 silly audit   deepmerge: [ '4.3.1', '4.2.2' ],
15 silly audit   'tailwind-merge': [ '2.6.0', '1.8.1', '1.14.0' ],
15 silly audit   '@nextui-org/tooltip': [ '2.2.7' ],
15 silly audit   '@nextui-org/use-aria-accordion': [ '2.2.2' ],
15 silly audit   '@nextui-org/use-aria-button': [ '2.2.4' ],
15 silly audit   '@nextui-org/use-aria-link': [ '2.2.5' ],
15 silly audit   '@nextui-org/use-aria-modal-overlay': [ '2.2.3' ],
15 silly audit   '@nextui-org/use-aria-multiselect': [ '2.4.3' ],
15 silly audit   '@nextui-org/use-callback-ref': [ '2.1.1' ],
15 silly audit   '@nextui-org/use-clipboard': [ '2.1.2' ],
15 silly audit   '@nextui-org/use-data-scroll-overflow': [ '2.2.2' ],
15 silly audit   '@nextui-org/use-disclosure': [ '2.2.2' ],
15 silly audit   '@nextui-org/use-draggable': [ '2.1.2' ],
15 silly audit   '@nextui-org/use-image': [ '2.1.2' ],
15 silly audit   '@nextui-org/use-intersection-observer': [ '2.2.2' ],
15 silly audit   '@nextui-org/use-is-mobile': [ '2.2.2' ],
15 silly audit   '@nextui-org/use-is-mounted': [ '2.1.1' ],
15 silly audit   '@nextui-org/use-measure': [ '2.1.1' ],
15 silly audit   '@nextui-org/use-pagination': [ '2.2.3' ],
15 silly audit   '@nextui-org/use-safe-layout-effect': [ '2.1.1' ],
15 silly audit   '@nextui-org/use-scroll-position': [ '2.1.1' ],
15 silly audit   '@nextui-org/use-update-effect': [ '2.1.1' ],
15 silly audit   '@nextui-org/user': [ '2.2.6' ],
15 silly audit   '@nodelib/fs.scandir': [ '2.1.5' ],
15 silly audit   '@nodelib/fs.stat': [ '2.0.5' ],
15 silly audit   '@nodelib/fs.walk': [ '1.2.8' ],
15 silly audit   '@pandacss/is-valid-prop': [ '0.41.0' ],
15 silly audit   '@pkgjs/parseargs': [ '0.11.0' ],
15 silly audit   '@popperjs/core': [ '2.11.8' ],
15 silly audit   '@react-aria/breadcrumbs': [ '3.5.19' ],
15 silly audit   '@react-aria/button': [ '3.11.0' ],
15 silly audit   '@react-aria/calendar': [ '3.6.0' ],
15 silly audit   '@react-aria/checkbox': [ '3.15.0' ],
15 silly audit   '@react-aria/toggle': [ '3.10.11' ],
15 silly audit   '@react-stately/toggle': [ '3.8.1', '3.8.0' ],
15 silly audit   '@react-types/checkbox': [ '3.9.1', '3.9.0' ],
15 silly audit   '@react-aria/combobox': [ '3.11.0' ],
15 silly audit   '@react-aria/datepicker': [ '3.12.0' ],
15 silly audit   '@react-aria/dialog': [ '3.5.20' ],
15 silly audit   '@react-aria/form': [ '3.0.11' ],
15 silly audit   '@react-aria/grid': [ '3.11.1' ],
15 silly audit   '@react-aria/i18n': [ '3.12.5', '3.12.4' ],
15 silly audit   '@react-aria/selection': [ '3.22.0', '3.21.0' ],
15 silly audit   '@react-stately/collections': [ '3.12.1', '3.12.0' ],
15 silly audit   '@react-types/grid': [ '3.2.11', '3.2.10' ],
15 silly audit   '@react-aria/label': [ '3.7.13' ],
15 silly audit   '@react-aria/link': [ '3.7.7' ],
15 silly audit   '@react-aria/listbox': [ '3.13.6' ],
15 silly audit   '@react-aria/live-announcer': [ '3.4.1' ],
15 silly audit   '@react-aria/menu': [ '3.16.0' ],
15 silly audit   '@react-aria/overlays': [ '3.24.0' ],
15 silly audit   '@react-aria/progress': [ '3.4.18' ],
15 silly audit   '@react-aria/radio': [ '3.10.10' ],
15 silly audit   '@react-aria/slider': [ '3.7.14' ],
15 silly audit   '@react-aria/spinbutton': [ '3.6.11' ],
15 silly audit   '@react-types/button': [ '3.10.2', '3.10.1' ],
15 silly audit   '@react-aria/switch': [ '3.6.10' ],
15 silly audit   '@react-aria/table': [ '3.16.0' ],
15 silly audit   '@react-aria/tabs': [ '3.9.8' ],
15 silly audit   '@react-aria/textfield': [ '3.15.0' ],
15 silly audit   '@react-aria/toolbar': [ '3.0.0-beta.11' ],
15 silly audit   '@react-aria/tooltip': [ '3.7.10' ],
15 silly audit   '@react-aria/visually-hidden': [ '3.8.18' ],
15 silly audit   '@react-oauth/google': [ '0.12.1' ],
15 silly audit   '@react-stately/calendar': [ '3.6.0' ],
15 silly audit   '@react-stately/checkbox': [ '3.6.10' ],
15 silly audit   '@react-stately/combobox': [ '3.10.1' ],
15 silly audit   '@react-stately/datepicker': [ '3.11.0' ],
15 silly audit   '@react-stately/flags': [ '3.1.1' ],
15 silly audit   '@react-stately/form': [ '3.1.0', '3.1.1' ],
15 silly audit   '@react-stately/grid': [ '3.10.1' ],
15 silly audit   '@react-stately/list': [ '3.11.1', '3.11.2' ],
15 silly audit   '@react-stately/menu': [ '3.9.0' ],
15 silly audit   '@react-stately/overlays': [ '3.6.12', '3.6.13' ],
15 silly audit   '@react-stately/radio': [ '3.10.9' ],
15 silly audit   '@react-stately/select': [ '3.6.10' ],
15 silly audit   '@react-types/overlays': [ '3.8.12', '3.8.11' ],
15 silly audit   '@react-types/select': [ '3.9.9', '3.9.8' ],
15 silly audit   '@react-stately/selection': [ '3.19.0' ],
15 silly audit   '@react-stately/slider': [ '3.6.0' ],
15 silly audit   '@react-stately/table': [ '3.13.0' ],
15 silly audit   '@react-stately/tabs': [ '3.7.0' ],
15 silly audit   '@react-stately/tooltip': [ '3.5.0' ],
15 silly audit   '@react-stately/tree': [ '3.8.6' ],
15 silly audit   '@react-stately/virtualizer': [ '4.2.0' ],
15 silly audit   '@react-types/accordion': [ '3.0.0-alpha.25' ],
15 silly audit   '@react-types/breadcrumbs': [ '3.7.9' ],
15 silly audit   '@react-types/calendar': [ '3.5.0' ],
15 silly audit   '@react-types/combobox': [ '3.13.1' ],
15 silly audit   '@react-types/datepicker': [ '3.9.0' ],
15 silly audit   '@react-types/dialog': [ '3.5.15' ],
15 silly audit   '@react-types/form': [ '3.7.8' ],
15 silly audit   '@react-types/link': [ '3.5.9' ],
15 silly audit   '@react-types/listbox': [ '3.5.4' ],
15 silly audit   '@react-types/menu': [ '3.9.13' ],
15 silly audit   '@react-types/progress': [ '3.5.8' ],
15 silly audit   '@react-types/radio': [ '3.8.5' ],
15 silly audit   '@react-types/slider': [ '3.7.8' ],
15 silly audit   '@react-types/switch': [ '3.5.8' ],
15 silly audit   '@react-types/table': [ '3.10.3' ],
15 silly audit   '@react-types/tabs': [ '3.3.11' ],
15 silly audit   '@react-types/textfield': [ '3.10.0' ],
15 silly audit   '@react-types/tooltip': [ '3.4.13' ],
15 silly audit   '@remix-run/router': [ '1.23.0' ],
15 silly audit   '@restart/hooks': [ '0.4.16' ],
15 silly audit   '@rsuite/icon-font': [ '4.1.0' ],
15 silly audit   '@rsuite/icons': [ '1.3.0' ],
15 silly audit   '@socket.io/component-emitter': [ '3.1.2' ],
15 silly audit   '@stripe/react-stripe-js': [ '3.1.1' ],
15 silly audit   '@stripe/stripe-js': [ '5.7.0' ],
15 silly audit   '@swc/counter': [ '0.1.3' ],
15 silly audit   '@swc/helpers': [ '0.5.15', '0.5.5' ],
15 silly audit   '@trysound/sax': [ '0.2.0' ],
15 silly audit   '@tsconfig/node10': [ '1.0.11' ],
15 silly audit   '@tsconfig/node12': [ '1.0.11' ],
15 silly audit   '@tsconfig/node14': [ '1.0.3' ],
15 silly audit   '@tsconfig/node16': [ '1.0.4' ],
15 silly audit   '@types/d3-array': [ '3.2.1' ],
15 silly audit   '@types/d3-color': [ '3.1.3' ],
15 silly audit   '@types/d3-ease': [ '3.0.2' ],
15 silly audit   '@types/d3-interpolate': [ '3.0.4' ],
15 silly audit   '@types/d3-path': [ '3.1.1' ],
15 silly audit   '@types/d3-scale': [ '4.0.9' ],
15 silly audit   '@types/d3-shape': [ '3.1.7' ],
15 silly audit   '@types/d3-time': [ '3.0.4' ],
15 silly audit   '@types/d3-timer': [ '3.0.2' ],
15 silly audit   '@types/date-arithmetic': [ '4.1.4' ],
15 silly audit   '@types/eslint': [ '9.6.1' ],
15 silly audit   '@types/eslint-scope': [ '3.7.7' ],
15 silly audit   '@types/estree': [ '1.0.6' ],
15 silly audit   '@types/json-schema': [ '7.0.15' ],
15 silly audit   '@types/lodash': [ '4.17.15' ],
15 silly audit   '@types/lodash.debounce': [ '4.0.9' ],
15 silly audit   '@types/node': [ '20.17.19' ],
15 silly audit   '@types/parse-json': [ '4.0.2' ],
15 silly audit   '@types/prop-types': [ '15.7.14' ],
15 silly audit   '@types/raf': [ '3.4.3' ],
15 silly audit   '@types/react': [ '18.3.18' ],
15 silly audit   '@types/react-big-calendar': [ '1.16.1' ],
15 silly audit   '@types/react-calendar': [ '4.1.0' ],
15 silly audit   '@types/react-date-range': [ '1.4.10' ],
15 silly audit   'date-fns': [ '2.30.0', '4.1.0', '3.6.0' ],
15 silly audit   '@types/react-dom': [ '18.3.5' ],
15 silly audit   '@types/react-modal': [ '3.16.3' ],
15 silly audit   '@types/react-pdf': [ '6.2.0' ],
15 silly audit   'pdfjs-dist': [ '2.16.105', '2.12.313' ],
15 silly audit   '@types/react-transition-group': [ '4.4.12' ],
15 silly audit   '@types/react-window': [ '1.8.8' ],
15 silly audit   '@types/trusted-types': [ '2.0.7' ],
15 silly audit   '@types/uuid': [ '10.0.0' ],
15 silly audit   '@types/warning': [ '3.0.3' ],
15 silly audit   '@types/webidl-conversions': [ '7.0.3' ],
15 silly audit   '@types/whatwg-url': [ '11.0.5' ],
15 silly audit   '@webassemblyjs/ast': [ '1.14.1' ],
15 silly audit   '@webassemblyjs/floating-point-hex-parser': [ '1.13.2' ],
15 silly audit   '@webassemblyjs/helper-api-error': [ '1.13.2' ],
15 silly audit   '@webassemblyjs/helper-buffer': [ '1.14.1' ],
15 silly audit   '@webassemblyjs/helper-numbers': [ '1.13.2' ],
15 silly audit   '@webassemblyjs/helper-wasm-bytecode': [ '1.13.2' ],
15 silly audit   '@webassemblyjs/helper-wasm-section': [ '1.14.1' ],
15 silly audit   '@webassemblyjs/ieee754': [ '1.13.2' ],
15 silly audit   '@webassemblyjs/leb128': [ '1.13.2' ],
15 silly audit   '@webassemblyjs/utf8': [ '1.13.2' ],
15 silly audit   '@webassemblyjs/wasm-edit': [ '1.14.1' ],
15 silly audit   '@webassemblyjs/wasm-gen': [ '1.14.1' ],
15 silly audit   '@webassemblyjs/wasm-opt': [ '1.14.1' ],
15 silly audit   '@webassemblyjs/wasm-parser': [ '1.14.1' ],
15 silly audit   '@webassemblyjs/wast-printer': [ '1.14.1' ],
15 silly audit   '@wojtekmaj/date-utils': [ '1.5.1' ],
15 silly audit   '@xtuc/ieee754': [ '1.2.0' ],
15 silly audit   '@xtuc/long': [ '4.2.2' ],
15 silly audit   '@zag-js/accordion': [ '0.82.1' ],
15 silly audit   '@zag-js/anatomy': [ '0.82.1' ],
15 silly audit   '@zag-js/aria-hidden': [ '0.82.1' ],
15 silly audit   '@zag-js/auto-resize': [ '0.82.1' ],
15 silly audit   '@zag-js/avatar': [ '0.82.1' ],
15 silly audit   '@zag-js/carousel': [ '0.82.1' ],
15 silly audit   '@zag-js/checkbox': [ '0.82.1' ],
15 silly audit   '@zag-js/clipboard': [ '0.82.1' ],
15 silly audit   '@zag-js/collapsible': [ '0.82.1' ],
15 silly audit   '@zag-js/collection': [ '0.82.1' ],
15 silly audit   '@zag-js/color-picker': [ '0.82.1' ],
15 silly audit   '@zag-js/color-utils': [ '0.82.1' ],
15 silly audit   '@zag-js/combobox': [ '0.82.1' ],
15 silly audit   '@zag-js/core': [ '0.82.1' ],
15 silly audit   '@zag-js/date-picker': [ '0.82.1' ],
15 silly audit   '@zag-js/date-utils': [ '0.82.1' ],
15 silly audit   '@zag-js/dialog': [ '0.82.1' ],
15 silly audit   '@zag-js/dismissable': [ '0.82.1' ],
15 silly audit   '@zag-js/dom-query': [ '0.82.1' ],
15 silly audit   '@zag-js/editable': [ '0.82.1' ],
15 silly audit   '@zag-js/element-rect': [ '0.82.1' ],
15 silly audit   '@zag-js/element-size': [ '0.82.1' ],
15 silly audit   '@zag-js/file-upload': [ '0.82.1' ],
15 silly audit   '@zag-js/file-utils': [ '0.82.1' ],
15 silly audit   '@zag-js/focus-trap': [ '0.82.1' ],
15 silly audit   '@zag-js/focus-visible': [ '0.82.1' ],
15 silly audit   '@zag-js/highlight-word': [ '0.82.1' ],
15 silly audit   '@zag-js/hover-card': [ '0.82.1' ],
15 silly audit   '@zag-js/i18n-utils': [ '0.82.1' ],
15 silly audit   '@zag-js/interact-outside': [ '0.82.1' ],
15 silly audit   '@zag-js/live-region': [ '0.82.1' ],
15 silly audit   '@zag-js/menu': [ '0.82.1' ],
15 silly audit   '@zag-js/number-input': [ '0.82.1' ],
15 silly audit   '@zag-js/pagination': [ '0.82.1' ],
15 silly audit   '@zag-js/pin-input': [ '0.82.1' ],
15 silly audit   '@zag-js/popover': [ '0.82.1' ],
15 silly audit   '@zag-js/popper': [ '0.82.1' ],
15 silly audit   '@zag-js/presence': [ '0.82.1' ],
15 silly audit   '@zag-js/progress': [ '0.82.1' ],
15 silly audit   '@zag-js/qr-code': [ '0.82.1' ],
15 silly audit   '@zag-js/radio-group': [ '0.82.1' ],
15 silly audit   '@zag-js/rating-group': [ '0.82.1' ],
15 silly audit   '@zag-js/react': [ '0.82.1' ],
15 silly audit   '@zag-js/rect-utils': [ '0.82.1' ],
15 silly audit   '@zag-js/remove-scroll': [ '0.82.1' ],
15 silly audit   '@zag-js/scroll-snap': [ '0.82.1' ],
15 silly audit   '@zag-js/select': [ '0.82.1' ],
15 silly audit   '@zag-js/signature-pad': [ '0.82.1' ],
15 silly audit   '@zag-js/slider': [ '0.82.1' ],
15 silly audit   '@zag-js/splitter': [ '0.82.1' ],
15 silly audit   '@zag-js/steps': [ '0.82.1' ],
15 silly audit   '@zag-js/store': [ '0.82.1' ],
15 silly audit   '@zag-js/switch': [ '0.82.1' ],
15 silly audit   '@zag-js/tabs': [ '0.82.1' ],
15 silly audit   '@zag-js/tags-input': [ '0.82.1' ],
15 silly audit   '@zag-js/time-picker': [ '0.82.1' ],
15 silly audit   '@zag-js/timer': [ '0.82.1' ],
15 silly audit   '@zag-js/toast': [ '0.82.1' ],
15 silly audit   '@zag-js/toggle-group': [ '0.82.1' ],
15 silly audit   '@zag-js/tooltip': [ '0.82.1' ],
15 silly audit   '@zag-js/tour': [ '0.82.1' ],
15 silly audit   '@zag-js/tree-view': [ '0.82.1' ],
15 silly audit   '@zag-js/types': [ '0.82.1' ],
15 silly audit   '@zag-js/utils': [ '0.82.1' ],
15 silly audit   acorn: [ '8.14.0' ],
15 silly audit   'acorn-walk': [ '8.3.4' ],
15 silly audit   ajv: [ '6.12.6', '8.17.1' ],
15 silly audit   'ajv-formats': [ '2.1.1' ],
15 silly audit   'json-schema-traverse': [ '1.0.0', '0.4.1' ],
15 silly audit   'ajv-keywords': [ '3.5.2', '5.1.0' ],
15 silly audit   'ansi-regex': [ '6.1.0', '5.0.1' ],
15 silly audit   'ansi-styles': [ '6.2.1', '4.3.0' ],
15 silly audit   'any-promise': [ '1.3.0' ],
15 silly audit   anymatch: [ '3.1.3' ],
15 silly audit   arg: [ '5.0.2', '4.1.3' ],
15 silly audit   'aria-hidden': [ '1.2.4' ],
15 silly audit   asynckit: [ '0.4.0' ],
15 silly audit   atob: [ '2.1.2' ],
15 silly audit   autoprefixer: [ '10.4.20' ],
15 silly audit   axios: [ '1.8.1' ],
15 silly audit   'babel-plugin-macros': [ '3.1.0' ],
15 silly audit   'balanced-match': [ '1.0.2' ],
15 silly audit   'base64-arraybuffer': [ '1.0.2' ],
15 silly audit   'base64-js': [ '1.5.1' ],
15 silly audit   'big.js': [ '5.2.2' ],
15 silly audit   'binary-extensions': [ '2.3.0' ],
15 silly audit   bl: [ '4.1.0' ],
15 silly audit   boolbase: [ '1.0.0' ],
15 silly audit   'brace-expansion': [ '2.0.1', '1.1.12' ],
15 silly audit   braces: [ '3.0.3' ],
15 silly audit   browserslist: [ '4.24.4' ],
15 silly audit   bson: [ '6.10.3' ],
15 silly audit   btoa: [ '1.2.1' ],
15 silly audit   buffer: [ '5.7.1' ],
15 silly audit   'buffer-from': [ '1.1.2' ],
15 silly audit   busboy: [ '1.6.0' ],
15 silly audit   'call-bind-apply-helpers': [ '1.0.2' ],
15 silly audit   'call-bound': [ '1.0.3' ],
15 silly audit   callsites: [ '3.1.0' ],
15 silly audit   'camelcase-css': [ '2.0.1' ],
15 silly audit   'caniuse-lite': [ '1.0.30001701' ],
15 silly audit   canvas: [ '3.1.0' ],
15 silly audit   canvg: [ '3.0.10' ],
15 silly audit   'regenerator-runtime': [ '0.13.11', '0.14.1' ],
15 silly audit   'chart.js': [ '3.9.1' ],
15 silly audit   'chartjs-plugin-datalabels': [ '2.2.0' ],
15 silly audit   chokidar: [ '3.6.0' ],
15 silly audit   'glob-parent': [ '5.1.2', '6.0.2' ],
15 silly audit   chownr: [ '1.1.4' ],
15 silly audit   'chrome-trace-event': [ '1.0.4' ],
15 silly audit   classnames: [ '2.3.2', '2.5.1' ],
15 silly audit   'client-only': [ '0.0.1' ],
15 silly audit   color: [ '4.2.3' ],
15 silly audit   'color-convert': [ '2.0.1' ],
15 silly audit   'color-name': [ '1.1.4' ],
15 silly audit   'color-string': [ '1.9.1' ],
15 silly audit   color2k: [ '2.0.3' ],
15 silly audit   'combined-stream': [ '1.0.8' ],
15 silly audit   commander: [ '4.1.1', '7.2.0', '2.20.3' ],
15 silly audit   'compute-scroll-into-view': [ '3.1.1' ],
15 silly audit   'concat-map': [ '0.0.1' ],
15 silly audit   'convert-source-map': [ '1.9.0' ],
15 silly audit   'core-js': [ '3.40.0' ],
15 silly audit   cosmiconfig: [ '7.1.0' ],
15 silly audit   'countries-cities': [ '0.0.11' ],
15 silly audit   'country-flag-icons': [ '1.5.18' ],
15 silly audit   'country-state-city': [ '3.2.1' ],
15 silly audit   'create-require': [ '1.1.1' ],
15 silly audit   'cross-spawn': [ '7.0.6' ],
15 silly audit   'css-line-break': [ '2.1.0' ],
15 silly audit   'css-select': [ '5.2.2' ],
15 silly audit   'css-tree': [ '2.3.1', '2.2.1' ],
15 silly audit   'css-what': [ '6.2.2' ],
15 silly audit   cssesc: [ '3.0.0' ],
15 silly audit   csso: [ '5.0.5' ],
15 silly audit   'mdn-data': [ '2.0.28', '2.0.30' ],
15 silly audit   csstype: [ '3.1.3' ],
15 silly audit   'd3-array': [ '3.2.4' ],
15 silly audit   'd3-color': [ '3.1.0' ],
15 silly audit   'd3-ease': [ '3.0.1' ],
15 silly audit   'd3-format': [ '3.1.0' ],
15 silly audit   'd3-interpolate': [ '3.0.1' ],
15 silly audit   'd3-path': [ '3.1.0' ],
15 silly audit   'd3-scale': [ '4.0.2' ],
15 silly audit   'd3-shape': [ '3.2.0' ],
15 silly audit   'd3-time': [ '3.1.0' ],
15 silly audit   'd3-time-format': [ '4.1.0' ],
15 silly audit   'd3-timer': [ '3.0.1' ],
15 silly audit   'date-arithmetic': [ '4.1.0' ],
15 silly audit   dayjs: [ '1.11.13' ],
15 silly audit   debug: [ '4.4.0', '4.3.7' ],
15 silly audit   'decimal.js': [ '10.5.0' ],
15 silly audit   'decimal.js-light': [ '2.5.1' ],
15 silly audit   'decompress-response': [ '6.0.0' ],
15 silly audit   'deep-extend': [ '0.6.0' ],
15 silly audit   'delayed-stream': [ '1.0.0' ],
15 silly audit   dequal: [ '2.0.3' ],
15 silly audit   'detect-element-overflow': [ '1.4.2' ],
15 silly audit   'detect-libc': [ '2.0.4' ],
15 silly audit   diacritics: [ '1.3.0' ],
15 silly audit   didyoumean: [ '1.2.2' ],
15 silly audit   diff: [ '4.0.2' ],
15 silly audit   dlv: [ '1.1.3' ],
15 silly audit   'dom-helpers': [ '5.2.1' ],
15 silly audit   'dom-lib': [ '3.3.2' ],
15 silly audit   'dom-serializer': [ '2.0.0' ],
15 silly audit   domelementtype: [ '2.3.0' ],
15 silly audit   domhandler: [ '5.0.3' ],
15 silly audit   dommatrix: [ '1.0.3' ],
15 silly audit   dompurify: [ '3.2.4' ],
15 silly audit   domutils: [ '3.2.2' ],
15 silly audit   'dunder-proto': [ '1.0.1' ],
15 silly audit   eastasianwidth: [ '0.2.0' ],
15 silly audit   'electron-to-chromium': [ '1.5.109' ],
15 silly audit   'emoji-regex': [ '9.2.2', '8.0.0' ],
15 silly audit   'emojis-list': [ '3.0.0' ],
15 silly audit   'end-of-stream': [ '1.4.4' ],
15 silly audit   'engine.io-client': [ '6.6.3' ],
15 silly audit   'engine.io-parser': [ '5.2.3' ],
15 silly audit   'enhanced-resolve': [ '5.18.1' ],
15 silly audit   entities: [ '4.5.0' ],
15 silly audit   'error-ex': [ '1.3.2' ],
15 silly audit   'es-define-property': [ '1.0.1' ],
15 silly audit   'es-errors': [ '1.3.0' ],
15 silly audit   'es-module-lexer': [ '1.6.0' ],
15 silly audit   'es-object-atoms': [ '1.1.1' ],
15 silly audit   'es-set-tostringtag': [ '2.1.0' ],
15 silly audit   'es6-promise': [ '4.2.8' ],
15 silly audit   escalade: [ '3.2.0' ],
15 silly audit   'escape-string-regexp': [ '4.0.0' ],
15 silly audit   'eslint-scope': [ '5.1.1' ],
15 silly audit   esrecurse: [ '4.3.0' ],
15 silly audit   estraverse: [ '5.3.0', '4.3.0' ],
15 silly audit   eventemitter3: [ '4.0.7' ],
15 silly audit   events: [ '3.3.0' ],
15 silly audit   exenv: [ '1.2.2' ],
15 silly audit   'expand-template': [ '2.0.3' ],
15 silly audit   'fast-deep-equal': [ '3.1.3' ],
15 silly audit   'fast-equals': [ '5.2.2' ],
15 silly audit   'fast-glob': [ '3.3.3' ],
15 silly audit   'fast-json-stable-stringify': [ '2.1.0' ],
15 silly audit   'fast-safe-stringify': [ '2.1.1' ],
15 silly audit   'fast-uri': [ '3.0.6' ],
15 silly audit   fastq: [ '1.19.1' ],
15 silly audit   fflate: [ '0.8.2' ],
15 silly audit   'file-loader': [ '6.2.0' ],
15 silly audit   'fill-range': [ '7.1.1' ],
15 silly audit   'find-root': [ '1.1.0' ],
15 silly audit   flat: [ '5.0.2' ],
15 silly audit   'follow-redirects': [ '1.15.9' ],
15 silly audit   'foreground-child': [ '3.3.1' ],
15 silly audit   'form-data': [ '4.0.2' ],
15 silly audit   'fraction.js': [ '4.3.7' ],
15 silly audit   framesync: [ '6.0.1' ],
15 silly audit   'fs-constants': [ '1.0.0' ],
15 silly audit   'fs.realpath': [ '1.0.0' ],
15 silly audit   fsevents: [ '2.3.3' ],
15 silly audit   'function-bind': [ '1.1.2' ],
15 silly audit   'get-intrinsic': [ '1.3.0' ],
15 silly audit   'get-proto': [ '1.0.1' ],
15 silly audit   'get-user-locale': [ '2.3.2' ],
15 silly audit   'github-from-package': [ '0.0.0' ],
15 silly audit   glob: [ '10.4.5', '7.2.3' ],
15 silly audit   'glob-to-regexp': [ '0.4.1' ],
15 silly audit   globalize: [ '0.1.1' ],
15 silly audit   globals: [ '11.12.0' ],
15 silly audit   gopd: [ '1.2.0' ],
15 silly audit   'graceful-fs': [ '4.2.11' ],
15 silly audit   'has-flag': [ '4.0.0' ],
15 silly audit   'has-symbols': [ '1.1.0' ],
15 silly audit   'has-tostringtag': [ '1.0.2' ],
15 silly audit   hasown: [ '2.0.2' ],
15 silly audit   'hey-listen': [ '1.0.8' ],
15 silly audit   'hoist-non-react-statics': [ '3.3.2' ],
15 silly audit   html2canvas: [ '1.4.1' ],
15 silly audit   'html2pdf.js': [ '0.10.3' ],
15 silly audit   'i18n-iso-countries': [ '7.14.0' ],
15 silly audit   ieee754: [ '1.2.1' ],
15 silly audit   'import-fresh': [ '3.3.1' ],
15 silly audit   inflight: [ '1.0.6' ],
15 silly audit   inherits: [ '2.0.4' ],
15 silly audit   ini: [ '1.3.8' ],
15 silly audit   'input-format': [ '0.3.14' ],
15 silly audit   'input-otp': [ '1.4.1' ],
15 silly audit   internmap: [ '2.0.3' ],
15 silly audit   interpret: [ '1.4.0' ],
15 silly audit   'intl-messageformat': [ '10.7.15' ],
15 silly audit   invariant: [ '2.2.4' ],
15 silly audit   'is-arrayish': [ '0.2.1', '0.3.2' ],
15 silly audit   'is-binary-path': [ '2.1.0' ],
15 silly audit   'is-core-module': [ '2.16.1' ],
15 silly audit   'is-extglob': [ '2.1.1' ],
15 silly audit   'is-fullwidth-code-point': [ '3.0.0' ],
15 silly audit   'is-glob': [ '4.0.3' ],
15 silly audit   'is-number': [ '7.0.0' ],
15 silly audit   isexe: [ '2.0.0' ],
15 silly audit   'iso-639-1': [ '3.1.5' ],
15 silly audit   jackspeak: [ '3.4.3' ],
15 silly audit   'jest-worker': [ '27.5.1' ],
15 silly audit   jiti: [ '1.21.7' ],
15 silly audit   'js-tokens': [ '4.0.0' ],
15 silly audit   jsesc: [ '3.1.0' ],
15 silly audit   'json-parse-even-better-errors': [ '2.3.1' ],
15 silly audit   json5: [ '2.2.3' ],
15 silly audit   jspdf: [ '3.0.0' ],
15 silly audit   kareem: [ '2.6.3' ],
15 silly audit   'libphonenumber-js': [ '1.12.4' ],
15 silly audit   lilconfig: [ '3.1.3' ],
15 silly audit   'lines-and-columns': [ '1.2.4' ],
15 silly audit   'loader-runner': [ '4.3.0' ],
15 silly audit   'loader-utils': [ '2.0.4' ],
15 silly audit   lodash: [ '4.17.21' ],
15 silly audit   'lodash-es': [ '4.17.21' ],
15 silly audit   'lodash.debounce': [ '4.0.8' ],
15 silly audit   'lodash.memoize': [ '4.1.2' ],
15 silly audit   'lodash.reduce': [ '4.6.0' ],
15 silly audit   'lodash.startswith': [ '4.2.1' ],
15 silly audit   'loose-envify': [ '1.4.0' ],
15 silly audit   'lru-cache': [ '10.4.3' ],
15 silly audit   'lucide-react': [ '0.469.0' ],
15 silly audit   luxon: [ '3.5.0' ],
15 silly audit   'make-cancellable-promise': [ '1.3.2' ],
15 silly audit   'make-error': [ '1.3.6' ],
15 silly audit   'make-event-props': [ '1.6.2' ],
15 silly audit   'map-age-cleaner': [ '0.1.3' ],
15 silly audit   'material-ripple-effects': [ '2.0.1' ],
15 silly audit   'math-intrinsics': [ '1.1.0' ],
15 silly audit   mem: [ '8.1.1' ],
15 silly audit   'memoize-one': [ '6.0.0', '5.2.1' ],
15 silly audit   'memory-pager': [ '1.5.0' ],
15 silly audit   'merge-class-names': [ '1.4.2' ],
15 silly audit   'merge-refs': [ '1.3.0' ],
15 silly audit   'merge-stream': [ '2.0.0' ],
15 silly audit   merge2: [ '1.4.1' ],
15 silly audit   micromatch: [ '4.0.8' ],
15 silly audit   'mime-db': [ '1.52.0' ],
15 silly audit   'mime-types': [ '2.1.35' ],
15 silly audit   'mimic-fn': [ '3.1.0' ],
15 silly audit   'mimic-response': [ '3.1.0' ],
15 silly audit   minimatch: [ '9.0.5', '3.1.2' ],
15 silly audit   minimist: [ '1.2.8' ],
15 silly audit   minipass: [ '7.1.2' ],
15 silly audit   'mkdirp-classic': [ '0.5.3' ],
15 silly audit   moment: [ '2.30.1' ],
15 silly audit   'moment-timezone': [ '0.5.47' ],
15 silly audit   mongodb: [ '6.13.1' ],
15 silly audit   'mongodb-connection-string-url': [ '3.0.2' ],
15 silly audit   mongoose: [ '8.11.0' ],
15 silly audit   'motion-dom': [ '11.18.1' ],
15 silly audit   'motion-utils': [ '11.18.1' ],
15 silly audit   mpath: [ '0.9.0' ],
15 silly audit   mquery: [ '5.0.0' ],
15 silly audit   ms: [ '2.1.3' ],
15 silly audit   mz: [ '2.7.0' ],
15 silly audit   nanoid: [ '3.3.8' ],
15 silly audit   'napi-build-utils': [ '2.0.0' ],
15 silly audit   'neo-async': [ '2.6.2' ],
15 silly audit   next: [ '14.2.13' ],
15 silly audit   postcss: [ '8.4.31', '8.5.3' ],
15 silly audit   'node-abi': [ '3.75.0' ],
15 silly audit   'node-addon-api': [ '7.1.1' ],
15 silly audit   'node-releases': [ '2.0.19' ],
15 silly audit   'normalize-path': [ '3.0.0' ],
15 silly audit   'normalize-range': [ '0.1.2' ],
15 silly audit   'nth-check': [ '2.1.1' ],
15 silly audit   'object-assign': [ '4.1.1' ],
15 silly audit   'object-hash': [ '3.0.0' ],
15 silly audit   'object-inspect': [ '1.13.4' ],
15 silly audit   once: [ '1.4.0' ],
15 silly audit   'p-defer': [ '1.0.0' ],
15 silly audit   'package-json-from-dist': [ '1.0.1' ],
15 silly audit   'parent-module': [ '1.0.1' ],
15 silly audit   'parse-json': [ '5.2.0' ],
15 silly audit   'path-is-absolute': [ '1.0.1' ],
15 silly audit   'path-key': [ '3.1.1' ],
15 silly audit   'path-parse': [ '1.0.7' ],
15 silly audit   'path-scurry': [ '1.11.1' ],
15 silly audit   'path-type': [ '4.0.0' ],
15 silly audit   'perfect-freehand': [ '1.2.2' ],
15 silly audit   'performance-now': [ '2.1.0' ],
15 silly audit   picocolors: [ '1.1.1' ],
15 silly audit   picomatch: [ '2.3.1' ],
15 silly audit   pify: [ '2.3.0' ],
15 silly audit   pirates: [ '4.0.6' ],
15 silly audit   popmotion: [ '11.0.3' ],
15 silly audit   'postcss-import': [ '15.1.0' ],
15 silly audit   'postcss-js': [ '4.0.1' ],
15 silly audit   'postcss-load-config': [ '4.0.2' ],
15 silly audit   yaml: [ '2.7.0', '1.10.2' ],
15 silly audit   'postcss-nested': [ '6.2.0' ],
15 silly audit   'postcss-selector-parser': [ '6.1.2' ],
15 silly audit   'postcss-value-parser': [ '4.2.0' ],
15 silly audit   preact: [ '10.12.1' ],
15 silly audit   'prebuild-install': [ '7.1.3' ],
15 silly audit   'prop-types': [ '15.8.1' ],
15 silly audit   'proxy-compare': [ '3.0.1' ],
15 silly audit   'proxy-from-env': [ '1.1.0' ],
15 silly audit   'proxy-memoize': [ '3.0.1' ],
15 silly audit   pump: [ '3.0.2' ],
15 silly audit   punycode: [ '2.3.1' ],
15 silly audit   qs: [ '6.14.0' ],
15 silly audit   'queue-microtask': [ '1.2.3' ],
15 silly audit   raf: [ '3.4.1' ],
15 silly audit   randombytes: [ '2.1.0' ],
15 silly audit   rc: [ '1.2.8' ],
15 silly audit   'react-big-calendar': [ '1.18.0' ],
15 silly audit   'react-calendar': [ '5.1.0' ],
15 silly audit   'react-chartjs-2': [ '4.3.1' ],
15 silly audit   'react-circular-progressbar': [ '2.2.0' ],
15 silly audit   'react-clock': [ '5.1.0' ],
15 silly audit   'react-country-region-selector': [ '4.0.2' ],
15 silly audit   'react-date-picker': [ '11.0.0' ],
15 silly audit   'react-date-range': [ '2.0.1' ],
15 silly audit   'react-datepicker': [ '7.6.0' ],
15 silly audit   'react-fast-compare': [ '3.2.2' ],
15 silly audit   'react-fit': [ '2.0.1' ],
15 silly audit   'react-icons': [ '5.5.0' ],
15 silly audit   'react-is': [ '16.13.1', '18.3.1', '17.0.2' ],
15 silly audit   'react-lifecycles-compat': [ '3.0.4' ],
15 silly audit   'react-list': [ '0.8.18' ],
15 silly audit   'react-modal': [ '3.16.3' ],
15 silly audit   'react-overlays': [ '5.2.1' ],
15 silly audit   'react-pdf': [ '5.7.2' ],
15 silly audit   'react-phone-input-2': [ '2.15.1' ],
15 silly audit   'react-phone-number-input': [ '3.4.12' ],
15 silly audit   'react-popper': [ '2.3.0' ],
15 silly audit   'react-router': [ '6.30.0' ],
15 silly audit   'react-router-dom': [ '6.30.0' ],
15 silly audit   'react-select': [ '5.10.0' ],
15 silly audit   'react-smooth': [ '4.0.4' ],
15 silly audit   'react-textarea-autosize': [ '8.5.7' ],
15 silly audit   'react-time-picker': [ '7.0.0' ],
15 silly audit   'react-timezone-select': [ '3.2.8' ],
15 silly audit   'react-toastify': [ '11.0.5' ],
15 silly audit   'react-transition-group': [ '4.4.5' ],
15 silly audit   'react-use-set': [ '1.0.0' ],
15 silly audit   'react-window': [ '1.8.11' ],
15 silly audit   'react-world-flags': [ '1.6.0' ],
15 silly audit   'read-cache': [ '1.0.0' ],
15 silly audit   'readable-stream': [ '3.6.2' ],
15 silly audit   readdirp: [ '3.6.0' ],
15 silly audit   'readline-sync': [ '1.4.10' ],
15 silly audit   recharts: [ '2.15.1' ],
15 silly audit   'recharts-scale': [ '0.4.5' ],
15 silly audit   rechoir: [ '0.6.2' ],
15 silly audit   'require-from-string': [ '2.0.2' ],
15 silly audit   resolve: [ '1.22.10' ],
15 silly audit   'resolve-from': [ '4.0.0' ],
15 silly audit   reusify: [ '1.1.0' ],
15 silly audit   rgbcolor: [ '1.0.1' ],
15 silly audit   rsuite: [ '5.78.0' ],
15 silly audit   'rsuite-table': [ '5.19.1' ],
15 silly audit   'run-parallel': [ '1.2.0' ],
15 silly audit   'safe-buffer': [ '5.2.1' ],
15 silly audit   scheduler: [ '0.23.2' ],
15 silly audit   'schema-typed': [ '2.3.0' ],
15 silly audit   'schema-utils': [ '3.3.0', '4.3.0' ],
15 silly audit   'scroll-into-view-if-needed': [ '3.0.10' ],
15 silly audit   semver: [ '7.7.2' ],
15 silly audit   'serialize-javascript': [ '6.0.2' ],
15 silly audit   'shallow-equal': [ '1.2.1' ],
15 silly audit   'shebang-command': [ '2.0.0' ],
15 silly audit   'shebang-regex': [ '3.0.0' ],
15 silly audit   shelljs: [ '0.8.5' ],
15 silly audit   'side-channel': [ '1.1.0' ],
15 silly audit   'side-channel-list': [ '1.0.0' ],
15 silly audit   'side-channel-map': [ '1.0.1' ],
15 silly audit   'side-channel-weakmap': [ '1.0.2' ],
15 silly audit   sift: [ '17.1.3' ],
15 silly audit   'signal-exit': [ '4.1.0' ],
15 silly audit   'simple-concat': [ '1.0.1' ],
15 silly audit   'simple-get': [ '4.0.1' ],
15 silly audit   'simple-swizzle': [ '0.2.2' ],
15 silly audit   'socket.io-client': [ '4.8.1' ],
15 silly audit   'socket.io-parser': [ '4.2.4' ],
15 silly audit   'source-map': [ '0.5.7', '0.6.1' ],
15 silly audit   'source-map-js': [ '1.2.1' ],
15 silly audit   'source-map-support': [ '0.5.21' ],
15 silly audit   spacetime: [ '7.7.0' ],
15 silly audit   'sparse-bitfield': [ '3.0.3' ],
15 silly audit   'stackblur-canvas': [ '2.7.0' ],
15 silly audit   streamsearch: [ '1.1.0' ],
15 silly audit   string_decoder: [ '1.3.0' ],
15 silly audit   'string-width': [ '5.1.2', '4.2.3' ],
15 silly audit   'strip-ansi': [ '6.0.1', '7.1.0' ],
15 silly audit   'strip-json-comments': [ '2.0.1' ],
15 silly audit   stripe: [ '17.7.0' ],
15 silly audit   'style-value-types': [ '5.0.0' ],
15 silly audit   'styled-jsx': [ '5.1.1' ],
15 silly audit   stylis: [ '4.2.0' ],
15 silly audit   sucrase: [ '3.35.0' ],
15 silly audit   'supports-color': [ '8.1.1' ],
15 silly audit   'supports-preserve-symlinks-flag': [ '1.0.0' ],
15 silly audit   'svg-country-flags': [ '1.2.10' ],
15 silly audit   'svg-pathdata': [ '6.0.3' ],
15 silly audit   svgo: [ '3.3.2' ],
15 silly audit   sweetalert2: [ '11.26.25' ],
15 silly audit   tabbable: [ '6.2.0' ],
15 silly audit   'tailwind-scrollbar': [ '3.1.0' ],
15 silly audit   'tailwind-variants': [ '0.1.20' ],
15 silly audit   tailwindcss: [ '3.4.17' ],
15 silly audit   'tailwindcss-animate': [ '1.0.7' ],
15 silly audit   tapable: [ '2.2.1' ],
15 silly audit   'tar-fs': [ '2.1.3' ],
15 silly audit   'tar-stream': [ '2.2.0' ],
15 silly audit   terser: [ '5.39.0' ],
15 silly audit   'terser-webpack-plugin': [ '5.3.12' ],
15 silly audit   'text-segmentation': [ '1.0.3' ],
15 silly audit   thenify: [ '3.3.1' ],
15 silly audit   'thenify-all': [ '1.6.0' ],
15 silly audit   'timezone-soft': [ '1.5.2' ],
15 silly audit   'tiny-invariant': [ '1.3.3' ],
15 silly audit   'tiny-warning': [ '1.0.3' ],
15 silly audit   'to-regex-range': [ '5.0.1' ],
15 silly audit   tr46: [ '5.0.0' ],
15 silly audit   'ts-interface-checker': [ '0.1.13' ],
15 silly audit   'ts-node': [ '10.9.2' ],
15 silly audit   tslib: [ '2.8.1' ],
15 silly audit   'tunnel-agent': [ '0.6.0' ],
15 silly audit   'tw-elements-react': [ '1.0.0-alpha-end' ],
15 silly audit   typescript: [ '5.7.3' ],
15 silly audit   uncontrollable: [ '7.2.1' ],
15 silly audit   'undici-types': [ '6.19.8' ],
15 silly audit   'update-browserslist-db': [ '1.1.3' ],
15 silly audit   'update-input-width': [ '1.4.2' ],
15 silly audit   uqr: [ '0.1.2' ],
15 silly audit   'uri-js': [ '4.4.1' ],
15 silly audit   'use-composed-ref': [ '1.4.0' ],
15 silly audit   'use-isomorphic-layout-effect': [ '1.2.0' ],
15 silly audit   'use-latest': [ '1.3.0' ],
15 silly audit   'use-sync-external-store': [ '1.5.0' ],
15 silly audit   'util-deprecate': [ '1.0.2' ],
15 silly audit   utrie: [ '1.0.2' ],
15 silly audit   uuid: [ '11.1.0' ],
15 silly audit   'v8-compile-cache-lib': [ '3.0.1' ],
15 silly audit   'victory-vendor': [ '36.9.2' ],
15 silly audit   warning: [ '4.0.3' ],
15 silly audit   watchpack: [ '2.4.2' ],
15 silly audit   'wavesurfer.js': [ '7.12.10' ],
15 silly audit   'web-streams-polyfill': [ '3.3.3' ],
15 silly audit   'webidl-conversions': [ '7.0.0' ],
15 silly audit   webpack: [ '5.98.0' ],
15 silly audit   'webpack-sources': [ '3.2.3' ],
15 silly audit   'whatwg-url': [ '14.1.1' ],
15 silly audit   which: [ '2.0.2' ],
15 silly audit   'whisper-node': [ '1.1.1' ],
15 silly audit   'world-countries': [ '5.1.0' ],
15 silly audit   'wrap-ansi': [ '8.1.0', '7.0.0' ],
15 silly audit   wrappy: [ '1.0.2' ],
15 silly audit   ws: [ '8.17.1' ],
15 silly audit   'xmlhttprequest-ssl': [ '2.1.2' ],
15 silly audit   yn: [ '3.1.1' ]
15 silly audit }
16 verbose reify failed optional dependency D:\Projects\BlackstoneAcademy\ALF-FrontEnd\Alfurqan_Dashboard\node_modules\fsevents
17 silly reify mark deleted [
17 silly reify   'D:\\Projects\\BlackstoneAcademy\\ALF-FrontEnd\\Alfurqan_Dashboard\\node_modules\\fsevents'
17 silly reify ]
18 verbose reify failed optional dependency D:\Projects\BlackstoneAcademy\ALF-FrontEnd\Alfurqan_Dashboard\node_modules\@next\swc-win32-ia32-msvc
19 silly reify mark deleted [
19 silly reify   'D:\\Projects\\BlackstoneAcademy\\ALF-FrontEnd\\Alfurqan_Dashboard\\node_modules\\@next\\swc-win32-ia32-msvc'
19 silly reify ]
20 verbose reify failed optional dependency D:\Projects\BlackstoneAcademy\ALF-FrontEnd\Alfurqan_Dashboard\node_modules\@next\swc-win32-arm64-msvc
21 silly reify mark deleted [
21 silly reify   'D:\\Projects\\BlackstoneAcademy\\ALF-FrontEnd\\Alfurqan_Dashboard\\node_modules\\@next\\swc-win32-arm64-msvc'
21 silly reify ]
22 verbose reify failed optional dependency D:\Projects\BlackstoneAcademy\ALF-FrontEnd\Alfurqan_Dashboard\node_modules\@next\swc-linux-x64-musl
23 silly reify mark deleted [
23 silly reify   'D:\\Projects\\BlackstoneAcademy\\ALF-FrontEnd\\Alfurqan_Dashboard\\node_modules\\@next\\swc-linux-x64-musl'
23 silly reify ]
24 verbose reify failed optional dependency D:\Projects\BlackstoneAcademy\ALF-FrontEnd\Alfurqan_Dashboard\node_modules\@next\swc-linux-x64-gnu
25 silly reify mark deleted [
25 silly reify   'D:\\Projects\\BlackstoneAcademy\\ALF-FrontEnd\\Alfurqan_Dashboard\\node_modules\\@next\\swc-linux-x64-gnu'
25 silly reify ]
26 verbose reify failed optional dependency D:\Projects\BlackstoneAcademy\ALF-FrontEnd\Alfurqan_Dashboard\node_modules\@next\swc-linux-arm64-musl
27 silly reify mark deleted [
27 silly reify   'D:\\Projects\\BlackstoneAcademy\\ALF-FrontEnd\\Alfurqan_Dashboard\\node_modules\\@next\\swc-linux-arm64-musl'
27 silly reify ]
28 verbose reify failed optional dependency D:\Projects\BlackstoneAcademy\ALF-FrontEnd\Alfurqan_Dashboard\node_modules\@next\swc-linux-arm64-gnu
29 silly reify mark deleted [
29 silly reify   'D:\\Projects\\BlackstoneAcademy\\ALF-FrontEnd\\Alfurqan_Dashboard\\node_modules\\@next\\swc-linux-arm64-gnu'
29 silly reify ]
30 verbose reify failed optional dependency D:\Projects\BlackstoneAcademy\ALF-FrontEnd\Alfurqan_Dashboard\node_modules\@next\swc-darwin-x64
31 silly reify mark deleted [
31 silly reify   'D:\\Projects\\BlackstoneAcademy\\ALF-FrontEnd\\Alfurqan_Dashboard\\node_modules\\@next\\swc-darwin-x64'
31 silly reify ]
32 verbose reify failed optional dependency D:\Projects\BlackstoneAcademy\ALF-FrontEnd\Alfurqan_Dashboard\node_modules\@next\swc-darwin-arm64
33 silly reify mark deleted [
33 silly reify   'D:\\Projects\\BlackstoneAcademy\\ALF-FrontEnd\\Alfurqan_Dashboard\\node_modules\\@next\\swc-darwin-arm64'
33 silly reify ]
34 silly tarball no local data for yn@https://registry.npmjs.org/yn/-/yn-3.1.1.tgz. Extracting by manifest.
35 silly tarball no local data for yaml@https://registry.npmjs.org/yaml/-/yaml-1.10.2.tgz. Extracting by manifest.
36 silly tarball no local data for xmlhttprequest-ssl@https://registry.npmjs.org/xmlhttprequest-ssl/-/xmlhttprequest-ssl-2.1.2.tgz. Extracting by manifest.
37 silly tarball no local data for wrappy@https://registry.npmjs.org/wrappy/-/wrappy-1.0.2.tgz. Extracting by manifest.
38 silly tarball no local data for wrap-ansi-cjs@https://registry.npmjs.org/wrap-ansi/-/wrap-ansi-7.0.0.tgz. Extracting by manifest.
39 silly tarball no local data for wrap-ansi@https://registry.npmjs.org/wrap-ansi/-/wrap-ansi-8.1.0.tgz. Extracting by manifest.
40 silly tarball no local data for ws@https://registry.npmjs.org/ws/-/ws-8.17.1.tgz. Extracting by manifest.
41 silly tarball no local data for whisper-node@https://registry.npmjs.org/whisper-node/-/whisper-node-1.1.1.tgz. Extracting by manifest.
42 silly tarball no local data for world-countries@https://registry.npmjs.org/world-countries/-/world-countries-5.1.0.tgz. Extracting by manifest.
43 silly tarball no local data for which@https://registry.npmjs.org/which/-/which-2.0.2.tgz. Extracting by manifest.
44 silly tarball no local data for whatwg-url@https://registry.npmjs.org/whatwg-url/-/whatwg-url-14.1.1.tgz. Extracting by manifest.
45 silly tarball no local data for webpack-sources@https://registry.npmjs.org/webpack-sources/-/webpack-sources-3.2.3.tgz. Extracting by manifest.
46 silly tarball no local data for webidl-conversions@https://registry.npmjs.org/webidl-conversions/-/webidl-conversions-7.0.0.tgz. Extracting by manifest.
47 silly tarball no local data for webpack@https://registry.npmjs.org/webpack/-/webpack-5.98.0.tgz. Extracting by manifest.
48 silly tarball no local data for web-streams-polyfill@https://registry.npmjs.org/web-streams-polyfill/-/web-streams-polyfill-3.3.3.tgz. Extracting by manifest.
49 silly tarball no local data for watchpack@https://registry.npmjs.org/watchpack/-/watchpack-2.4.2.tgz. Extracting by manifest.
50 silly tarball no local data for victory-vendor@https://registry.npmjs.org/victory-vendor/-/victory-vendor-36.9.2.tgz. Extracting by manifest.
51 silly tarball no local data for warning@https://registry.npmjs.org/warning/-/warning-4.0.3.tgz. Extracting by manifest.
52 silly tarball no local data for v8-compile-cache-lib@https://registry.npmjs.org/v8-compile-cache-lib/-/v8-compile-cache-lib-3.0.1.tgz. Extracting by manifest.
53 silly tarball no local data for uuid@https://registry.npmjs.org/uuid/-/uuid-11.1.0.tgz. Extracting by manifest.
54 silly tarball no local data for utrie@https://registry.npmjs.org/utrie/-/utrie-1.0.2.tgz. Extracting by manifest.
55 silly tarball no local data for util-deprecate@https://registry.npmjs.org/util-deprecate/-/util-deprecate-1.0.2.tgz. Extracting by manifest.
56 silly tarball no local data for use-isomorphic-layout-effect@https://registry.npmjs.org/use-isomorphic-layout-effect/-/use-isomorphic-layout-effect-1.2.0.tgz. Extracting by manifest.
57 silly tarball no local data for use-latest@https://registry.npmjs.org/use-latest/-/use-latest-1.3.0.tgz. Extracting by manifest.
58 silly tarball no local data for use-sync-external-store@https://registry.npmjs.org/use-sync-external-store/-/use-sync-external-store-1.5.0.tgz. Extracting by manifest.
59 silly tarball no local data for use-composed-ref@https://registry.npmjs.org/use-composed-ref/-/use-composed-ref-1.4.0.tgz. Extracting by manifest.
60 silly tarball no local data for uqr@https://registry.npmjs.org/uqr/-/uqr-0.1.2.tgz. Extracting by manifest.
61 silly tarball no local data for update-browserslist-db@https://registry.npmjs.org/update-browserslist-db/-/update-browserslist-db-1.1.3.tgz. Extracting by manifest.
62 silly tarball no local data for uri-js@https://registry.npmjs.org/uri-js/-/uri-js-4.4.1.tgz. Extracting by manifest.
63 silly tarball no local data for update-input-width@https://registry.npmjs.org/update-input-width/-/update-input-width-1.4.2.tgz. Extracting by manifest.
64 silly tarball no local data for undici-types@https://registry.npmjs.org/undici-types/-/undici-types-6.19.8.tgz. Extracting by manifest.
65 silly tarball no local data for uncontrollable@https://registry.npmjs.org/uncontrollable/-/uncontrollable-7.2.1.tgz. Extracting by manifest.
66 silly tarball no local data for tw-elements-react@https://registry.npmjs.org/tw-elements-react/-/tw-elements-react-1.0.0-alpha-end.tgz. Extracting by manifest.
67 silly tarball no local data for tunnel-agent@https://registry.npmjs.org/tunnel-agent/-/tunnel-agent-0.6.0.tgz. Extracting by manifest.
68 silly tarball no local data for typescript@https://registry.npmjs.org/typescript/-/typescript-5.7.3.tgz. Extracting by manifest.
69 silly tarball no local data for ts-node@https://registry.npmjs.org/ts-node/-/ts-node-10.9.2.tgz. Extracting by manifest.
70 silly tarball no local data for tslib@https://registry.npmjs.org/tslib/-/tslib-2.8.1.tgz. Extracting by manifest.
71 silly tarball no local data for tr46@https://registry.npmjs.org/tr46/-/tr46-5.0.0.tgz. Extracting by manifest.
72 silly tarball no local data for ts-interface-checker@https://registry.npmjs.org/ts-interface-checker/-/ts-interface-checker-0.1.13.tgz. Extracting by manifest.
73 silly tarball no local data for to-regex-range@https://registry.npmjs.org/to-regex-range/-/to-regex-range-5.0.1.tgz. Extracting by manifest.
74 silly tarball no local data for tiny-warning@https://registry.npmjs.org/tiny-warning/-/tiny-warning-1.0.3.tgz. Extracting by manifest.
75 silly tarball no local data for tiny-invariant@https://registry.npmjs.org/tiny-invariant/-/tiny-invariant-1.3.3.tgz. Extracting by manifest.
76 silly tarball no local data for timezone-soft@https://registry.npmjs.org/timezone-soft/-/timezone-soft-1.5.2.tgz. Extracting by manifest.
77 silly tarball no local data for thenify-all@https://registry.npmjs.org/thenify-all/-/thenify-all-1.6.0.tgz. Extracting by manifest.
78 silly tarball no local data for thenify@https://registry.npmjs.org/thenify/-/thenify-3.3.1.tgz. Extracting by manifest.
79 silly tarball no local data for text-segmentation@https://registry.npmjs.org/text-segmentation/-/text-segmentation-1.0.3.tgz. Extracting by manifest.
80 silly tarball no local data for tar-stream@https://registry.npmjs.org/tar-stream/-/tar-stream-2.2.0.tgz. Extracting by manifest.
81 silly tarball no local data for terser-webpack-plugin@https://registry.npmjs.org/terser-webpack-plugin/-/terser-webpack-plugin-5.3.12.tgz. Extracting by manifest.
82 silly tarball no local data for terser@https://registry.npmjs.org/terser/-/terser-5.39.0.tgz. Extracting by manifest.
83 silly tarball no local data for tar-fs@https://registry.npmjs.org/tar-fs/-/tar-fs-2.1.3.tgz. Extracting by manifest.
84 silly tarball no local data for tapable@https://registry.npmjs.org/tapable/-/tapable-2.2.1.tgz. Extracting by manifest.
85 silly tarball no local data for tailwindcss-animate@https://registry.npmjs.org/tailwindcss-animate/-/tailwindcss-animate-1.0.7.tgz. Extracting by manifest.
86 silly tarball no local data for tailwindcss@https://registry.npmjs.org/tailwindcss/-/tailwindcss-3.4.17.tgz. Extracting by manifest.
87 silly tarball no local data for tailwind-variants@https://registry.npmjs.org/tailwind-variants/-/tailwind-variants-0.1.20.tgz. Extracting by manifest.
88 silly tarball no local data for tailwind-scrollbar@https://registry.npmjs.org/tailwind-scrollbar/-/tailwind-scrollbar-3.1.0.tgz. Extracting by manifest.
89 silly tarball no local data for tailwind-merge@https://registry.npmjs.org/tailwind-merge/-/tailwind-merge-1.8.1.tgz. Extracting by manifest.
90 silly tarball no local data for tabbable@https://registry.npmjs.org/tabbable/-/tabbable-6.2.0.tgz. Extracting by manifest.
91 silly tarball no local data for svgo@https://registry.npmjs.org/svgo/-/svgo-3.3.2.tgz. Extracting by manifest.
92 silly tarball no local data for svg-pathdata@https://registry.npmjs.org/svg-pathdata/-/svg-pathdata-6.0.3.tgz. Extracting by manifest.
93 silly tarball no local data for svg-country-flags@https://registry.npmjs.org/svg-country-flags/-/svg-country-flags-1.2.10.tgz. Extracting by manifest.
94 silly tarball no local data for supports-preserve-symlinks-flag@https://registry.npmjs.org/supports-preserve-symlinks-flag/-/supports-preserve-symlinks-flag-1.0.0.tgz. Extracting by manifest.
95 silly tarball no local data for supports-color@https://registry.npmjs.org/supports-color/-/supports-color-8.1.1.tgz. Extracting by manifest.
96 silly tarball no local data for sucrase@https://registry.npmjs.org/sucrase/-/sucrase-3.35.0.tgz. Extracting by manifest.
97 silly tarball no local data for stylis@https://registry.npmjs.org/stylis/-/stylis-4.2.0.tgz. Extracting by manifest.
98 silly tarball no local data for styled-jsx@https://registry.npmjs.org/styled-jsx/-/styled-jsx-5.1.1.tgz. Extracting by manifest.
99 silly tarball no local data for style-value-types@https://registry.npmjs.org/style-value-types/-/style-value-types-5.0.0.tgz. Extracting by manifest.
100 silly tarball no local data for stripe@https://registry.npmjs.org/stripe/-/stripe-17.7.0.tgz. Extracting by manifest.
101 silly tarball no local data for strip-json-comments@https://registry.npmjs.org/strip-json-comments/-/strip-json-comments-2.0.1.tgz. Extracting by manifest.
102 silly tarball no local data for strip-ansi@https://registry.npmjs.org/strip-ansi/-/strip-ansi-7.1.0.tgz. Extracting by manifest.
103 silly tarball no local data for strip-ansi-cjs@https://registry.npmjs.org/strip-ansi/-/strip-ansi-6.0.1.tgz. Extracting by manifest.
104 silly tarball no local data for string-width-cjs@https://registry.npmjs.org/string-width/-/string-width-4.2.3.tgz. Extracting by manifest.
105 silly tarball no local data for string-width@https://registry.npmjs.org/string-width/-/string-width-5.1.2.tgz. Extracting by manifest.
106 silly tarball no local data for string_decoder@https://registry.npmjs.org/string_decoder/-/string_decoder-1.3.0.tgz. Extracting by manifest.
107 silly tarball no local data for streamsearch@https://registry.npmjs.org/streamsearch/-/streamsearch-1.1.0.tgz. Extracting by manifest.
108 silly tarball no local data for stackblur-canvas@https://registry.npmjs.org/stackblur-canvas/-/stackblur-canvas-2.7.0.tgz. Extracting by manifest.
109 silly tarball no local data for sparse-bitfield@https://registry.npmjs.org/sparse-bitfield/-/sparse-bitfield-3.0.3.tgz. Extracting by manifest.
110 silly tarball no local data for spacetime@https://registry.npmjs.org/spacetime/-/spacetime-7.7.0.tgz. Extracting by manifest.
111 silly tarball no local data for source-map-support@https://registry.npmjs.org/source-map-support/-/source-map-support-0.5.21.tgz. Extracting by manifest.
112 silly tarball no local data for source-map-js@https://registry.npmjs.org/source-map-js/-/source-map-js-1.2.1.tgz. Extracting by manifest.
113 silly tarball no local data for source-map@https://registry.npmjs.org/source-map/-/source-map-0.5.7.tgz. Extracting by manifest.
114 silly tarball no local data for socket.io-parser@https://registry.npmjs.org/socket.io-parser/-/socket.io-parser-4.2.4.tgz. Extracting by manifest.
115 silly tarball no local data for simple-swizzle@https://registry.npmjs.org/simple-swizzle/-/simple-swizzle-0.2.2.tgz. Extracting by manifest.
116 silly tarball no local data for socket.io-client@https://registry.npmjs.org/socket.io-client/-/socket.io-client-4.8.1.tgz. Extracting by manifest.
117 silly tarball no local data for simple-get@https://registry.npmjs.org/simple-get/-/simple-get-4.0.1.tgz. Extracting by manifest.
118 silly tarball no local data for simple-concat@https://registry.npmjs.org/simple-concat/-/simple-concat-1.0.1.tgz. Extracting by manifest.
119 silly tarball no local data for signal-exit@https://registry.npmjs.org/signal-exit/-/signal-exit-4.1.0.tgz. Extracting by manifest.
120 silly tarball no local data for sift@https://registry.npmjs.org/sift/-/sift-17.1.3.tgz. Extracting by manifest.
121 silly tarball no local data for side-channel-weakmap@https://registry.npmjs.org/side-channel-weakmap/-/side-channel-weakmap-1.0.2.tgz. Extracting by manifest.
122 silly tarball no local data for side-channel-map@https://registry.npmjs.org/side-channel-map/-/side-channel-map-1.0.1.tgz. Extracting by manifest.
123 silly tarball no local data for side-channel-list@https://registry.npmjs.org/side-channel-list/-/side-channel-list-1.0.0.tgz. Extracting by manifest.
124 silly tarball no local data for side-channel@https://registry.npmjs.org/side-channel/-/side-channel-1.1.0.tgz. Extracting by manifest.
125 silly tarball no local data for shelljs@https://registry.npmjs.org/shelljs/-/shelljs-0.8.5.tgz. Extracting by manifest.
126 silly tarball no local data for shebang-command@https://registry.npmjs.org/shebang-command/-/shebang-command-2.0.0.tgz. Extracting by manifest.
127 silly tarball no local data for shebang-regex@https://registry.npmjs.org/shebang-regex/-/shebang-regex-3.0.0.tgz. Extracting by manifest.
128 silly tarball no local data for shallow-equal@https://registry.npmjs.org/shallow-equal/-/shallow-equal-1.2.1.tgz. Extracting by manifest.
129 silly tarball no local data for serialize-javascript@https://registry.npmjs.org/serialize-javascript/-/serialize-javascript-6.0.2.tgz. Extracting by manifest.
130 silly tarball no local data for semver@https://registry.npmjs.org/semver/-/semver-7.7.2.tgz. Extracting by manifest.
131 silly tarball no local data for schema-utils@https://registry.npmjs.org/schema-utils/-/schema-utils-3.3.0.tgz. Extracting by manifest.
132 silly tarball no local data for scroll-into-view-if-needed@https://registry.npmjs.org/scroll-into-view-if-needed/-/scroll-into-view-if-needed-3.0.10.tgz. Extracting by manifest.
133 silly tarball no local data for schema-typed@https://registry.npmjs.org/schema-typed/-/schema-typed-2.3.0.tgz. Extracting by manifest.
134 silly tarball no local data for scheduler@https://registry.npmjs.org/scheduler/-/scheduler-0.23.2.tgz. Extracting by manifest.
135 silly tarball no local data for rsuite-table@https://registry.npmjs.org/rsuite-table/-/rsuite-table-5.19.1.tgz. Extracting by manifest.
136 silly tarball no local data for safe-buffer@https://registry.npmjs.org/safe-buffer/-/safe-buffer-5.2.1.tgz. Extracting by manifest.
137 silly tarball no local data for run-parallel@https://registry.npmjs.org/run-parallel/-/run-parallel-1.2.0.tgz. Extracting by manifest.
138 silly tarball no local data for rsuite@https://registry.npmjs.org/rsuite/-/rsuite-5.78.0.tgz. Extracting by manifest.
139 silly tarball no local data for rgbcolor@https://registry.npmjs.org/rgbcolor/-/rgbcolor-1.0.1.tgz. Extracting by manifest.
140 silly tarball no local data for reusify@https://registry.npmjs.org/reusify/-/reusify-1.1.0.tgz. Extracting by manifest.
141 silly tarball no local data for resolve-from@https://registry.npmjs.org/resolve-from/-/resolve-from-4.0.0.tgz. Extracting by manifest.
142 silly tarball no local data for resolve@https://registry.npmjs.org/resolve/-/resolve-1.22.10.tgz. Extracting by manifest.
143 silly tarball no local data for require-from-string@https://registry.npmjs.org/require-from-string/-/require-from-string-2.0.2.tgz. Extracting by manifest.
144 silly tarball no local data for regenerator-runtime@https://registry.npmjs.org/regenerator-runtime/-/regenerator-runtime-0.14.1.tgz. Extracting by manifest.
145 silly tarball no local data for rechoir@https://registry.npmjs.org/rechoir/-/rechoir-0.6.2.tgz. Extracting by manifest.
146 silly tarball no local data for recharts-scale@https://registry.npmjs.org/recharts-scale/-/recharts-scale-0.4.5.tgz. Extracting by manifest.
147 silly tarball no local data for readline-sync@https://registry.npmjs.org/readline-sync/-/readline-sync-1.4.10.tgz. Extracting by manifest.
148 silly tarball no local data for readdirp@https://registry.npmjs.org/readdirp/-/readdirp-3.6.0.tgz. Extracting by manifest.
149 silly tarball no local data for recharts@https://registry.npmjs.org/recharts/-/recharts-2.15.1.tgz. Extracting by manifest.
150 silly tarball no local data for readable-stream@https://registry.npmjs.org/readable-stream/-/readable-stream-3.6.2.tgz. Extracting by manifest.
151 silly tarball no local data for react-world-flags@https://registry.npmjs.org/react-world-flags/-/react-world-flags-1.6.0.tgz. Extracting by manifest.
152 silly tarball no local data for read-cache@https://registry.npmjs.org/read-cache/-/read-cache-1.0.0.tgz. Extracting by manifest.
153 silly tarball no local data for react-window@https://registry.npmjs.org/react-window/-/react-window-1.8.11.tgz. Extracting by manifest.
154 silly tarball no local data for react-use-set@https://registry.npmjs.org/react-use-set/-/react-use-set-1.0.0.tgz. Extracting by manifest.
155 silly tarball no local data for react-transition-group@https://registry.npmjs.org/react-transition-group/-/react-transition-group-4.4.5.tgz. Extracting by manifest.
156 silly tarball no local data for react-toastify@https://registry.npmjs.org/react-toastify/-/react-toastify-11.0.5.tgz. Extracting by manifest.
157 silly tarball no local data for react-timezone-select@https://registry.npmjs.org/react-timezone-select/-/react-timezone-select-3.2.8.tgz. Extracting by manifest.
158 silly tarball no local data for react-time-picker@https://registry.npmjs.org/react-time-picker/-/react-time-picker-7.0.0.tgz. Extracting by manifest.
159 silly tarball no local data for react-textarea-autosize@https://registry.npmjs.org/react-textarea-autosize/-/react-textarea-autosize-8.5.7.tgz. Extracting by manifest.
160 silly tarball no local data for react-smooth@https://registry.npmjs.org/react-smooth/-/react-smooth-4.0.4.tgz. Extracting by manifest.
161 silly tarball no local data for react-router-dom@https://registry.npmjs.org/react-router-dom/-/react-router-dom-6.30.0.tgz. Extracting by manifest.
162 silly tarball no local data for react-router@https://registry.npmjs.org/react-router/-/react-router-6.30.0.tgz. Extracting by manifest.
163 silly tarball no local data for react-select@https://registry.npmjs.org/react-select/-/react-select-5.10.0.tgz. Extracting by manifest.
164 silly tarball no local data for react-phone-number-input@https://registry.npmjs.org/react-phone-number-input/-/react-phone-number-input-3.4.12.tgz. Extracting by manifest.
165 silly tarball no local data for react-popper@https://registry.npmjs.org/react-popper/-/react-popper-2.3.0.tgz. Extracting by manifest.
166 silly tarball no local data for react-phone-input-2@https://registry.npmjs.org/react-phone-input-2/-/react-phone-input-2-2.15.1.tgz. Extracting by manifest.
167 silly tarball no local data for react-pdf@https://registry.npmjs.org/react-pdf/-/react-pdf-5.7.2.tgz. Extracting by manifest.
168 silly tarball no local data for react-overlays@https://registry.npmjs.org/react-overlays/-/react-overlays-5.2.1.tgz. Extracting by manifest.
169 silly tarball no local data for react-modal@https://registry.npmjs.org/react-modal/-/react-modal-3.16.3.tgz. Extracting by manifest.
170 silly tarball no local data for react-list@https://registry.npmjs.org/react-list/-/react-list-0.8.18.tgz. Extracting by manifest.
171 silly tarball no local data for react-is@https://registry.npmjs.org/react-is/-/react-is-16.13.1.tgz. Extracting by manifest.
172 silly tarball no local data for react-lifecycles-compat@https://registry.npmjs.org/react-lifecycles-compat/-/react-lifecycles-compat-3.0.4.tgz. Extracting by manifest.
173 silly tarball no local data for react-icons@https://registry.npmjs.org/react-icons/-/react-icons-5.5.0.tgz. Extracting by manifest.
174 silly tarball no local data for react-fast-compare@https://registry.npmjs.org/react-fast-compare/-/react-fast-compare-3.2.2.tgz. Extracting by manifest.
175 silly tarball no local data for react-fit@https://registry.npmjs.org/react-fit/-/react-fit-2.0.1.tgz. Extracting by manifest.
176 silly tarball no local data for react-dom@https://registry.npmjs.org/react-dom/-/react-dom-18.3.1.tgz. Extracting by manifest.
177 silly tarball no local data for react-date-range@https://registry.npmjs.org/react-date-range/-/react-date-range-2.0.1.tgz. Extracting by manifest.
178 silly tarball no local data for react-datepicker@https://registry.npmjs.org/react-datepicker/-/react-datepicker-7.6.0.tgz. Extracting by manifest.
179 silly tarball no local data for react-date-picker@https://registry.npmjs.org/react-date-picker/-/react-date-picker-11.0.0.tgz. Extracting by manifest.
180 silly tarball no local data for react-clock@https://registry.npmjs.org/react-clock/-/react-clock-5.1.0.tgz. Extracting by manifest.
181 silly tarball no local data for react-circular-progressbar@https://registry.npmjs.org/react-circular-progressbar/-/react-circular-progressbar-2.2.0.tgz. Extracting by manifest.
182 silly tarball no local data for react-country-region-selector@https://registry.npmjs.org/react-country-region-selector/-/react-country-region-selector-4.0.2.tgz. Extracting by manifest.
183 silly tarball no local data for react-chartjs-2@https://registry.npmjs.org/react-chartjs-2/-/react-chartjs-2-4.3.1.tgz. Extracting by manifest.
184 silly tarball no local data for react-calendar@https://registry.npmjs.org/react-calendar/-/react-calendar-5.1.0.tgz. Extracting by manifest.
185 silly tarball no local data for react-big-calendar@https://registry.npmjs.org/react-big-calendar/-/react-big-calendar-1.18.0.tgz. Extracting by manifest.
186 silly tarball no local data for react@https://registry.npmjs.org/react/-/react-18.3.1.tgz. Extracting by manifest.
187 silly tarball no local data for rc@https://registry.npmjs.org/rc/-/rc-1.2.8.tgz. Extracting by manifest.
188 silly tarball no local data for randombytes@https://registry.npmjs.org/randombytes/-/randombytes-2.1.0.tgz. Extracting by manifest.
189 silly tarball no local data for raf@https://registry.npmjs.org/raf/-/raf-3.4.1.tgz. Extracting by manifest.
190 silly tarball no local data for qs@https://registry.npmjs.org/qs/-/qs-6.14.0.tgz. Extracting by manifest.
191 silly tarball no local data for queue-microtask@https://registry.npmjs.org/queue-microtask/-/queue-microtask-1.2.3.tgz. Extracting by manifest.
192 silly tarball no local data for punycode@https://registry.npmjs.org/punycode/-/punycode-2.3.1.tgz. Extracting by manifest.
193 silly tarball no local data for pump@https://registry.npmjs.org/pump/-/pump-3.0.2.tgz. Extracting by manifest.
194 silly tarball no local data for proxy-memoize@https://registry.npmjs.org/proxy-memoize/-/proxy-memoize-3.0.1.tgz. Extracting by manifest.
195 silly tarball no local data for proxy-compare@https://registry.npmjs.org/proxy-compare/-/proxy-compare-3.0.1.tgz. Extracting by manifest.
196 silly tarball no local data for proxy-from-env@https://registry.npmjs.org/proxy-from-env/-/proxy-from-env-1.1.0.tgz. Extracting by manifest.
197 silly tarball no local data for prebuild-install@https://registry.npmjs.org/prebuild-install/-/prebuild-install-7.1.3.tgz. Extracting by manifest.
198 silly tarball no local data for prop-types@https://registry.npmjs.org/prop-types/-/prop-types-15.8.1.tgz. Extracting by manifest.
199 silly tarball no local data for preact@https://registry.npmjs.org/preact/-/preact-10.12.1.tgz. Extracting by manifest.
200 silly tarball no local data for postcss-selector-parser@https://registry.npmjs.org/postcss-selector-parser/-/postcss-selector-parser-6.1.2.tgz. Extracting by manifest.
201 silly tarball no local data for postcss-js@https://registry.npmjs.org/postcss-js/-/postcss-js-4.0.1.tgz. Extracting by manifest.
202 silly tarball no local data for postcss-load-config@https://registry.npmjs.org/postcss-load-config/-/postcss-load-config-4.0.2.tgz. Extracting by manifest.
203 silly tarball no local data for postcss-nested@https://registry.npmjs.org/postcss-nested/-/postcss-nested-6.2.0.tgz. Extracting by manifest.
204 silly tarball no local data for postcss@https://registry.npmjs.org/postcss/-/postcss-8.5.3.tgz. Extracting by manifest.
205 silly tarball no local data for postcss-value-parser@https://registry.npmjs.org/postcss-value-parser/-/postcss-value-parser-4.2.0.tgz. Extracting by manifest.
206 silly tarball no local data for popmotion@https://registry.npmjs.org/popmotion/-/popmotion-11.0.3.tgz. Extracting by manifest.
207 silly tarball no local data for postcss-import@https://registry.npmjs.org/postcss-import/-/postcss-import-15.1.0.tgz. Extracting by manifest.
208 silly tarball no local data for pirates@https://registry.npmjs.org/pirates/-/pirates-4.0.6.tgz. Extracting by manifest.
209 silly tarball no local data for picomatch@https://registry.npmjs.org/picomatch/-/picomatch-2.3.1.tgz. Extracting by manifest.
210 silly tarball no local data for picocolors@https://registry.npmjs.org/picocolors/-/picocolors-1.1.1.tgz. Extracting by manifest.
211 silly tarball no local data for pify@https://registry.npmjs.org/pify/-/pify-2.3.0.tgz. Extracting by manifest.
212 silly tarball no local data for perfect-freehand@https://registry.npmjs.org/perfect-freehand/-/perfect-freehand-1.2.2.tgz. Extracting by manifest.
213 silly tarball no local data for pdfjs-dist@https://registry.npmjs.org/pdfjs-dist/-/pdfjs-dist-2.12.313.tgz. Extracting by manifest.
214 silly tarball no local data for performance-now@https://registry.npmjs.org/performance-now/-/performance-now-2.1.0.tgz. Extracting by manifest.
215 silly tarball no local data for path-scurry@https://registry.npmjs.org/path-scurry/-/path-scurry-1.11.1.tgz. Extracting by manifest.
216 silly tarball no local data for path-parse@https://registry.npmjs.org/path-parse/-/path-parse-1.0.7.tgz. Extracting by manifest.
217 silly tarball no local data for path-type@https://registry.npmjs.org/path-type/-/path-type-4.0.0.tgz. Extracting by manifest.
218 silly tarball no local data for path-key@https://registry.npmjs.org/path-key/-/path-key-3.1.1.tgz. Extracting by manifest.
219 silly tarball no local data for path-is-absolute@https://registry.npmjs.org/path-is-absolute/-/path-is-absolute-1.0.1.tgz. Extracting by manifest.
220 silly tarball no local data for parse-json@https://registry.npmjs.org/parse-json/-/parse-json-5.2.0.tgz. Extracting by manifest.
221 silly tarball no local data for parent-module@https://registry.npmjs.org/parent-module/-/parent-module-1.0.1.tgz. Extracting by manifest.
222 silly tarball no local data for package-json-from-dist@https://registry.npmjs.org/package-json-from-dist/-/package-json-from-dist-1.0.1.tgz. Extracting by manifest.
223 silly tarball no local data for once@https://registry.npmjs.org/once/-/once-1.4.0.tgz. Extracting by manifest.
224 silly tarball no local data for p-defer@https://registry.npmjs.org/p-defer/-/p-defer-1.0.0.tgz. Extracting by manifest.
225 silly tarball no local data for object-inspect@https://registry.npmjs.org/object-inspect/-/object-inspect-1.13.4.tgz. Extracting by manifest.
226 silly tarball no local data for object-hash@https://registry.npmjs.org/object-hash/-/object-hash-3.0.0.tgz. Extracting by manifest.
227 silly tarball no local data for object-assign@https://registry.npmjs.org/object-assign/-/object-assign-4.1.1.tgz. Extracting by manifest.
228 silly tarball no local data for normalize-range@https://registry.npmjs.org/normalize-range/-/normalize-range-0.1.2.tgz. Extracting by manifest.
229 silly tarball no local data for nth-check@https://registry.npmjs.org/nth-check/-/nth-check-2.1.1.tgz. Extracting by manifest.
230 silly tarball no local data for node-releases@https://registry.npmjs.org/node-releases/-/node-releases-2.0.19.tgz. Extracting by manifest.
231 silly tarball no local data for normalize-path@https://registry.npmjs.org/normalize-path/-/normalize-path-3.0.0.tgz. Extracting by manifest.
232 silly tarball no local data for node-abi@https://registry.npmjs.org/node-abi/-/node-abi-3.75.0.tgz. Extracting by manifest.
233 silly tarball no local data for neo-async@https://registry.npmjs.org/neo-async/-/neo-async-2.6.2.tgz. Extracting by manifest.
234 silly tarball no local data for next@https://registry.npmjs.org/next/-/next-14.2.13.tgz. Extracting by manifest.
235 silly tarball no local data for node-addon-api@https://registry.npmjs.org/node-addon-api/-/node-addon-api-7.1.1.tgz. Extracting by manifest.
236 silly tarball no local data for napi-build-utils@https://registry.npmjs.org/napi-build-utils/-/napi-build-utils-2.0.0.tgz. Extracting by manifest.
237 silly tarball no local data for mz@https://registry.npmjs.org/mz/-/mz-2.7.0.tgz. Extracting by manifest.
238 silly tarball no local data for ms@https://registry.npmjs.org/ms/-/ms-2.1.3.tgz. Extracting by manifest.
239 silly tarball no local data for mquery@https://registry.npmjs.org/mquery/-/mquery-5.0.0.tgz. Extracting by manifest.
240 silly tarball no local data for mpath@https://registry.npmjs.org/mpath/-/mpath-0.9.0.tgz. Extracting by manifest.
241 silly tarball no local data for motion-utils@https://registry.npmjs.org/motion-utils/-/motion-utils-11.18.1.tgz. Extracting by manifest.
242 silly tarball no local data for motion-dom@https://registry.npmjs.org/motion-dom/-/motion-dom-11.18.1.tgz. Extracting by manifest.
243 silly tarball no local data for mongoose@https://registry.npmjs.org/mongoose/-/mongoose-8.11.0.tgz. Extracting by manifest.
244 silly tarball no local data for mongodb-connection-string-url@https://registry.npmjs.org/mongodb-connection-string-url/-/mongodb-connection-string-url-3.0.2.tgz. Extracting by manifest.
245 silly tarball no local data for nanoid@https://registry.npmjs.org/nanoid/-/nanoid-3.3.8.tgz. Extracting by manifest.
246 silly tarball no local data for moment@https://registry.npmjs.org/moment/-/moment-2.30.1.tgz. Extracting by manifest.
247 silly tarball no local data for mkdirp-classic@https://registry.npmjs.org/mkdirp-classic/-/mkdirp-classic-0.5.3.tgz. Extracting by manifest.
248 silly tarball no local data for mongodb@https://registry.npmjs.org/mongodb/-/mongodb-6.13.1.tgz. Extracting by manifest.
249 silly tarball no local data for minipass@https://registry.npmjs.org/minipass/-/minipass-7.1.2.tgz. Extracting by manifest.
250 silly tarball no local data for minimist@https://registry.npmjs.org/minimist/-/minimist-1.2.8.tgz. Extracting by manifest.
251 silly tarball no local data for mimic-response@https://registry.npmjs.org/mimic-response/-/mimic-response-3.1.0.tgz. Extracting by manifest.
252 silly tarball no local data for minimatch@https://registry.npmjs.org/minimatch/-/minimatch-9.0.5.tgz. Extracting by manifest.
253 silly tarball no local data for mimic-fn@https://registry.npmjs.org/mimic-fn/-/mimic-fn-3.1.0.tgz. Extracting by manifest.
254 silly tarball no local data for mime-types@https://registry.npmjs.org/mime-types/-/mime-types-2.1.35.tgz. Extracting by manifest.
255 silly tarball no local data for mime-db@https://registry.npmjs.org/mime-db/-/mime-db-1.52.0.tgz. Extracting by manifest.
256 silly tarball no local data for micromatch@https://registry.npmjs.org/micromatch/-/micromatch-4.0.8.tgz. Extracting by manifest.
257 silly tarball no local data for merge2@https://registry.npmjs.org/merge2/-/merge2-1.4.1.tgz. Extracting by manifest.
258 silly tarball no local data for merge-stream@https://registry.npmjs.org/merge-stream/-/merge-stream-2.0.0.tgz. Extracting by manifest.
259 silly tarball no local data for merge-refs@https://registry.npmjs.org/merge-refs/-/merge-refs-1.3.0.tgz. Extracting by manifest.
260 silly tarball no local data for merge-class-names@https://registry.npmjs.org/merge-class-names/-/merge-class-names-1.4.2.tgz. Extracting by manifest.
261 silly tarball no local data for memory-pager@https://registry.npmjs.org/memory-pager/-/memory-pager-1.5.0.tgz. Extracting by manifest.
262 silly tarball no local data for mem@https://registry.npmjs.org/mem/-/mem-8.1.1.tgz. Extracting by manifest.
263 silly tarball no local data for memoize-one@https://registry.npmjs.org/memoize-one/-/memoize-one-6.0.0.tgz. Extracting by manifest.
264 silly tarball no local data for mdn-data@https://registry.npmjs.org/mdn-data/-/mdn-data-2.0.30.tgz. Extracting by manifest.
265 silly tarball no local data for math-intrinsics@https://registry.npmjs.org/math-intrinsics/-/math-intrinsics-1.1.0.tgz. Extracting by manifest.
266 silly tarball no local data for material-ripple-effects@https://registry.npmjs.org/material-ripple-effects/-/material-ripple-effects-2.0.1.tgz. Extracting by manifest.
267 silly tarball no local data for map-age-cleaner@https://registry.npmjs.org/map-age-cleaner/-/map-age-cleaner-0.1.3.tgz. Extracting by manifest.
268 silly tarball no local data for make-event-props@https://registry.npmjs.org/make-event-props/-/make-event-props-1.6.2.tgz. Extracting by manifest.
269 silly tarball no local data for make-error@https://registry.npmjs.org/make-error/-/make-error-1.3.6.tgz. Extracting by manifest.
270 silly tarball no local data for make-cancellable-promise@https://registry.npmjs.org/make-cancellable-promise/-/make-cancellable-promise-1.3.2.tgz. Extracting by manifest.
271 silly tarball no local data for luxon@https://registry.npmjs.org/luxon/-/luxon-3.5.0.tgz. Extracting by manifest.
272 silly tarball no local data for lucide-react@https://registry.npmjs.org/lucide-react/-/lucide-react-0.469.0.tgz. Extracting by manifest.
273 silly tarball no local data for lru-cache@https://registry.npmjs.org/lru-cache/-/lru-cache-10.4.3.tgz. Extracting by manifest.
274 silly tarball no local data for loose-envify@https://registry.npmjs.org/loose-envify/-/loose-envify-1.4.0.tgz. Extracting by manifest.
275 silly tarball no local data for lodash.startswith@https://registry.npmjs.org/lodash.startswith/-/lodash.startswith-4.2.1.tgz. Extracting by manifest.
276 silly tarball no local data for lodash.reduce@https://registry.npmjs.org/lodash.reduce/-/lodash.reduce-4.6.0.tgz. Extracting by manifest.
277 silly tarball no local data for lodash.memoize@https://registry.npmjs.org/lodash.memoize/-/lodash.memoize-4.1.2.tgz. Extracting by manifest.
278 silly tarball no local data for lodash.debounce@https://registry.npmjs.org/lodash.debounce/-/lodash.debounce-4.0.8.tgz. Extracting by manifest.
279 silly tarball no local data for lodash@https://registry.npmjs.org/lodash/-/lodash-4.17.21.tgz. Extracting by manifest.
280 silly tarball no local data for lodash-es@https://registry.npmjs.org/lodash-es/-/lodash-es-4.17.21.tgz. Extracting by manifest.
281 silly tarball no local data for loader-utils@https://registry.npmjs.org/loader-utils/-/loader-utils-2.0.4.tgz. Extracting by manifest.
282 silly tarball no local data for loader-runner@https://registry.npmjs.org/loader-runner/-/loader-runner-4.3.0.tgz. Extracting by manifest.
283 silly tarball no local data for lines-and-columns@https://registry.npmjs.org/lines-and-columns/-/lines-and-columns-1.2.4.tgz. Extracting by manifest.
284 silly tarball no local data for lilconfig@https://registry.npmjs.org/lilconfig/-/lilconfig-3.1.3.tgz. Extracting by manifest.
285 silly tarball no local data for libphonenumber-js@https://registry.npmjs.org/libphonenumber-js/-/libphonenumber-js-1.12.4.tgz. Extracting by manifest.
286 silly tarball no local data for kareem@https://registry.npmjs.org/kareem/-/kareem-2.6.3.tgz. Extracting by manifest.
287 silly tarball no local data for jspdf@https://registry.npmjs.org/jspdf/-/jspdf-3.0.0.tgz. Extracting by manifest.
288 silly tarball no local data for json5@https://registry.npmjs.org/json5/-/json5-2.2.3.tgz. Extracting by manifest.
289 silly tarball no local data for json-schema-traverse@https://registry.npmjs.org/json-schema-traverse/-/json-schema-traverse-0.4.1.tgz. Extracting by manifest.
290 silly tarball no local data for json-parse-even-better-errors@https://registry.npmjs.org/json-parse-even-better-errors/-/json-parse-even-better-errors-2.3.1.tgz. Extracting by manifest.
291 silly tarball no local data for jsesc@https://registry.npmjs.org/jsesc/-/jsesc-3.1.0.tgz. Extracting by manifest.
292 silly tarball no local data for js-tokens@https://registry.npmjs.org/js-tokens/-/js-tokens-4.0.0.tgz. Extracting by manifest.
293 silly tarball no local data for jiti@https://registry.npmjs.org/jiti/-/jiti-1.21.7.tgz. Extracting by manifest.
294 silly tarball no local data for jest-worker@https://registry.npmjs.org/jest-worker/-/jest-worker-27.5.1.tgz. Extracting by manifest.
295 silly tarball no local data for jackspeak@https://registry.npmjs.org/jackspeak/-/jackspeak-3.4.3.tgz. Extracting by manifest.
296 silly tarball no local data for iso-639-1@https://registry.npmjs.org/iso-639-1/-/iso-639-1-3.1.5.tgz. Extracting by manifest.
297 silly tarball no local data for isexe@https://registry.npmjs.org/isexe/-/isexe-2.0.0.tgz. Extracting by manifest.
298 silly tarball no local data for is-number@https://registry.npmjs.org/is-number/-/is-number-7.0.0.tgz. Extracting by manifest.
299 silly tarball no local data for is-glob@https://registry.npmjs.org/is-glob/-/is-glob-4.0.3.tgz. Extracting by manifest.
300 silly tarball no local data for is-fullwidth-code-point@https://registry.npmjs.org/is-fullwidth-code-point/-/is-fullwidth-code-point-3.0.0.tgz. Extracting by manifest.
301 silly tarball no local data for is-extglob@https://registry.npmjs.org/is-extglob/-/is-extglob-2.1.1.tgz. Extracting by manifest.
302 silly tarball no local data for is-core-module@https://registry.npmjs.org/is-core-module/-/is-core-module-2.16.1.tgz. Extracting by manifest.
303 silly tarball no local data for is-binary-path@https://registry.npmjs.org/is-binary-path/-/is-binary-path-2.1.0.tgz. Extracting by manifest.
304 silly tarball no local data for is-arrayish@https://registry.npmjs.org/is-arrayish/-/is-arrayish-0.2.1.tgz. Extracting by manifest.
305 silly tarball no local data for invariant@https://registry.npmjs.org/invariant/-/invariant-2.2.4.tgz. Extracting by manifest.
306 silly tarball no local data for interpret@https://registry.npmjs.org/interpret/-/interpret-1.4.0.tgz. Extracting by manifest.
307 silly tarball no local data for intl-messageformat@https://registry.npmjs.org/intl-messageformat/-/intl-messageformat-10.7.15.tgz. Extracting by manifest.
308 silly tarball no local data for moment-timezone@https://registry.npmjs.org/moment-timezone/-/moment-timezone-0.5.47.tgz. Extracting by manifest.
309 silly tarball no local data for input-otp@https://registry.npmjs.org/input-otp/-/input-otp-1.4.1.tgz. Extracting by manifest.
310 silly tarball no local data for inherits@https://registry.npmjs.org/inherits/-/inherits-2.0.4.tgz. Extracting by manifest.
311 silly tarball no local data for ini@https://registry.npmjs.org/ini/-/ini-1.3.8.tgz. Extracting by manifest.
312 silly tarball no local data for inflight@https://registry.npmjs.org/inflight/-/inflight-1.0.6.tgz. Extracting by manifest.
313 silly tarball no local data for input-format@https://registry.npmjs.org/input-format/-/input-format-0.3.14.tgz. Extracting by manifest.
314 silly tarball no local data for import-fresh@https://registry.npmjs.org/import-fresh/-/import-fresh-3.3.1.tgz. Extracting by manifest.
315 silly tarball no local data for ieee754@https://registry.npmjs.org/ieee754/-/ieee754-1.2.1.tgz. Extracting by manifest.
316 silly tarball no local data for i18n-iso-countries@https://registry.npmjs.org/i18n-iso-countries/-/i18n-iso-countries-7.14.0.tgz. Extracting by manifest.
317 silly tarball no local data for html2pdf.js@https://registry.npmjs.org/html2pdf.js/-/html2pdf.js-0.10.3.tgz. Extracting by manifest.
318 silly tarball no local data for html2canvas@https://registry.npmjs.org/html2canvas/-/html2canvas-1.4.1.tgz. Extracting by manifest.
319 silly tarball no local data for hoist-non-react-statics@https://registry.npmjs.org/hoist-non-react-statics/-/hoist-non-react-statics-3.3.2.tgz. Extracting by manifest.
320 silly tarball no local data for hey-listen@https://registry.npmjs.org/hey-listen/-/hey-listen-1.0.8.tgz. Extracting by manifest.
321 silly tarball no local data for hasown@https://registry.npmjs.org/hasown/-/hasown-2.0.2.tgz. Extracting by manifest.
322 silly tarball no local data for has-symbols@https://registry.npmjs.org/has-symbols/-/has-symbols-1.1.0.tgz. Extracting by manifest.
323 silly tarball no local data for has-flag@https://registry.npmjs.org/has-flag/-/has-flag-4.0.0.tgz. Extracting by manifest.
324 silly tarball no local data for has-tostringtag@https://registry.npmjs.org/has-tostringtag/-/has-tostringtag-1.0.2.tgz. Extracting by manifest.
325 silly tarball no local data for internmap@https://registry.npmjs.org/internmap/-/internmap-2.0.3.tgz. Extracting by manifest.
326 silly tarball no local data for graceful-fs@https://registry.npmjs.org/graceful-fs/-/graceful-fs-4.2.11.tgz. Extracting by manifest.
327 silly tarball no local data for gopd@https://registry.npmjs.org/gopd/-/gopd-1.2.0.tgz. Extracting by manifest.
328 silly tarball no local data for globals@https://registry.npmjs.org/globals/-/globals-11.12.0.tgz. Extracting by manifest.
329 silly tarball no local data for globalize@https://registry.npmjs.org/globalize/-/globalize-0.1.1.tgz. Extracting by manifest.
330 silly tarball no local data for glob-to-regexp@https://registry.npmjs.org/glob-to-regexp/-/glob-to-regexp-0.4.1.tgz. Extracting by manifest.
331 silly tarball no local data for glob-parent@https://registry.npmjs.org/glob-parent/-/glob-parent-6.0.2.tgz. Extracting by manifest.
332 silly tarball no local data for glob@https://registry.npmjs.org/glob/-/glob-10.4.5.tgz. Extracting by manifest.
333 silly tarball no local data for get-user-locale@https://registry.npmjs.org/get-user-locale/-/get-user-locale-2.3.2.tgz. Extracting by manifest.
334 silly tarball no local data for github-from-package@https://registry.npmjs.org/github-from-package/-/github-from-package-0.0.0.tgz. Extracting by manifest.
335 silly tarball no local data for get-proto@https://registry.npmjs.org/get-proto/-/get-proto-1.0.1.tgz. Extracting by manifest.
336 silly tarball no local data for get-intrinsic@https://registry.npmjs.org/get-intrinsic/-/get-intrinsic-1.3.0.tgz. Extracting by manifest.
337 silly tarball no local data for function-bind@https://registry.npmjs.org/function-bind/-/function-bind-1.1.2.tgz. Extracting by manifest.
338 silly tarball no local data for fs.realpath@https://registry.npmjs.org/fs.realpath/-/fs.realpath-1.0.0.tgz. Extracting by manifest.
339 silly tarball no local data for fs-constants@https://registry.npmjs.org/fs-constants/-/fs-constants-1.0.0.tgz. Extracting by manifest.
340 silly tarball no local data for framesync@https://registry.npmjs.org/framesync/-/framesync-6.0.1.tgz. Extracting by manifest.
341 silly tarball no local data for fraction.js@https://registry.npmjs.org/fraction.js/-/fraction.js-4.3.7.tgz. Extracting by manifest.
342 silly tarball no local data for framer-motion@https://registry.npmjs.org/framer-motion/-/framer-motion-11.18.2.tgz. Extracting by manifest.
343 silly tarball no local data for form-data@https://registry.npmjs.org/form-data/-/form-data-4.0.2.tgz. Extracting by manifest.
344 silly tarball no local data for foreground-child@https://registry.npmjs.org/foreground-child/-/foreground-child-3.3.1.tgz. Extracting by manifest.
345 silly tarball no local data for follow-redirects@https://registry.npmjs.org/follow-redirects/-/follow-redirects-1.15.9.tgz. Extracting by manifest.
346 silly tarball no local data for flat@https://registry.npmjs.org/flat/-/flat-5.0.2.tgz. Extracting by manifest.
347 silly tarball no local data for find-root@https://registry.npmjs.org/find-root/-/find-root-1.1.0.tgz. Extracting by manifest.
348 silly tarball no local data for fill-range@https://registry.npmjs.org/fill-range/-/fill-range-7.1.1.tgz. Extracting by manifest.
349 silly tarball no local data for file-loader@https://registry.npmjs.org/file-loader/-/file-loader-6.2.0.tgz. Extracting by manifest.
350 silly tarball no local data for fflate@https://registry.npmjs.org/fflate/-/fflate-0.8.2.tgz. Extracting by manifest.
351 silly tarball no local data for fast-uri@https://registry.npmjs.org/fast-uri/-/fast-uri-3.0.6.tgz. Extracting by manifest.
352 silly tarball no local data for fastq@https://registry.npmjs.org/fastq/-/fastq-1.19.1.tgz. Extracting by manifest.
353 silly tarball no local data for fast-safe-stringify@https://registry.npmjs.org/fast-safe-stringify/-/fast-safe-stringify-2.1.1.tgz. Extracting by manifest.
354 silly tarball no local data for fast-equals@https://registry.npmjs.org/fast-equals/-/fast-equals-5.2.2.tgz. Extracting by manifest.
355 silly tarball no local data for fast-json-stable-stringify@https://registry.npmjs.org/fast-json-stable-stringify/-/fast-json-stable-stringify-2.1.0.tgz. Extracting by manifest.
356 silly tarball no local data for fast-deep-equal@https://registry.npmjs.org/fast-deep-equal/-/fast-deep-equal-3.1.3.tgz. Extracting by manifest.
357 silly tarball no local data for expand-template@https://registry.npmjs.org/expand-template/-/expand-template-2.0.3.tgz. Extracting by manifest.
358 silly tarball no local data for exenv@https://registry.npmjs.org/exenv/-/exenv-1.2.2.tgz. Extracting by manifest.
359 silly tarball no local data for events@https://registry.npmjs.org/events/-/events-3.3.0.tgz. Extracting by manifest.
360 silly tarball no local data for eventemitter3@https://registry.npmjs.org/eventemitter3/-/eventemitter3-4.0.7.tgz. Extracting by manifest.
361 silly tarball no local data for estraverse@https://registry.npmjs.org/estraverse/-/estraverse-4.3.0.tgz. Extracting by manifest.
362 silly tarball no local data for eslint-scope@https://registry.npmjs.org/eslint-scope/-/eslint-scope-5.1.1.tgz. Extracting by manifest.
363 silly tarball no local data for fast-glob@https://registry.npmjs.org/fast-glob/-/fast-glob-3.3.3.tgz. Extracting by manifest.
364 silly tarball no local data for escape-string-regexp@https://registry.npmjs.org/escape-string-regexp/-/escape-string-regexp-4.0.0.tgz. Extracting by manifest.
365 silly tarball no local data for esrecurse@https://registry.npmjs.org/esrecurse/-/esrecurse-4.3.0.tgz. Extracting by manifest.
366 silly tarball no local data for escalade@https://registry.npmjs.org/escalade/-/escalade-3.2.0.tgz. Extracting by manifest.
367 silly tarball no local data for es6-promise@https://registry.npmjs.org/es6-promise/-/es6-promise-4.2.8.tgz. Extracting by manifest.
368 silly tarball no local data for es-set-tostringtag@https://registry.npmjs.org/es-set-tostringtag/-/es-set-tostringtag-2.1.0.tgz. Extracting by manifest.
369 silly tarball no local data for es-object-atoms@https://registry.npmjs.org/es-object-atoms/-/es-object-atoms-1.1.1.tgz. Extracting by manifest.
370 silly tarball no local data for es-module-lexer@https://registry.npmjs.org/es-module-lexer/-/es-module-lexer-1.6.0.tgz. Extracting by manifest.
371 silly tarball no local data for es-errors@https://registry.npmjs.org/es-errors/-/es-errors-1.3.0.tgz. Extracting by manifest.
372 silly tarball no local data for es-define-property@https://registry.npmjs.org/es-define-property/-/es-define-property-1.0.1.tgz. Extracting by manifest.
373 silly tarball no local data for error-ex@https://registry.npmjs.org/error-ex/-/error-ex-1.3.2.tgz. Extracting by manifest.
374 silly tarball no local data for entities@https://registry.npmjs.org/entities/-/entities-4.5.0.tgz. Extracting by manifest.
375 silly tarball no local data for enhanced-resolve@https://registry.npmjs.org/enhanced-resolve/-/enhanced-resolve-5.18.1.tgz. Extracting by manifest.
376 silly tarball no local data for engine.io-parser@https://registry.npmjs.org/engine.io-parser/-/engine.io-parser-5.2.3.tgz. Extracting by manifest.
377 silly tarball no local data for engine.io-client@https://registry.npmjs.org/engine.io-client/-/engine.io-client-6.6.3.tgz. Extracting by manifest.
378 silly tarball no local data for emoji-regex@https://registry.npmjs.org/emoji-regex/-/emoji-regex-9.2.2.tgz. Extracting by manifest.
379 silly tarball no local data for emojis-list@https://registry.npmjs.org/emojis-list/-/emojis-list-3.0.0.tgz. Extracting by manifest.
380 silly tarball no local data for electron-to-chromium@https://registry.npmjs.org/electron-to-chromium/-/electron-to-chromium-1.5.109.tgz. Extracting by manifest.
381 silly tarball no local data for end-of-stream@https://registry.npmjs.org/end-of-stream/-/end-of-stream-1.4.4.tgz. Extracting by manifest.
382 silly tarball no local data for dunder-proto@https://registry.npmjs.org/dunder-proto/-/dunder-proto-1.0.1.tgz. Extracting by manifest.
383 silly tarball no local data for dompurify@https://registry.npmjs.org/dompurify/-/dompurify-3.2.4.tgz. Extracting by manifest.
384 silly tarball no local data for eastasianwidth@https://registry.npmjs.org/eastasianwidth/-/eastasianwidth-0.2.0.tgz. Extracting by manifest.
385 silly tarball no local data for domutils@https://registry.npmjs.org/domutils/-/domutils-3.2.2.tgz. Extracting by manifest.
386 silly tarball no local data for domhandler@https://registry.npmjs.org/domhandler/-/domhandler-5.0.3.tgz. Extracting by manifest.
387 silly tarball no local data for dom-serializer@https://registry.npmjs.org/dom-serializer/-/dom-serializer-2.0.0.tgz. Extracting by manifest.
388 silly tarball no local data for domelementtype@https://registry.npmjs.org/domelementtype/-/domelementtype-2.3.0.tgz. Extracting by manifest.
389 silly tarball no local data for dom-helpers@https://registry.npmjs.org/dom-helpers/-/dom-helpers-5.2.1.tgz. Extracting by manifest.
390 silly tarball no local data for dom-lib@https://registry.npmjs.org/dom-lib/-/dom-lib-3.3.2.tgz. Extracting by manifest.
391 silly tarball no local data for diff@https://registry.npmjs.org/diff/-/diff-4.0.2.tgz. Extracting by manifest.
392 silly tarball no local data for didyoumean@https://registry.npmjs.org/didyoumean/-/didyoumean-1.2.2.tgz. Extracting by manifest.
393 silly tarball no local data for dlv@https://registry.npmjs.org/dlv/-/dlv-1.1.3.tgz. Extracting by manifest.
394 silly tarball no local data for diacritics@https://registry.npmjs.org/diacritics/-/diacritics-1.3.0.tgz. Extracting by manifest.
395 silly tarball no local data for detect-libc@https://registry.npmjs.org/detect-libc/-/detect-libc-2.0.4.tgz. Extracting by manifest.
396 silly tarball no local data for detect-element-overflow@https://registry.npmjs.org/detect-element-overflow/-/detect-element-overflow-1.4.2.tgz. Extracting by manifest.
397 silly tarball no local data for dequal@https://registry.npmjs.org/dequal/-/dequal-2.0.3.tgz. Extracting by manifest.
398 silly tarball no local data for delayed-stream@https://registry.npmjs.org/delayed-stream/-/delayed-stream-1.0.0.tgz. Extracting by manifest.
399 silly tarball no local data for deepmerge@https://registry.npmjs.org/deepmerge/-/deepmerge-4.2.2.tgz. Extracting by manifest.
400 silly tarball no local data for deep-extend@https://registry.npmjs.org/deep-extend/-/deep-extend-0.6.0.tgz. Extracting by manifest.
401 silly tarball no local data for decompress-response@https://registry.npmjs.org/decompress-response/-/decompress-response-6.0.0.tgz. Extracting by manifest.
402 silly tarball no local data for decimal.js-light@https://registry.npmjs.org/decimal.js-light/-/decimal.js-light-2.5.1.tgz. Extracting by manifest.
403 silly tarball no local data for decimal.js@https://registry.npmjs.org/decimal.js/-/decimal.js-10.5.0.tgz. Extracting by manifest.
404 silly tarball no local data for debug@https://registry.npmjs.org/debug/-/debug-4.4.0.tgz. Extracting by manifest.
405 silly tarball no local data for dayjs@https://registry.npmjs.org/dayjs/-/dayjs-1.11.13.tgz. Extracting by manifest.
406 silly tarball no local data for date-fns@https://registry.npmjs.org/date-fns/-/date-fns-4.1.0.tgz. Extracting by manifest.
407 silly tarball no local data for date-arithmetic@https://registry.npmjs.org/date-arithmetic/-/date-arithmetic-4.1.0.tgz. Extracting by manifest.
408 silly tarball no local data for d3-timer@https://registry.npmjs.org/d3-timer/-/d3-timer-3.0.1.tgz. Extracting by manifest.
409 silly tarball no local data for d3-time-format@https://registry.npmjs.org/d3-time-format/-/d3-time-format-4.1.0.tgz. Extracting by manifest.
410 silly tarball no local data for d3-time@https://registry.npmjs.org/d3-time/-/d3-time-3.1.0.tgz. Extracting by manifest.
411 silly tarball no local data for d3-shape@https://registry.npmjs.org/d3-shape/-/d3-shape-3.2.0.tgz. Extracting by manifest.
412 silly tarball no local data for d3-scale@https://registry.npmjs.org/d3-scale/-/d3-scale-4.0.2.tgz. Extracting by manifest.
413 silly tarball no local data for d3-path@https://registry.npmjs.org/d3-path/-/d3-path-3.1.0.tgz. Extracting by manifest.
414 silly tarball no local data for d3-interpolate@https://registry.npmjs.org/d3-interpolate/-/d3-interpolate-3.0.1.tgz. Extracting by manifest.
415 silly tarball no local data for d3-format@https://registry.npmjs.org/d3-format/-/d3-format-3.1.0.tgz. Extracting by manifest.
416 silly tarball no local data for d3-color@https://registry.npmjs.org/d3-color/-/d3-color-3.1.0.tgz. Extracting by manifest.
417 silly tarball no local data for d3-ease@https://registry.npmjs.org/d3-ease/-/d3-ease-3.0.1.tgz. Extracting by manifest.
418 silly tarball no local data for d3-array@https://registry.npmjs.org/d3-array/-/d3-array-3.2.4.tgz. Extracting by manifest.
419 silly tarball no local data for csso@https://registry.npmjs.org/csso/-/csso-5.0.5.tgz. Extracting by manifest.
420 silly tarball no local data for csstype@https://registry.npmjs.org/csstype/-/csstype-3.1.3.tgz. Extracting by manifest.
421 silly tarball no local data for cssesc@https://registry.npmjs.org/cssesc/-/cssesc-3.0.0.tgz. Extracting by manifest.
422 silly tarball no local data for css-what@https://registry.npmjs.org/css-what/-/css-what-6.2.2.tgz. Extracting by manifest.
423 silly tarball no local data for css-tree@https://registry.npmjs.org/css-tree/-/css-tree-2.3.1.tgz. Extracting by manifest.
424 silly tarball no local data for css-select@https://registry.npmjs.org/css-select/-/css-select-5.2.2.tgz. Extracting by manifest.
425 silly tarball no local data for css-line-break@https://registry.npmjs.org/css-line-break/-/css-line-break-2.1.0.tgz. Extracting by manifest.
426 silly tarball no local data for cross-spawn@https://registry.npmjs.org/cross-spawn/-/cross-spawn-7.0.6.tgz. Extracting by manifest.
427 silly tarball no local data for create-require@https://registry.npmjs.org/create-require/-/create-require-1.1.1.tgz. Extracting by manifest.
428 silly tarball no local data for country-state-city@https://registry.npmjs.org/country-state-city/-/country-state-city-3.2.1.tgz. Extracting by manifest.
429 silly tarball no local data for country-flag-icons@https://registry.npmjs.org/country-flag-icons/-/country-flag-icons-1.5.18.tgz. Extracting by manifest.
430 silly tarball no local data for countries-cities@https://registry.npmjs.org/countries-cities/-/countries-cities-0.0.11.tgz. Extracting by manifest.
431 silly tarball no local data for cosmiconfig@https://registry.npmjs.org/cosmiconfig/-/cosmiconfig-7.1.0.tgz. Extracting by manifest.
432 silly tarball no local data for core-js@https://registry.npmjs.org/core-js/-/core-js-3.40.0.tgz. Extracting by manifest.
433 silly tarball no local data for convert-source-map@https://registry.npmjs.org/convert-source-map/-/convert-source-map-1.9.0.tgz. Extracting by manifest.
434 silly tarball no local data for concat-map@https://registry.npmjs.org/concat-map/-/concat-map-0.0.1.tgz. Extracting by manifest.
435 silly tarball no local data for commander@https://registry.npmjs.org/commander/-/commander-4.1.1.tgz. Extracting by manifest.
436 silly tarball no local data for compute-scroll-into-view@https://registry.npmjs.org/compute-scroll-into-view/-/compute-scroll-into-view-3.1.1.tgz. Extracting by manifest.
437 silly tarball no local data for combined-stream@https://registry.npmjs.org/combined-stream/-/combined-stream-1.0.8.tgz. Extracting by manifest.
438 silly tarball no local data for color2k@https://registry.npmjs.org/color2k/-/color2k-2.0.3.tgz. Extracting by manifest.
439 silly tarball no local data for color-name@https://registry.npmjs.org/color-name/-/color-name-1.1.4.tgz. Extracting by manifest.
440 silly tarball no local data for color-string@https://registry.npmjs.org/color-string/-/color-string-1.9.1.tgz. Extracting by manifest.
441 silly tarball no local data for color-convert@https://registry.npmjs.org/color-convert/-/color-convert-2.0.1.tgz. Extracting by manifest.
442 silly tarball no local data for color@https://registry.npmjs.org/color/-/color-4.2.3.tgz. Extracting by manifest.
443 silly tarball no local data for clsx@https://registry.npmjs.org/clsx/-/clsx-1.2.1.tgz. Extracting by manifest.
444 silly tarball no local data for client-only@https://registry.npmjs.org/client-only/-/client-only-0.0.1.tgz. Extracting by manifest.
445 silly tarball no local data for chrome-trace-event@https://registry.npmjs.org/chrome-trace-event/-/chrome-trace-event-1.0.4.tgz. Extracting by manifest.
446 silly tarball no local data for classnames@https://registry.npmjs.org/classnames/-/classnames-2.3.2.tgz. Extracting by manifest.
447 silly tarball no local data for chownr@https://registry.npmjs.org/chownr/-/chownr-1.1.4.tgz. Extracting by manifest.
448 silly tarball no local data for chartjs-plugin-datalabels@https://registry.npmjs.org/chartjs-plugin-datalabels/-/chartjs-plugin-datalabels-2.2.0.tgz. Extracting by manifest.
449 silly tarball no local data for chokidar@https://registry.npmjs.org/chokidar/-/chokidar-3.6.0.tgz. Extracting by manifest.
450 silly tarball no local data for chart.js@https://registry.npmjs.org/chart.js/-/chart.js-3.9.1.tgz. Extracting by manifest.
451 silly tarball no local data for canvg@https://registry.npmjs.org/canvg/-/canvg-3.0.10.tgz. Extracting by manifest.
452 silly tarball no local data for canvas@https://registry.npmjs.org/canvas/-/canvas-3.1.0.tgz. Extracting by manifest.
453 silly tarball no local data for caniuse-lite@https://registry.npmjs.org/caniuse-lite/-/caniuse-lite-1.0.30001701.tgz. Extracting by manifest.
454 silly tarball no local data for camelcase-css@https://registry.npmjs.org/camelcase-css/-/camelcase-css-2.0.1.tgz. Extracting by manifest.
455 silly tarball no local data for call-bound@https://registry.npmjs.org/call-bound/-/call-bound-1.0.3.tgz. Extracting by manifest.
456 silly tarball no local data for call-bind-apply-helpers@https://registry.npmjs.org/call-bind-apply-helpers/-/call-bind-apply-helpers-1.0.2.tgz. Extracting by manifest.
457 silly tarball no local data for callsites@https://registry.npmjs.org/callsites/-/callsites-3.1.0.tgz. Extracting by manifest.
458 silly tarball no local data for busboy@https://registry.npmjs.org/busboy/-/busboy-1.6.0.tgz. Extracting by manifest.
459 silly tarball no local data for buffer-from@https://registry.npmjs.org/buffer-from/-/buffer-from-1.1.2.tgz. Extracting by manifest.
460 silly tarball no local data for btoa@https://registry.npmjs.org/btoa/-/btoa-1.2.1.tgz. Extracting by manifest.
461 silly tarball no local data for buffer@https://registry.npmjs.org/buffer/-/buffer-5.7.1.tgz. Extracting by manifest.
462 silly tarball no local data for bson@https://registry.npmjs.org/bson/-/bson-6.10.3.tgz. Extracting by manifest.
463 silly tarball no local data for braces@https://registry.npmjs.org/braces/-/braces-3.0.3.tgz. Extracting by manifest.
464 silly tarball no local data for brace-expansion@https://registry.npmjs.org/brace-expansion/-/brace-expansion-2.0.1.tgz. Extracting by manifest.
465 silly tarball no local data for boolbase@https://registry.npmjs.org/boolbase/-/boolbase-1.0.0.tgz. Extracting by manifest.
466 silly tarball no local data for dommatrix@https://registry.npmjs.org/dommatrix/-/dommatrix-1.0.3.tgz. Extracting by manifest.
467 silly tarball no local data for bl@https://registry.npmjs.org/bl/-/bl-4.1.0.tgz. Extracting by manifest.
468 silly tarball no local data for browserslist@https://registry.npmjs.org/browserslist/-/browserslist-4.24.4.tgz. Extracting by manifest.
469 silly tarball no local data for binary-extensions@https://registry.npmjs.org/binary-extensions/-/binary-extensions-2.3.0.tgz. Extracting by manifest.
470 silly tarball no local data for big.js@https://registry.npmjs.org/big.js/-/big.js-5.2.2.tgz. Extracting by manifest.
471 silly tarball no local data for base64-js@https://registry.npmjs.org/base64-js/-/base64-js-1.5.1.tgz. Extracting by manifest.
472 silly tarball no local data for balanced-match@https://registry.npmjs.org/balanced-match/-/balanced-match-1.0.2.tgz. Extracting by manifest.
473 silly tarball no local data for base64-arraybuffer@https://registry.npmjs.org/base64-arraybuffer/-/base64-arraybuffer-1.0.2.tgz. Extracting by manifest.
474 silly tarball no local data for axios@https://registry.npmjs.org/axios/-/axios-1.8.1.tgz. Extracting by manifest.
475 silly tarball no local data for babel-plugin-macros@https://registry.npmjs.org/babel-plugin-macros/-/babel-plugin-macros-3.1.0.tgz. Extracting by manifest.
476 silly tarball no local data for autoprefixer@https://registry.npmjs.org/autoprefixer/-/autoprefixer-10.4.20.tgz. Extracting by manifest.
477 silly tarball no local data for atob@https://registry.npmjs.org/atob/-/atob-2.1.2.tgz. Extracting by manifest.
478 silly tarball no local data for asynckit@https://registry.npmjs.org/asynckit/-/asynckit-0.4.0.tgz. Extracting by manifest.
479 silly tarball no local data for aria-hidden@https://registry.npmjs.org/aria-hidden/-/aria-hidden-1.2.4.tgz. Extracting by manifest.
480 silly tarball no local data for arg@https://registry.npmjs.org/arg/-/arg-5.0.2.tgz. Extracting by manifest.
481 silly tarball no local data for any-promise@https://registry.npmjs.org/any-promise/-/any-promise-1.3.0.tgz. Extracting by manifest.
482 silly tarball no local data for anymatch@https://registry.npmjs.org/anymatch/-/anymatch-3.1.3.tgz. Extracting by manifest.
483 silly tarball no local data for ansi-styles@https://registry.npmjs.org/ansi-styles/-/ansi-styles-6.2.1.tgz. Extracting by manifest.
484 silly tarball no local data for ansi-regex@https://registry.npmjs.org/ansi-regex/-/ansi-regex-6.1.0.tgz. Extracting by manifest.
485 silly tarball no local data for ajv-keywords@https://registry.npmjs.org/ajv-keywords/-/ajv-keywords-3.5.2.tgz. Extracting by manifest.
486 silly tarball no local data for ajv-formats@https://registry.npmjs.org/ajv-formats/-/ajv-formats-2.1.1.tgz. Extracting by manifest.
487 silly tarball no local data for ajv@https://registry.npmjs.org/ajv/-/ajv-6.12.6.tgz. Extracting by manifest.
488 silly tarball no local data for acorn-walk@https://registry.npmjs.org/acorn-walk/-/acorn-walk-8.3.4.tgz. Extracting by manifest.
489 silly tarball no local data for acorn@https://registry.npmjs.org/acorn/-/acorn-8.14.0.tgz. Extracting by manifest.
490 silly tarball no local data for @zag-js/utils@https://registry.npmjs.org/@zag-js/utils/-/utils-0.82.1.tgz. Extracting by manifest.
491 silly tarball no local data for @zag-js/tree-view@https://registry.npmjs.org/@zag-js/tree-view/-/tree-view-0.82.1.tgz. Extracting by manifest.
492 silly tarball no local data for @zag-js/types@https://registry.npmjs.org/@zag-js/types/-/types-0.82.1.tgz. Extracting by manifest.
493 silly tarball no local data for @zag-js/tour@https://registry.npmjs.org/@zag-js/tour/-/tour-0.82.1.tgz. Extracting by manifest.
494 silly tarball no local data for @zag-js/toggle-group@https://registry.npmjs.org/@zag-js/toggle-group/-/toggle-group-0.82.1.tgz. Extracting by manifest.
495 silly tarball no local data for @zag-js/tooltip@https://registry.npmjs.org/@zag-js/tooltip/-/tooltip-0.82.1.tgz. Extracting by manifest.
496 silly tarball no local data for @zag-js/toast@https://registry.npmjs.org/@zag-js/toast/-/toast-0.82.1.tgz. Extracting by manifest.
497 silly tarball no local data for @zag-js/timer@https://registry.npmjs.org/@zag-js/timer/-/timer-0.82.1.tgz. Extracting by manifest.
498 silly tarball no local data for @zag-js/time-picker@https://registry.npmjs.org/@zag-js/time-picker/-/time-picker-0.82.1.tgz. Extracting by manifest.
499 silly tarball no local data for @zag-js/tags-input@https://registry.npmjs.org/@zag-js/tags-input/-/tags-input-0.82.1.tgz. Extracting by manifest.
500 silly tarball no local data for @zag-js/switch@https://registry.npmjs.org/@zag-js/switch/-/switch-0.82.1.tgz. Extracting by manifest.
501 silly tarball no local data for @zag-js/tabs@https://registry.npmjs.org/@zag-js/tabs/-/tabs-0.82.1.tgz. Extracting by manifest.
502 silly tarball no local data for @zag-js/store@https://registry.npmjs.org/@zag-js/store/-/store-0.82.1.tgz. Extracting by manifest.
503 silly tarball no local data for @zag-js/steps@https://registry.npmjs.org/@zag-js/steps/-/steps-0.82.1.tgz. Extracting by manifest.
504 silly tarball no local data for @zag-js/splitter@https://registry.npmjs.org/@zag-js/splitter/-/splitter-0.82.1.tgz. Extracting by manifest.
505 silly tarball no local data for @zag-js/slider@https://registry.npmjs.org/@zag-js/slider/-/slider-0.82.1.tgz. Extracting by manifest.
506 silly tarball no local data for @zag-js/scroll-snap@https://registry.npmjs.org/@zag-js/scroll-snap/-/scroll-snap-0.82.1.tgz. Extracting by manifest.
507 silly tarball no local data for @zag-js/signature-pad@https://registry.npmjs.org/@zag-js/signature-pad/-/signature-pad-0.82.1.tgz. Extracting by manifest.
508 silly tarball no local data for @zag-js/remove-scroll@https://registry.npmjs.org/@zag-js/remove-scroll/-/remove-scroll-0.82.1.tgz. Extracting by manifest.
509 silly tarball no local data for @zag-js/select@https://registry.npmjs.org/@zag-js/select/-/select-0.82.1.tgz. Extracting by manifest.
510 silly tarball no local data for @zag-js/react@https://registry.npmjs.org/@zag-js/react/-/react-0.82.1.tgz. Extracting by manifest.
511 silly tarball no local data for @zag-js/rect-utils@https://registry.npmjs.org/@zag-js/rect-utils/-/rect-utils-0.82.1.tgz. Extracting by manifest.
512 silly tarball no local data for @zag-js/rating-group@https://registry.npmjs.org/@zag-js/rating-group/-/rating-group-0.82.1.tgz. Extracting by manifest.
513 silly tarball no local data for @zag-js/radio-group@https://registry.npmjs.org/@zag-js/radio-group/-/radio-group-0.82.1.tgz. Extracting by manifest.
514 silly tarball no local data for @zag-js/qr-code@https://registry.npmjs.org/@zag-js/qr-code/-/qr-code-0.82.1.tgz. Extracting by manifest.
515 silly tarball no local data for @zag-js/progress@https://registry.npmjs.org/@zag-js/progress/-/progress-0.82.1.tgz. Extracting by manifest.
516 silly tarball no local data for @zag-js/presence@https://registry.npmjs.org/@zag-js/presence/-/presence-0.82.1.tgz. Extracting by manifest.
517 silly tarball no local data for @zag-js/popper@https://registry.npmjs.org/@zag-js/popper/-/popper-0.82.1.tgz. Extracting by manifest.
518 silly tarball no local data for @zag-js/popover@https://registry.npmjs.org/@zag-js/popover/-/popover-0.82.1.tgz. Extracting by manifest.
519 silly tarball no local data for @zag-js/pin-input@https://registry.npmjs.org/@zag-js/pin-input/-/pin-input-0.82.1.tgz. Extracting by manifest.
520 silly tarball no local data for @zag-js/pagination@https://registry.npmjs.org/@zag-js/pagination/-/pagination-0.82.1.tgz. Extracting by manifest.
521 silly tarball no local data for @zag-js/number-input@https://registry.npmjs.org/@zag-js/number-input/-/number-input-0.82.1.tgz. Extracting by manifest.
522 silly tarball no local data for @zag-js/menu@https://registry.npmjs.org/@zag-js/menu/-/menu-0.82.1.tgz. Extracting by manifest.
523 silly tarball no local data for @zag-js/live-region@https://registry.npmjs.org/@zag-js/live-region/-/live-region-0.82.1.tgz. Extracting by manifest.
524 silly tarball no local data for @zag-js/i18n-utils@https://registry.npmjs.org/@zag-js/i18n-utils/-/i18n-utils-0.82.1.tgz. Extracting by manifest.
525 silly tarball no local data for @zag-js/interact-outside@https://registry.npmjs.org/@zag-js/interact-outside/-/interact-outside-0.82.1.tgz. Extracting by manifest.
526 silly tarball no local data for @zag-js/hover-card@https://registry.npmjs.org/@zag-js/hover-card/-/hover-card-0.82.1.tgz. Extracting by manifest.
527 silly tarball no local data for @zag-js/highlight-word@https://registry.npmjs.org/@zag-js/highlight-word/-/highlight-word-0.82.1.tgz. Extracting by manifest.
528 silly tarball no local data for @zag-js/focus-visible@https://registry.npmjs.org/@zag-js/focus-visible/-/focus-visible-0.82.1.tgz. Extracting by manifest.
529 silly tarball no local data for @zag-js/focus-trap@https://registry.npmjs.org/@zag-js/focus-trap/-/focus-trap-0.82.1.tgz. Extracting by manifest.
530 silly tarball no local data for @zag-js/file-utils@https://registry.npmjs.org/@zag-js/file-utils/-/file-utils-0.82.1.tgz. Extracting by manifest.
531 silly tarball no local data for @zag-js/file-upload@https://registry.npmjs.org/@zag-js/file-upload/-/file-upload-0.82.1.tgz. Extracting by manifest.
532 silly tarball no local data for @zag-js/element-size@https://registry.npmjs.org/@zag-js/element-size/-/element-size-0.82.1.tgz. Extracting by manifest.
533 silly tarball no local data for @zag-js/element-rect@https://registry.npmjs.org/@zag-js/element-rect/-/element-rect-0.82.1.tgz. Extracting by manifest.
534 silly tarball no local data for @zag-js/dom-query@https://registry.npmjs.org/@zag-js/dom-query/-/dom-query-0.82.1.tgz. Extracting by manifest.
535 silly tarball no local data for @zag-js/dialog@https://registry.npmjs.org/@zag-js/dialog/-/dialog-0.82.1.tgz. Extracting by manifest.
536 silly tarball no local data for @zag-js/dismissable@https://registry.npmjs.org/@zag-js/dismissable/-/dismissable-0.82.1.tgz. Extracting by manifest.
537 silly tarball no local data for @zag-js/editable@https://registry.npmjs.org/@zag-js/editable/-/editable-0.82.1.tgz. Extracting by manifest.
538 silly tarball no local data for @zag-js/date-utils@https://registry.npmjs.org/@zag-js/date-utils/-/date-utils-0.82.1.tgz. Extracting by manifest.
539 silly tarball no local data for @zag-js/date-picker@https://registry.npmjs.org/@zag-js/date-picker/-/date-picker-0.82.1.tgz. Extracting by manifest.
540 silly tarball no local data for @zag-js/combobox@https://registry.npmjs.org/@zag-js/combobox/-/combobox-0.82.1.tgz. Extracting by manifest.
541 silly tarball no local data for @zag-js/color-utils@https://registry.npmjs.org/@zag-js/color-utils/-/color-utils-0.82.1.tgz. Extracting by manifest.
542 silly tarball no local data for @zag-js/core@https://registry.npmjs.org/@zag-js/core/-/core-0.82.1.tgz. Extracting by manifest.
543 silly tarball no local data for @zag-js/color-picker@https://registry.npmjs.org/@zag-js/color-picker/-/color-picker-0.82.1.tgz. Extracting by manifest.
544 silly tarball no local data for @zag-js/collection@https://registry.npmjs.org/@zag-js/collection/-/collection-0.82.1.tgz. Extracting by manifest.
545 silly tarball no local data for @zag-js/collapsible@https://registry.npmjs.org/@zag-js/collapsible/-/collapsible-0.82.1.tgz. Extracting by manifest.
546 silly tarball no local data for @zag-js/clipboard@https://registry.npmjs.org/@zag-js/clipboard/-/clipboard-0.82.1.tgz. Extracting by manifest.
547 silly tarball no local data for @zag-js/checkbox@https://registry.npmjs.org/@zag-js/checkbox/-/checkbox-0.82.1.tgz. Extracting by manifest.
548 silly tarball no local data for @zag-js/avatar@https://registry.npmjs.org/@zag-js/avatar/-/avatar-0.82.1.tgz. Extracting by manifest.
549 silly tarball no local data for @zag-js/auto-resize@https://registry.npmjs.org/@zag-js/auto-resize/-/auto-resize-0.82.1.tgz. Extracting by manifest.
550 silly tarball no local data for @zag-js/anatomy@https://registry.npmjs.org/@zag-js/anatomy/-/anatomy-0.82.1.tgz. Extracting by manifest.
551 silly tarball no local data for @zag-js/carousel@https://registry.npmjs.org/@zag-js/carousel/-/carousel-0.82.1.tgz. Extracting by manifest.
552 silly tarball no local data for @zag-js/aria-hidden@https://registry.npmjs.org/@zag-js/aria-hidden/-/aria-hidden-0.82.1.tgz. Extracting by manifest.
553 silly tarball no local data for @zag-js/accordion@https://registry.npmjs.org/@zag-js/accordion/-/accordion-0.82.1.tgz. Extracting by manifest.
554 silly tarball no local data for @webassemblyjs/wast-printer@https://registry.npmjs.org/@webassemblyjs/wast-printer/-/wast-printer-1.14.1.tgz. Extracting by manifest.
555 silly tarball no local data for @wojtekmaj/date-utils@https://registry.npmjs.org/@wojtekmaj/date-utils/-/date-utils-1.5.1.tgz. Extracting by manifest.
556 silly tarball no local data for @xtuc/long@https://registry.npmjs.org/@xtuc/long/-/long-4.2.2.tgz. Extracting by manifest.
557 silly tarball no local data for @webassemblyjs/wasm-parser@https://registry.npmjs.org/@webassemblyjs/wasm-parser/-/wasm-parser-1.14.1.tgz. Extracting by manifest.
558 silly tarball no local data for @xtuc/ieee754@https://registry.npmjs.org/@xtuc/ieee754/-/ieee754-1.2.0.tgz. Extracting by manifest.
559 silly tarball no local data for @webassemblyjs/wasm-opt@https://registry.npmjs.org/@webassemblyjs/wasm-opt/-/wasm-opt-1.14.1.tgz. Extracting by manifest.
560 silly tarball no local data for @webassemblyjs/wasm-gen@https://registry.npmjs.org/@webassemblyjs/wasm-gen/-/wasm-gen-1.14.1.tgz. Extracting by manifest.
561 silly tarball no local data for @webassemblyjs/wasm-edit@https://registry.npmjs.org/@webassemblyjs/wasm-edit/-/wasm-edit-1.14.1.tgz. Extracting by manifest.
562 silly tarball no local data for @webassemblyjs/utf8@https://registry.npmjs.org/@webassemblyjs/utf8/-/utf8-1.13.2.tgz. Extracting by manifest.
563 silly tarball no local data for @webassemblyjs/leb128@https://registry.npmjs.org/@webassemblyjs/leb128/-/leb128-1.13.2.tgz. Extracting by manifest.
564 silly tarball no local data for @webassemblyjs/ieee754@https://registry.npmjs.org/@webassemblyjs/ieee754/-/ieee754-1.13.2.tgz. Extracting by manifest.
565 silly tarball no local data for @webassemblyjs/helper-wasm-section@https://registry.npmjs.org/@webassemblyjs/helper-wasm-section/-/helper-wasm-section-1.14.1.tgz. Extracting by manifest.
566 silly tarball no local data for @webassemblyjs/helper-wasm-bytecode@https://registry.npmjs.org/@webassemblyjs/helper-wasm-bytecode/-/helper-wasm-bytecode-1.13.2.tgz. Extracting by manifest.
567 silly tarball no local data for @webassemblyjs/helper-numbers@https://registry.npmjs.org/@webassemblyjs/helper-numbers/-/helper-numbers-1.13.2.tgz. Extracting by manifest.
568 silly tarball no local data for @webassemblyjs/helper-buffer@https://registry.npmjs.org/@webassemblyjs/helper-buffer/-/helper-buffer-1.14.1.tgz. Extracting by manifest.
569 silly tarball no local data for @webassemblyjs/helper-api-error@https://registry.npmjs.org/@webassemblyjs/helper-api-error/-/helper-api-error-1.13.2.tgz. Extracting by manifest.
570 silly tarball no local data for @webassemblyjs/floating-point-hex-parser@https://registry.npmjs.org/@webassemblyjs/floating-point-hex-parser/-/floating-point-hex-parser-1.13.2.tgz. Extracting by manifest.
571 silly tarball no local data for @webassemblyjs/ast@https://registry.npmjs.org/@webassemblyjs/ast/-/ast-1.14.1.tgz. Extracting by manifest.
572 silly tarball no local data for @types/whatwg-url@https://registry.npmjs.org/@types/whatwg-url/-/whatwg-url-11.0.5.tgz. Extracting by manifest.
573 silly tarball no local data for @types/webidl-conversions@https://registry.npmjs.org/@types/webidl-conversions/-/webidl-conversions-7.0.3.tgz. Extracting by manifest.
574 silly tarball no local data for @types/warning@https://registry.npmjs.org/@types/warning/-/warning-3.0.3.tgz. Extracting by manifest.
575 silly tarball no local data for @types/uuid@https://registry.npmjs.org/@types/uuid/-/uuid-10.0.0.tgz. Extracting by manifest.
576 silly tarball no local data for @types/react-window@https://registry.npmjs.org/@types/react-window/-/react-window-1.8.8.tgz. Extracting by manifest.
577 silly tarball no local data for @types/trusted-types@https://registry.npmjs.org/@types/trusted-types/-/trusted-types-2.0.7.tgz. Extracting by manifest.
578 silly tarball no local data for @types/react-transition-group@https://registry.npmjs.org/@types/react-transition-group/-/react-transition-group-4.4.12.tgz. Extracting by manifest.
579 silly tarball no local data for @types/react-pdf@https://registry.npmjs.org/@types/react-pdf/-/react-pdf-6.2.0.tgz. Extracting by manifest.
580 silly tarball no local data for @types/react-modal@https://registry.npmjs.org/@types/react-modal/-/react-modal-3.16.3.tgz. Extracting by manifest.
581 silly tarball no local data for @types/react-date-range@https://registry.npmjs.org/@types/react-date-range/-/react-date-range-1.4.10.tgz. Extracting by manifest.
582 silly tarball no local data for @types/react-calendar@https://registry.npmjs.org/@types/react-calendar/-/react-calendar-4.1.0.tgz. Extracting by manifest.
583 silly tarball no local data for @types/react-dom@https://registry.npmjs.org/@types/react-dom/-/react-dom-18.3.5.tgz. Extracting by manifest.
584 silly tarball no local data for @types/react-big-calendar@https://registry.npmjs.org/@types/react-big-calendar/-/react-big-calendar-1.16.1.tgz. Extracting by manifest.
585 silly tarball no local data for @types/react@https://registry.npmjs.org/@types/react/-/react-18.3.18.tgz. Extracting by manifest.
586 silly tarball no local data for @types/raf@https://registry.npmjs.org/@types/raf/-/raf-3.4.3.tgz. Extracting by manifest.
587 silly tarball no local data for @types/prop-types@https://registry.npmjs.org/@types/prop-types/-/prop-types-15.7.14.tgz. Extracting by manifest.
588 silly tarball no local data for @types/parse-json@https://registry.npmjs.org/@types/parse-json/-/parse-json-4.0.2.tgz. Extracting by manifest.
589 silly tarball no local data for @types/node@https://registry.npmjs.org/@types/node/-/node-20.17.19.tgz. Extracting by manifest.
590 silly tarball no local data for @types/lodash@https://registry.npmjs.org/@types/lodash/-/lodash-4.17.15.tgz. Extracting by manifest.
591 silly tarball no local data for @types/lodash.debounce@https://registry.npmjs.org/@types/lodash.debounce/-/lodash.debounce-4.0.9.tgz. Extracting by manifest.
592 silly tarball no local data for @types/json-schema@https://registry.npmjs.org/@types/json-schema/-/json-schema-7.0.15.tgz. Extracting by manifest.
593 silly tarball no local data for @types/estree@https://registry.npmjs.org/@types/estree/-/estree-1.0.6.tgz. Extracting by manifest.
594 silly tarball no local data for @types/eslint-scope@https://registry.npmjs.org/@types/eslint-scope/-/eslint-scope-3.7.7.tgz. Extracting by manifest.
595 silly tarball no local data for @types/date-arithmetic@https://registry.npmjs.org/@types/date-arithmetic/-/date-arithmetic-4.1.4.tgz. Extracting by manifest.
596 silly tarball no local data for @types/d3-timer@https://registry.npmjs.org/@types/d3-timer/-/d3-timer-3.0.2.tgz. Extracting by manifest.
597 silly tarball no local data for @types/d3-time@https://registry.npmjs.org/@types/d3-time/-/d3-time-3.0.4.tgz. Extracting by manifest.
598 silly tarball no local data for @types/d3-scale@https://registry.npmjs.org/@types/d3-scale/-/d3-scale-4.0.9.tgz. Extracting by manifest.
599 silly tarball no local data for @types/d3-interpolate@https://registry.npmjs.org/@types/d3-interpolate/-/d3-interpolate-3.0.4.tgz. Extracting by manifest.
600 silly tarball no local data for @types/eslint@https://registry.npmjs.org/@types/eslint/-/eslint-9.6.1.tgz. Extracting by manifest.
601 silly tarball no local data for @types/d3-path@https://registry.npmjs.org/@types/d3-path/-/d3-path-3.1.1.tgz. Extracting by manifest.
602 silly tarball no local data for @types/d3-shape@https://registry.npmjs.org/@types/d3-shape/-/d3-shape-3.1.7.tgz. Extracting by manifest.
603 silly tarball no local data for @types/d3-array@https://registry.npmjs.org/@types/d3-array/-/d3-array-3.2.1.tgz. Extracting by manifest.
604 silly tarball no local data for @types/d3-ease@https://registry.npmjs.org/@types/d3-ease/-/d3-ease-3.0.2.tgz. Extracting by manifest.
605 silly tarball no local data for @types/d3-color@https://registry.npmjs.org/@types/d3-color/-/d3-color-3.1.3.tgz. Extracting by manifest.
606 silly tarball no local data for @tsconfig/node14@https://registry.npmjs.org/@tsconfig/node14/-/node14-1.0.3.tgz. Extracting by manifest.
607 silly tarball no local data for @tsconfig/node12@https://registry.npmjs.org/@tsconfig/node12/-/node12-1.0.11.tgz. Extracting by manifest.
608 silly tarball no local data for @tsconfig/node16@https://registry.npmjs.org/@tsconfig/node16/-/node16-1.0.4.tgz. Extracting by manifest.
609 silly tarball no local data for @trysound/sax@https://registry.npmjs.org/@trysound/sax/-/sax-0.2.0.tgz. Extracting by manifest.
610 silly tarball no local data for @tanstack/react-virtual@https://registry.npmjs.org/@tanstack/react-virtual/-/react-virtual-3.11.2.tgz. Extracting by manifest.
611 silly tarball no local data for @swc/helpers@https://registry.npmjs.org/@swc/helpers/-/helpers-0.5.15.tgz. Extracting by manifest.
612 silly tarball no local data for @swc/counter@https://registry.npmjs.org/@swc/counter/-/counter-0.1.3.tgz. Extracting by manifest.
613 silly tarball no local data for @tanstack/virtual-core@https://registry.npmjs.org/@tanstack/virtual-core/-/virtual-core-3.11.2.tgz. Extracting by manifest.
614 silly tarball no local data for @stripe/stripe-js@https://registry.npmjs.org/@stripe/stripe-js/-/stripe-js-5.7.0.tgz. Extracting by manifest.
615 silly tarball no local data for @stripe/react-stripe-js@https://registry.npmjs.org/@stripe/react-stripe-js/-/react-stripe-js-3.1.1.tgz. Extracting by manifest.
616 silly tarball no local data for @tsconfig/node10@https://registry.npmjs.org/@tsconfig/node10/-/node10-1.0.11.tgz. Extracting by manifest.
617 silly tarball no local data for @rsuite/icons@https://registry.npmjs.org/@rsuite/icons/-/icons-1.3.0.tgz. Extracting by manifest.
618 silly tarball no local data for @socket.io/component-emitter@https://registry.npmjs.org/@socket.io/component-emitter/-/component-emitter-3.1.2.tgz. Extracting by manifest.
619 silly tarball no local data for @rsuite/icon-font@https://registry.npmjs.org/@rsuite/icon-font/-/icon-font-4.1.0.tgz. Extracting by manifest.
620 silly tarball no local data for @remix-run/router@https://registry.npmjs.org/@remix-run/router/-/router-1.23.0.tgz. Extracting by manifest.
621 silly tarball no local data for @restart/hooks@https://registry.npmjs.org/@restart/hooks/-/hooks-0.4.16.tgz. Extracting by manifest.
622 silly tarball no local data for @react-types/tooltip@https://registry.npmjs.org/@react-types/tooltip/-/tooltip-3.4.13.tgz. Extracting by manifest.
623 silly tarball no local data for @react-types/textfield@https://registry.npmjs.org/@react-types/textfield/-/textfield-3.10.0.tgz. Extracting by manifest.
624 silly tarball no local data for @react-types/tabs@https://registry.npmjs.org/@react-types/tabs/-/tabs-3.3.11.tgz. Extracting by manifest.
625 silly tarball no local data for @react-types/switch@https://registry.npmjs.org/@react-types/switch/-/switch-3.5.8.tgz. Extracting by manifest.
626 silly tarball no local data for @react-types/slider@https://registry.npmjs.org/@react-types/slider/-/slider-3.7.8.tgz. Extracting by manifest.
627 silly tarball no local data for @react-types/table@https://registry.npmjs.org/@react-types/table/-/table-3.10.3.tgz. Extracting by manifest.
628 silly tarball no local data for @react-types/shared@https://registry.npmjs.org/@react-types/shared/-/shared-3.26.0.tgz. Extracting by manifest.
629 silly tarball no local data for @react-types/select@https://registry.npmjs.org/@react-types/select/-/select-3.9.8.tgz. Extracting by manifest.
630 silly tarball no local data for @react-types/radio@https://registry.npmjs.org/@react-types/radio/-/radio-3.8.5.tgz. Extracting by manifest.
631 silly tarball no local data for @react-types/progress@https://registry.npmjs.org/@react-types/progress/-/progress-3.5.8.tgz. Extracting by manifest.
632 silly tarball no local data for @react-types/overlays@https://registry.npmjs.org/@react-types/overlays/-/overlays-3.8.11.tgz. Extracting by manifest.
633 silly tarball no local data for @react-types/menu@https://registry.npmjs.org/@react-types/menu/-/menu-3.9.13.tgz. Extracting by manifest.
634 silly tarball no local data for @react-types/listbox@https://registry.npmjs.org/@react-types/listbox/-/listbox-3.5.4.tgz. Extracting by manifest.
635 silly tarball no local data for @react-types/grid@https://registry.npmjs.org/@react-types/grid/-/grid-3.2.10.tgz. Extracting by manifest.
636 silly tarball no local data for @react-types/link@https://registry.npmjs.org/@react-types/link/-/link-3.5.9.tgz. Extracting by manifest.
637 silly tarball no local data for @react-types/form@https://registry.npmjs.org/@react-types/form/-/form-3.7.8.tgz. Extracting by manifest.
638 silly tarball no local data for @react-types/datepicker@https://registry.npmjs.org/@react-types/datepicker/-/datepicker-3.9.0.tgz. Extracting by manifest.
639 silly tarball no local data for @react-types/combobox@https://registry.npmjs.org/@react-types/combobox/-/combobox-3.13.1.tgz. Extracting by manifest.
640 silly tarball no local data for @react-types/dialog@https://registry.npmjs.org/@react-types/dialog/-/dialog-3.5.15.tgz. Extracting by manifest.
641 silly tarball no local data for @react-types/checkbox@https://registry.npmjs.org/@react-types/checkbox/-/checkbox-3.9.0.tgz. Extracting by manifest.
642 silly tarball no local data for @react-types/button@https://registry.npmjs.org/@react-types/button/-/button-3.10.1.tgz. Extracting by manifest.
643 silly tarball no local data for @react-types/calendar@https://registry.npmjs.org/@react-types/calendar/-/calendar-3.5.0.tgz. Extracting by manifest.
644 silly tarball no local data for @react-types/breadcrumbs@https://registry.npmjs.org/@react-types/breadcrumbs/-/breadcrumbs-3.7.9.tgz. Extracting by manifest.
645 silly tarball no local data for @react-types/accordion@https://registry.npmjs.org/@react-types/accordion/-/accordion-3.0.0-alpha.25.tgz. Extracting by manifest.
646 silly tarball no local data for @react-stately/virtualizer@https://registry.npmjs.org/@react-stately/virtualizer/-/virtualizer-4.2.0.tgz. Extracting by manifest.
647 silly tarball no local data for @react-stately/utils@https://registry.npmjs.org/@react-stately/utils/-/utils-3.10.5.tgz. Extracting by manifest.
648 silly tarball no local data for @react-stately/tree@https://registry.npmjs.org/@react-stately/tree/-/tree-3.8.6.tgz. Extracting by manifest.
649 silly tarball no local data for @react-stately/tooltip@https://registry.npmjs.org/@react-stately/tooltip/-/tooltip-3.5.0.tgz. Extracting by manifest.
650 silly tarball no local data for @react-stately/toggle@https://registry.npmjs.org/@react-stately/toggle/-/toggle-3.8.0.tgz. Extracting by manifest.
651 silly tarball no local data for @react-stately/tabs@https://registry.npmjs.org/@react-stately/tabs/-/tabs-3.7.0.tgz. Extracting by manifest.
652 silly tarball no local data for @react-stately/slider@https://registry.npmjs.org/@react-stately/slider/-/slider-3.6.0.tgz. Extracting by manifest.
653 silly tarball no local data for @react-stately/table@https://registry.npmjs.org/@react-stately/table/-/table-3.13.0.tgz. Extracting by manifest.
654 silly tarball no local data for @react-stately/selection@https://registry.npmjs.org/@react-stately/selection/-/selection-3.19.0.tgz. Extracting by manifest.
655 silly tarball no local data for @react-stately/select@https://registry.npmjs.org/@react-stately/select/-/select-3.6.10.tgz. Extracting by manifest.
656 silly tarball no local data for @react-stately/radio@https://registry.npmjs.org/@react-stately/radio/-/radio-3.10.9.tgz. Extracting by manifest.
657 silly tarball no local data for @react-stately/overlays@https://registry.npmjs.org/@react-stately/overlays/-/overlays-3.6.12.tgz. Extracting by manifest.
658 silly tarball no local data for @react-stately/menu@https://registry.npmjs.org/@react-stately/menu/-/menu-3.9.0.tgz. Extracting by manifest.
659 silly tarball no local data for @react-stately/list@https://registry.npmjs.org/@react-stately/list/-/list-3.11.1.tgz. Extracting by manifest.
660 silly tarball no local data for @react-stately/grid@https://registry.npmjs.org/@react-stately/grid/-/grid-3.10.1.tgz. Extracting by manifest.
661 silly tarball no local data for @react-stately/form@https://registry.npmjs.org/@react-stately/form/-/form-3.1.0.tgz. Extracting by manifest.
662 silly tarball no local data for @react-stately/flags@https://registry.npmjs.org/@react-stately/flags/-/flags-3.1.1.tgz. Extracting by manifest.
663 silly tarball no local data for @react-stately/datepicker@https://registry.npmjs.org/@react-stately/datepicker/-/datepicker-3.11.0.tgz. Extracting by manifest.
664 silly tarball no local data for @react-stately/combobox@https://registry.npmjs.org/@react-stately/combobox/-/combobox-3.10.1.tgz. Extracting by manifest.
665 silly tarball no local data for @react-stately/collections@https://registry.npmjs.org/@react-stately/collections/-/collections-3.12.0.tgz. Extracting by manifest.
666 silly tarball no local data for @react-stately/checkbox@https://registry.npmjs.org/@react-stately/checkbox/-/checkbox-3.6.10.tgz. Extracting by manifest.
667 silly tarball no local data for @react-stately/calendar@https://registry.npmjs.org/@react-stately/calendar/-/calendar-3.6.0.tgz. Extracting by manifest.
668 silly tarball no local data for @react-oauth/google@https://registry.npmjs.org/@react-oauth/google/-/google-0.12.1.tgz. Extracting by manifest.
669 silly tarball no local data for @react-aria/visually-hidden@https://registry.npmjs.org/@react-aria/visually-hidden/-/visually-hidden-3.8.18.tgz. Extracting by manifest.
670 silly tarball no local data for @react-aria/tooltip@https://registry.npmjs.org/@react-aria/tooltip/-/tooltip-3.7.10.tgz. Extracting by manifest.
671 silly tarball no local data for @react-aria/utils@https://registry.npmjs.org/@react-aria/utils/-/utils-3.26.0.tgz. Extracting by manifest.
672 silly tarball no local data for @react-aria/toolbar@https://registry.npmjs.org/@react-aria/toolbar/-/toolbar-3.0.0-beta.11.tgz. Extracting by manifest.
673 silly tarball no local data for @react-aria/textfield@https://registry.npmjs.org/@react-aria/textfield/-/textfield-3.15.0.tgz. Extracting by manifest.
674 silly tarball no local data for @react-aria/tabs@https://registry.npmjs.org/@react-aria/tabs/-/tabs-3.9.8.tgz. Extracting by manifest.
675 silly tarball no local data for @react-aria/table@https://registry.npmjs.org/@react-aria/table/-/table-3.16.0.tgz. Extracting by manifest.
676 silly tarball no local data for @react-aria/switch@https://registry.npmjs.org/@react-aria/switch/-/switch-3.6.10.tgz. Extracting by manifest.
677 silly tarball no local data for @react-aria/ssr@https://registry.npmjs.org/@react-aria/ssr/-/ssr-3.9.7.tgz. Extracting by manifest.
678 silly tarball no local data for @react-aria/spinbutton@https://registry.npmjs.org/@react-aria/spinbutton/-/spinbutton-3.6.11.tgz. Extracting by manifest.
679 silly tarball no local data for @react-aria/slider@https://registry.npmjs.org/@react-aria/slider/-/slider-3.7.14.tgz. Extracting by manifest.
680 silly tarball no local data for @react-aria/selection@https://registry.npmjs.org/@react-aria/selection/-/selection-3.21.0.tgz. Extracting by manifest.
681 silly tarball no local data for @react-aria/radio@https://registry.npmjs.org/@react-aria/radio/-/radio-3.10.10.tgz. Extracting by manifest.
682 silly tarball no local data for @react-aria/progress@https://registry.npmjs.org/@react-aria/progress/-/progress-3.4.18.tgz. Extracting by manifest.
683 silly tarball no local data for @react-aria/overlays@https://registry.npmjs.org/@react-aria/overlays/-/overlays-3.24.0.tgz. Extracting by manifest.
684 silly tarball no local data for @react-aria/menu@https://registry.npmjs.org/@react-aria/menu/-/menu-3.16.0.tgz. Extracting by manifest.
685 silly tarball no local data for @react-aria/live-announcer@https://registry.npmjs.org/@react-aria/live-announcer/-/live-announcer-3.4.1.tgz. Extracting by manifest.
686 silly tarball no local data for @react-aria/listbox@https://registry.npmjs.org/@react-aria/listbox/-/listbox-3.13.6.tgz. Extracting by manifest.
687 silly tarball no local data for @react-aria/link@https://registry.npmjs.org/@react-aria/link/-/link-3.7.7.tgz. Extracting by manifest.
688 silly tarball no local data for @react-aria/label@https://registry.npmjs.org/@react-aria/label/-/label-3.7.13.tgz. Extracting by manifest.
689 silly tarball no local data for @react-aria/interactions@https://registry.npmjs.org/@react-aria/interactions/-/interactions-3.22.5.tgz. Extracting by manifest.
690 silly tarball no local data for @react-aria/i18n@https://registry.npmjs.org/@react-aria/i18n/-/i18n-3.12.4.tgz. Extracting by manifest.
691 silly tarball no local data for @react-aria/grid@https://registry.npmjs.org/@react-aria/grid/-/grid-3.11.1.tgz. Extracting by manifest.
692 silly tarball no local data for @react-aria/form@https://registry.npmjs.org/@react-aria/form/-/form-3.0.11.tgz. Extracting by manifest.
693 silly tarball no local data for @react-aria/focus@https://registry.npmjs.org/@react-aria/focus/-/focus-3.19.0.tgz. Extracting by manifest.
694 silly tarball no local data for @react-aria/dialog@https://registry.npmjs.org/@react-aria/dialog/-/dialog-3.5.20.tgz. Extracting by manifest.
695 silly tarball no local data for @react-aria/datepicker@https://registry.npmjs.org/@react-aria/datepicker/-/datepicker-3.12.0.tgz. Extracting by manifest.
696 silly tarball no local data for @react-aria/combobox@https://registry.npmjs.org/@react-aria/combobox/-/combobox-3.11.0.tgz. Extracting by manifest.
697 silly tarball no local data for @react-aria/checkbox@https://registry.npmjs.org/@react-aria/checkbox/-/checkbox-3.15.0.tgz. Extracting by manifest.
698 silly tarball no local data for @react-aria/button@https://registry.npmjs.org/@react-aria/button/-/button-3.11.0.tgz. Extracting by manifest.
699 silly tarball no local data for @popperjs/core@https://registry.npmjs.org/@popperjs/core/-/core-2.11.8.tgz. Extracting by manifest.
700 silly tarball no local data for @react-aria/breadcrumbs@https://registry.npmjs.org/@react-aria/breadcrumbs/-/breadcrumbs-3.5.19.tgz. Extracting by manifest.
701 silly tarball no local data for @pkgjs/parseargs@https://registry.npmjs.org/@pkgjs/parseargs/-/parseargs-0.11.0.tgz. Extracting by manifest.
702 silly tarball no local data for @nodelib/fs.stat@https://registry.npmjs.org/@nodelib/fs.stat/-/fs.stat-2.0.5.tgz. Extracting by manifest.
703 silly tarball no local data for @pandacss/is-valid-prop@https://registry.npmjs.org/@pandacss/is-valid-prop/-/is-valid-prop-0.41.0.tgz. Extracting by manifest.
704 silly tarball no local data for @nodelib/fs.scandir@https://registry.npmjs.org/@nodelib/fs.scandir/-/fs.scandir-2.1.5.tgz. Extracting by manifest.
705 silly tarball no local data for @react-aria/calendar@https://registry.npmjs.org/@react-aria/calendar/-/calendar-3.6.0.tgz. Extracting by manifest.
706 silly tarball no local data for @nodelib/fs.walk@https://registry.npmjs.org/@nodelib/fs.walk/-/fs.walk-1.2.8.tgz. Extracting by manifest.
707 silly tarball no local data for @nextui-org/use-update-effect@https://registry.npmjs.org/@nextui-org/use-update-effect/-/use-update-effect-2.1.1.tgz. Extracting by manifest.
708 silly tarball no local data for @nextui-org/user@https://registry.npmjs.org/@nextui-org/user/-/user-2.2.6.tgz. Extracting by manifest.
709 silly tarball no local data for @nextui-org/use-scroll-position@https://registry.npmjs.org/@nextui-org/use-scroll-position/-/use-scroll-position-2.1.1.tgz. Extracting by manifest.
710 silly tarball no local data for @nextui-org/use-safe-layout-effect@https://registry.npmjs.org/@nextui-org/use-safe-layout-effect/-/use-safe-layout-effect-2.1.1.tgz. Extracting by manifest.
711 silly tarball no local data for @nextui-org/use-pagination@https://registry.npmjs.org/@nextui-org/use-pagination/-/use-pagination-2.2.3.tgz. Extracting by manifest.
712 silly tarball no local data for @nextui-org/use-measure@https://registry.npmjs.org/@nextui-org/use-measure/-/use-measure-2.1.1.tgz. Extracting by manifest.
713 silly tarball no local data for @nextui-org/use-is-mounted@https://registry.npmjs.org/@nextui-org/use-is-mounted/-/use-is-mounted-2.1.1.tgz. Extracting by manifest.
714 silly tarball no local data for @nextui-org/use-is-mobile@https://registry.npmjs.org/@nextui-org/use-is-mobile/-/use-is-mobile-2.2.2.tgz. Extracting by manifest.
715 silly tarball no local data for @nextui-org/use-intersection-observer@https://registry.npmjs.org/@nextui-org/use-intersection-observer/-/use-intersection-observer-2.2.2.tgz. Extracting by manifest.
716 silly tarball no local data for @nextui-org/use-image@https://registry.npmjs.org/@nextui-org/use-image/-/use-image-2.1.2.tgz. Extracting by manifest.
717 silly tarball no local data for @nextui-org/use-draggable@https://registry.npmjs.org/@nextui-org/use-draggable/-/use-draggable-2.1.2.tgz. Extracting by manifest.
718 silly tarball no local data for @nextui-org/use-data-scroll-overflow@https://registry.npmjs.org/@nextui-org/use-data-scroll-overflow/-/use-data-scroll-overflow-2.2.2.tgz. Extracting by manifest.
719 silly tarball no local data for @nextui-org/use-clipboard@https://registry.npmjs.org/@nextui-org/use-clipboard/-/use-clipboard-2.1.2.tgz. Extracting by manifest.
720 silly tarball no local data for @nextui-org/use-callback-ref@https://registry.npmjs.org/@nextui-org/use-callback-ref/-/use-callback-ref-2.1.1.tgz. Extracting by manifest.
721 silly tarball no local data for @nextui-org/use-disclosure@https://registry.npmjs.org/@nextui-org/use-disclosure/-/use-disclosure-2.2.2.tgz. Extracting by manifest.
722 silly tarball no local data for @nextui-org/use-aria-multiselect@https://registry.npmjs.org/@nextui-org/use-aria-multiselect/-/use-aria-multiselect-2.4.3.tgz. Extracting by manifest.
723 silly tarball no local data for @nextui-org/use-aria-modal-overlay@https://registry.npmjs.org/@nextui-org/use-aria-modal-overlay/-/use-aria-modal-overlay-2.2.3.tgz. Extracting by manifest.
724 silly tarball no local data for @nextui-org/use-aria-link@https://registry.npmjs.org/@nextui-org/use-aria-link/-/use-aria-link-2.2.5.tgz. Extracting by manifest.
725 silly tarball no local data for @nextui-org/use-aria-accordion@https://registry.npmjs.org/@nextui-org/use-aria-accordion/-/use-aria-accordion-2.2.2.tgz. Extracting by manifest.
726 silly tarball no local data for @nextui-org/use-aria-button@https://registry.npmjs.org/@nextui-org/use-aria-button/-/use-aria-button-2.2.4.tgz. Extracting by manifest.
727 silly tarball no local data for @nextui-org/tooltip@https://registry.npmjs.org/@nextui-org/tooltip/-/tooltip-2.2.7.tgz. Extracting by manifest.
728 silly tarball no local data for @nextui-org/theme@https://registry.npmjs.org/@nextui-org/theme/-/theme-2.4.5.tgz. Extracting by manifest.
729 silly tarball no local data for @nextui-org/tabs@https://registry.npmjs.org/@nextui-org/tabs/-/tabs-2.2.7.tgz. Extracting by manifest.
730 silly tarball no local data for @nextui-org/system-rsc@https://registry.npmjs.org/@nextui-org/system-rsc/-/system-rsc-2.3.5.tgz. Extracting by manifest.
731 silly tarball no local data for @nextui-org/table@https://registry.npmjs.org/@nextui-org/table/-/table-2.2.8.tgz. Extracting by manifest.
732 silly tarball no local data for @nextui-org/system@https://registry.npmjs.org/@nextui-org/system/-/system-2.4.6.tgz. Extracting by manifest.
733 silly tarball no local data for @nextui-org/switch@https://registry.npmjs.org/@nextui-org/switch/-/switch-2.2.8.tgz. Extracting by manifest.
734 silly tarball no local data for @nextui-org/spinner@https://registry.npmjs.org/@nextui-org/spinner/-/spinner-2.2.6.tgz. Extracting by manifest.
735 silly tarball no local data for @nextui-org/spacer@https://registry.npmjs.org/@nextui-org/spacer/-/spacer-2.2.6.tgz. Extracting by manifest.
736 silly tarball no local data for @nextui-org/snippet@https://registry.npmjs.org/@nextui-org/snippet/-/snippet-2.2.10.tgz. Extracting by manifest.
737 silly tarball no local data for @nextui-org/slider@https://registry.npmjs.org/@nextui-org/slider/-/slider-2.4.7.tgz. Extracting by manifest.
738 silly tarball no local data for @nextui-org/skeleton@https://registry.npmjs.org/@nextui-org/skeleton/-/skeleton-2.2.5.tgz. Extracting by manifest.
739 silly tarball no local data for @nextui-org/shared-utils@https://registry.npmjs.org/@nextui-org/shared-utils/-/shared-utils-2.1.2.tgz. Extracting by manifest.
740 silly tarball no local data for @nextui-org/shared-icons@https://registry.npmjs.org/@nextui-org/shared-icons/-/shared-icons-2.1.1.tgz. Extracting by manifest.
741 silly tarball no local data for @nextui-org/select@https://registry.npmjs.org/@nextui-org/select/-/select-2.4.9.tgz. Extracting by manifest.
742 silly tarball no local data for @nextui-org/scroll-shadow@https://registry.npmjs.org/@nextui-org/scroll-shadow/-/scroll-shadow-2.3.5.tgz. Extracting by manifest.
743 silly tarball no local data for @nextui-org/ripple@https://registry.npmjs.org/@nextui-org/ripple/-/ripple-2.2.7.tgz. Extracting by manifest.
744 silly tarball no local data for @nextui-org/react-rsc-utils@https://registry.npmjs.org/@nextui-org/react-rsc-utils/-/react-rsc-utils-2.1.1.tgz. Extracting by manifest.
745 silly tarball no local data for @nextui-org/react-utils@https://registry.npmjs.org/@nextui-org/react-utils/-/react-utils-2.1.3.tgz. Extracting by manifest.
746 silly tarball no local data for @nextui-org/radio@https://registry.npmjs.org/@nextui-org/radio/-/radio-2.3.8.tgz. Extracting by manifest.
747 silly tarball no local data for @nextui-org/react@https://registry.npmjs.org/@nextui-org/react/-/react-2.6.11.tgz. Extracting by manifest.
748 silly tarball no local data for @nextui-org/progress@https://registry.npmjs.org/@nextui-org/progress/-/progress-2.2.6.tgz. Extracting by manifest.
749 silly tarball no local data for @nextui-org/pagination@https://registry.npmjs.org/@nextui-org/pagination/-/pagination-2.2.8.tgz. Extracting by manifest.
750 silly tarball no local data for @nextui-org/navbar@https://registry.npmjs.org/@nextui-org/navbar/-/navbar-2.2.8.tgz. Extracting by manifest.
751 silly tarball no local data for @nextui-org/popover@https://registry.npmjs.org/@nextui-org/popover/-/popover-2.3.9.tgz. Extracting by manifest.
752 silly tarball no local data for @nextui-org/modal@https://registry.npmjs.org/@nextui-org/modal/-/modal-2.2.7.tgz. Extracting by manifest.
753 silly tarball no local data for @nextui-org/menu@https://registry.npmjs.org/@nextui-org/menu/-/menu-2.2.9.tgz. Extracting by manifest.
754 silly tarball no local data for @nextui-org/listbox@https://registry.npmjs.org/@nextui-org/listbox/-/listbox-2.3.9.tgz. Extracting by manifest.
755 silly tarball no local data for @nextui-org/link@https://registry.npmjs.org/@nextui-org/link/-/link-2.2.7.tgz. Extracting by manifest.
756 silly tarball no local data for @nextui-org/input-otp@https://registry.npmjs.org/@nextui-org/input-otp/-/input-otp-2.1.8.tgz. Extracting by manifest.
757 silly tarball no local data for @nextui-org/kbd@https://registry.npmjs.org/@nextui-org/kbd/-/kbd-2.2.6.tgz. Extracting by manifest.
758 silly tarball no local data for @nextui-org/input@https://registry.npmjs.org/@nextui-org/input/-/input-2.4.8.tgz. Extracting by manifest.
759 silly tarball no local data for @nextui-org/framer-utils@https://registry.npmjs.org/@nextui-org/framer-utils/-/framer-utils-2.1.6.tgz. Extracting by manifest.
760 silly tarball no local data for @nextui-org/image@https://registry.npmjs.org/@nextui-org/image/-/image-2.2.5.tgz. Extracting by manifest.
761 silly tarball no local data for @nextui-org/form@https://registry.npmjs.org/@nextui-org/form/-/form-2.1.8.tgz. Extracting by manifest.
762 silly tarball no local data for @nextui-org/dropdown@https://registry.npmjs.org/@nextui-org/dropdown/-/dropdown-2.3.9.tgz. Extracting by manifest.
763 silly tarball no local data for @nextui-org/drawer@https://registry.npmjs.org/@nextui-org/drawer/-/drawer-2.2.7.tgz. Extracting by manifest.
764 silly tarball no local data for @nextui-org/divider@https://registry.npmjs.org/@nextui-org/divider/-/divider-2.2.5.tgz. Extracting by manifest.
765 silly tarball no local data for @nextui-org/dom-animation@https://registry.npmjs.org/@nextui-org/dom-animation/-/dom-animation-2.1.1.tgz. Extracting by manifest.
766 silly tarball no local data for @nextui-org/date-input@https://registry.npmjs.org/@nextui-org/date-input/-/date-input-2.3.8.tgz. Extracting by manifest.
767 silly tarball no local data for @nextui-org/checkbox@https://registry.npmjs.org/@nextui-org/checkbox/-/checkbox-2.3.8.tgz. Extracting by manifest.
768 silly tarball no local data for @nextui-org/date-picker@https://registry.npmjs.org/@nextui-org/date-picker/-/date-picker-2.3.9.tgz. Extracting by manifest.
769 silly tarball no local data for @nextui-org/chip@https://registry.npmjs.org/@nextui-org/chip/-/chip-2.2.6.tgz. Extracting by manifest.
770 silly tarball no local data for @nextui-org/card@https://registry.npmjs.org/@nextui-org/card/-/card-2.2.9.tgz. Extracting by manifest.
771 silly tarball no local data for @nextui-org/button@https://registry.npmjs.org/@nextui-org/button/-/button-2.2.9.tgz. Extracting by manifest.
772 silly tarball no local data for @nextui-org/calendar@https://registry.npmjs.org/@nextui-org/calendar/-/calendar-2.2.9.tgz. Extracting by manifest.
773 silly tarball no local data for @nextui-org/code@https://registry.npmjs.org/@nextui-org/code/-/code-2.2.6.tgz. Extracting by manifest.
774 silly tarball no local data for @nextui-org/breadcrumbs@https://registry.npmjs.org/@nextui-org/breadcrumbs/-/breadcrumbs-2.2.6.tgz. Extracting by manifest.
775 silly tarball no local data for @nextui-org/badge@https://registry.npmjs.org/@nextui-org/badge/-/badge-2.2.5.tgz. Extracting by manifest.
776 silly tarball no local data for @nextui-org/avatar@https://registry.npmjs.org/@nextui-org/avatar/-/avatar-2.2.6.tgz. Extracting by manifest.
777 silly tarball no local data for @nextui-org/aria-utils@https://registry.npmjs.org/@nextui-org/aria-utils/-/aria-utils-2.2.7.tgz. Extracting by manifest.
778 silly tarball no local data for @nextui-org/alert@https://registry.npmjs.org/@nextui-org/alert/-/alert-2.2.9.tgz. Extracting by manifest.
779 silly tarball no local data for @nextui-org/autocomplete@https://registry.npmjs.org/@nextui-org/autocomplete/-/autocomplete-2.3.9.tgz. Extracting by manifest.
780 silly tarball no local data for @nextui-org/accordion@https://registry.npmjs.org/@nextui-org/accordion/-/accordion-2.2.7.tgz. Extracting by manifest.
781 silly tarball no local data for @motionone/utils@https://registry.npmjs.org/@motionone/utils/-/utils-10.18.0.tgz. Extracting by manifest.
782 silly tarball no local data for @motionone/types@https://registry.npmjs.org/@motionone/types/-/types-10.17.1.tgz. Extracting by manifest.
783 silly tarball no local data for @motionone/generators@https://registry.npmjs.org/@motionone/generators/-/generators-10.18.0.tgz. Extracting by manifest.
784 silly tarball no local data for @next/swc-win32-x64-msvc@https://registry.npmjs.org/@next/swc-win32-x64-msvc/-/swc-win32-x64-msvc-14.2.13.tgz. Extracting by manifest.
785 silly tarball no local data for @motionone/easing@https://registry.npmjs.org/@motionone/easing/-/easing-10.18.0.tgz. Extracting by manifest.
786 silly tarball no local data for @next/env@https://registry.npmjs.org/@next/env/-/env-14.2.13.tgz. Extracting by manifest.
787 silly tarball no local data for @material-tailwind/react@https://registry.npmjs.org/@material-tailwind/react/-/react-2.1.10.tgz. Extracting by manifest.
788 silly tarball no local data for @mongodb-js/saslprep@https://registry.npmjs.org/@mongodb-js/saslprep/-/saslprep-1.2.0.tgz. Extracting by manifest.
789 silly tarball no local data for @juggle/resize-observer@https://registry.npmjs.org/@juggle/resize-observer/-/resize-observer-3.4.0.tgz. Extracting by manifest.
790 silly tarball no local data for @jridgewell/trace-mapping@https://registry.npmjs.org/@jridgewell/trace-mapping/-/trace-mapping-0.3.25.tgz. Extracting by manifest.
791 silly tarball no local data for @motionone/dom@https://registry.npmjs.org/@motionone/dom/-/dom-10.12.0.tgz. Extracting by manifest.
792 silly tarball no local data for @motionone/animation@https://registry.npmjs.org/@motionone/animation/-/animation-10.18.0.tgz. Extracting by manifest.
793 silly tarball no local data for @jridgewell/sourcemap-codec@https://registry.npmjs.org/@jridgewell/sourcemap-codec/-/sourcemap-codec-1.5.0.tgz. Extracting by manifest.
794 silly tarball no local data for @jridgewell/source-map@https://registry.npmjs.org/@jridgewell/source-map/-/source-map-0.3.6.tgz. Extracting by manifest.
795 silly tarball no local data for @jridgewell/set-array@https://registry.npmjs.org/@jridgewell/set-array/-/set-array-1.2.1.tgz. Extracting by manifest.
796 silly tarball no local data for @jridgewell/resolve-uri@https://registry.npmjs.org/@jridgewell/resolve-uri/-/resolve-uri-3.1.2.tgz. Extracting by manifest.
797 silly tarball no local data for @jitsi/react-sdk@https://registry.npmjs.org/@jitsi/react-sdk/-/react-sdk-1.4.4.tgz. Extracting by manifest.
798 silly tarball no local data for @isaacs/cliui@https://registry.npmjs.org/@isaacs/cliui/-/cliui-8.0.2.tgz. Extracting by manifest.
799 silly tarball no local data for @jridgewell/gen-mapping@https://registry.npmjs.org/@jridgewell/gen-mapping/-/gen-mapping-0.3.8.tgz. Extracting by manifest.
800 silly tarball no local data for @internationalized/string@https://registry.npmjs.org/@internationalized/string/-/string-3.2.5.tgz. Extracting by manifest.
801 silly tarball no local data for @internationalized/number@https://registry.npmjs.org/@internationalized/number/-/number-3.6.0.tgz. Extracting by manifest.
802 silly tarball no local data for @headlessui/react@https://registry.npmjs.org/@headlessui/react/-/react-2.2.4.tgz. Extracting by manifest.
803 silly tarball no local data for @fullcalendar/react@https://registry.npmjs.org/@fullcalendar/react/-/react-6.1.15.tgz. Extracting by manifest.
804 silly tarball no local data for @internationalized/message@https://registry.npmjs.org/@internationalized/message/-/message-3.1.6.tgz. Extracting by manifest.
805 silly tarball no local data for @fullcalendar/core@https://registry.npmjs.org/@fullcalendar/core/-/core-6.1.15.tgz. Extracting by manifest.
806 silly tarball no local data for @fullcalendar/daygrid@https://registry.npmjs.org/@fullcalendar/daygrid/-/daygrid-6.1.15.tgz. Extracting by manifest.
807 silly tarball no local data for @internationalized/date@https://registry.npmjs.org/@internationalized/date/-/date-3.7.0.tgz. Extracting by manifest.
808 silly tarball no local data for @formatjs/intl-localematcher@https://registry.npmjs.org/@formatjs/intl-localematcher/-/intl-localematcher-0.6.0.tgz. Extracting by manifest.
809 silly tarball no local data for @formatjs/fast-memoize@https://registry.npmjs.org/@formatjs/fast-memoize/-/fast-memoize-2.2.6.tgz. Extracting by manifest.
810 silly tarball no local data for @formatjs/icu-messageformat-parser@https://registry.npmjs.org/@formatjs/icu-messageformat-parser/-/icu-messageformat-parser-2.11.1.tgz. Extracting by manifest.
811 silly tarball no local data for @formatjs/icu-skeleton-parser@https://registry.npmjs.org/@formatjs/icu-skeleton-parser/-/icu-skeleton-parser-1.8.13.tgz. Extracting by manifest.
812 silly tarball no local data for @formatjs/ecma402-abstract@https://registry.npmjs.org/@formatjs/ecma402-abstract/-/ecma402-abstract-2.3.3.tgz. Extracting by manifest.
813 silly tarball no local data for @floating-ui/utils@https://registry.npmjs.org/@floating-ui/utils/-/utils-0.2.9.tgz. Extracting by manifest.
814 silly tarball no local data for @floating-ui/react-dom@https://registry.npmjs.org/@floating-ui/react-dom/-/react-dom-1.3.0.tgz. Extracting by manifest.
815 silly tarball no local data for @floating-ui/react@https://registry.npmjs.org/@floating-ui/react/-/react-0.19.0.tgz. Extracting by manifest.
816 silly tarball no local data for @floating-ui/dom@https://registry.npmjs.org/@floating-ui/dom/-/dom-1.6.13.tgz. Extracting by manifest.
817 silly tarball no local data for @floating-ui/core@https://registry.npmjs.org/@floating-ui/core/-/core-1.6.9.tgz. Extracting by manifest.
818 silly tarball no local data for @emotion/weak-memoize@https://registry.npmjs.org/@emotion/weak-memoize/-/weak-memoize-0.4.0.tgz. Extracting by manifest.
819 silly tarball no local data for @emotion/utils@https://registry.npmjs.org/@emotion/utils/-/utils-1.4.2.tgz. Extracting by manifest.
820 silly tarball no local data for @emotion/unitless@https://registry.npmjs.org/@emotion/unitless/-/unitless-0.10.0.tgz. Extracting by manifest.
821 silly tarball no local data for @emotion/styled@https://registry.npmjs.org/@emotion/styled/-/styled-11.14.0.tgz. Extracting by manifest.
822 silly tarball no local data for @emotion/sheet@https://registry.npmjs.org/@emotion/sheet/-/sheet-1.4.0.tgz. Extracting by manifest.
823 silly tarball no local data for @emotion/serialize@https://registry.npmjs.org/@emotion/serialize/-/serialize-1.3.3.tgz. Extracting by manifest.
824 silly tarball no local data for @emotion/react@https://registry.npmjs.org/@emotion/react/-/react-11.14.0.tgz. Extracting by manifest.
825 silly tarball no local data for @emotion/use-insertion-effect-with-fallbacks@https://registry.npmjs.org/@emotion/use-insertion-effect-with-fallbacks/-/use-insertion-effect-with-fallbacks-1.2.0.tgz. Extracting by manifest.
826 silly tarball no local data for @emotion/memoize@https://registry.npmjs.org/@emotion/memoize/-/memoize-0.9.0.tgz. Extracting by manifest.
827 silly tarball no local data for @emotion/is-prop-valid@https://registry.npmjs.org/@emotion/is-prop-valid/-/is-prop-valid-1.3.1.tgz. Extracting by manifest.
828 silly tarball no local data for @emotion/hash@https://registry.npmjs.org/@emotion/hash/-/hash-0.9.2.tgz. Extracting by manifest.
829 silly tarball no local data for @emotion/cache@https://registry.npmjs.org/@emotion/cache/-/cache-11.14.0.tgz. Extracting by manifest.
830 silly tarball no local data for @emotion/babel-plugin@https://registry.npmjs.org/@emotion/babel-plugin/-/babel-plugin-11.13.5.tgz. Extracting by manifest.
831 silly tarball no local data for @chakra-ui/react@https://registry.npmjs.org/@chakra-ui/react/-/react-3.8.1.tgz. Extracting by manifest.
832 silly tarball no local data for @cspotcode/source-map-support@https://registry.npmjs.org/@cspotcode/source-map-support/-/source-map-support-0.8.1.tgz. Extracting by manifest.
833 silly tarball no local data for @babel/types@https://registry.npmjs.org/@babel/types/-/types-7.26.9.tgz. Extracting by manifest.
834 silly tarball no local data for @babel/traverse@https://registry.npmjs.org/@babel/traverse/-/traverse-7.26.9.tgz. Extracting by manifest.
835 silly tarball no local data for @babel/parser@https://registry.npmjs.org/@babel/parser/-/parser-7.26.9.tgz. Extracting by manifest.
836 silly tarball no local data for @babel/runtime@https://registry.npmjs.org/@babel/runtime/-/runtime-7.26.9.tgz. Extracting by manifest.
837 silly tarball no local data for @babel/template@https://registry.npmjs.org/@babel/template/-/template-7.26.9.tgz. Extracting by manifest.
838 silly tarball no local data for @babel/helper-validator-identifier@https://registry.npmjs.org/@babel/helper-validator-identifier/-/helper-validator-identifier-7.25.9.tgz. Extracting by manifest.
839 silly tarball no local data for @babel/generator@https://registry.npmjs.org/@babel/generator/-/generator-7.26.9.tgz. Extracting by manifest.
840 silly tarball no local data for @babel/helper-string-parser@https://registry.npmjs.org/@babel/helper-string-parser/-/helper-string-parser-7.25.9.tgz. Extracting by manifest.
841 silly tarball no local data for @ark-ui/react@https://registry.npmjs.org/@ark-ui/react/-/react-4.9.1.tgz. Extracting by manifest.
842 silly tarball no local data for @babel/code-frame@https://registry.npmjs.org/@babel/code-frame/-/code-frame-7.26.2.tgz. Extracting by manifest.
843 silly tarball no local data for strip-ansi@https://registry.npmjs.org/strip-ansi/-/strip-ansi-6.0.1.tgz. Extracting by manifest.
844 silly tarball no local data for @alloc/quick-lru@https://registry.npmjs.org/@alloc/quick-lru/-/quick-lru-5.2.0.tgz. Extracting by manifest.
845 silly tarball no local data for @babel/helper-module-imports@https://registry.npmjs.org/@babel/helper-module-imports/-/helper-module-imports-7.25.9.tgz. Extracting by manifest.
846 silly tarball no local data for emoji-regex@https://registry.npmjs.org/emoji-regex/-/emoji-regex-8.0.0.tgz. Extracting by manifest.
847 silly tarball no local data for ansi-styles@https://registry.npmjs.org/ansi-styles/-/ansi-styles-4.3.0.tgz. Extracting by manifest.
848 silly tarball no local data for schema-utils@https://registry.npmjs.org/schema-utils/-/schema-utils-4.3.0.tgz. Extracting by manifest.
849 silly tarball no local data for deepmerge@https://registry.npmjs.org/deepmerge/-/deepmerge-4.3.1.tgz. Extracting by manifest.
850 silly tarball no local data for json-schema-traverse@https://registry.npmjs.org/json-schema-traverse/-/json-schema-traverse-1.0.0.tgz. Extracting by manifest.
851 silly tarball no local data for arg@https://registry.npmjs.org/arg/-/arg-4.1.3.tgz. Extracting by manifest.
852 silly tarball no local data for string-width@https://registry.npmjs.org/string-width/-/string-width-4.2.3.tgz. Extracting by manifest.
853 silly tarball no local data for ansi-regex@https://registry.npmjs.org/ansi-regex/-/ansi-regex-5.0.1.tgz. Extracting by manifest.
854 silly tarball no local data for json-schema-traverse@https://registry.npmjs.org/json-schema-traverse/-/json-schema-traverse-1.0.0.tgz. Extracting by manifest.
855 silly tarball no local data for ajv@https://registry.npmjs.org/ajv/-/ajv-8.17.1.tgz. Extracting by manifest.
856 silly tarball no local data for ajv-keywords@https://registry.npmjs.org/ajv-keywords/-/ajv-keywords-5.1.0.tgz. Extracting by manifest.
857 silly tarball no local data for commander@https://registry.npmjs.org/commander/-/commander-2.20.3.tgz. Extracting by manifest.
858 silly tarball no local data for tailwind-merge@https://registry.npmjs.org/tailwind-merge/-/tailwind-merge-1.14.0.tgz. Extracting by manifest.
859 silly tarball no local data for commander@https://registry.npmjs.org/commander/-/commander-7.2.0.tgz. Extracting by manifest.
860 silly tarball no local data for schema-utils@https://registry.npmjs.org/schema-utils/-/schema-utils-4.3.0.tgz. Extracting by manifest.
861 silly tarball no local data for strip-ansi@https://registry.npmjs.org/strip-ansi/-/strip-ansi-6.0.1.tgz. Extracting by manifest.
862 silly tarball no local data for source-map@https://registry.npmjs.org/source-map/-/source-map-0.6.1.tgz. Extracting by manifest.
863 silly tarball no local data for emoji-regex@https://registry.npmjs.org/emoji-regex/-/emoji-regex-8.0.0.tgz. Extracting by manifest.
864 silly tarball no local data for ansi-regex@https://registry.npmjs.org/ansi-regex/-/ansi-regex-5.0.1.tgz. Extracting by manifest.
865 silly tarball no local data for debug@https://registry.npmjs.org/debug/-/debug-4.3.7.tgz. Extracting by manifest.
866 silly tarball no local data for is-arrayish@https://registry.npmjs.org/is-arrayish/-/is-arrayish-0.3.2.tgz. Extracting by manifest.
867 silly tarball no local data for ansi-regex@https://registry.npmjs.org/ansi-regex/-/ansi-regex-5.0.1.tgz. Extracting by manifest.
868 silly tarball no local data for minimatch@https://registry.npmjs.org/minimatch/-/minimatch-3.1.2.tgz. Extracting by manifest.
869 silly tarball no local data for glob@https://registry.npmjs.org/glob/-/glob-7.2.3.tgz. Extracting by manifest.
870 silly tarball no local data for brace-expansion@https://registry.npmjs.org/brace-expansion/-/brace-expansion-1.1.12.tgz. Extracting by manifest.
871 silly tarball no local data for react-is@https://registry.npmjs.org/react-is/-/react-is-17.0.2.tgz. Extracting by manifest.
872 silly tarball no local data for date-fns@https://registry.npmjs.org/date-fns/-/date-fns-2.30.0.tgz. Extracting by manifest.
873 silly tarball no local data for memoize-one@https://registry.npmjs.org/memoize-one/-/memoize-one-5.2.1.tgz. Extracting by manifest.
874 silly tarball no local data for debug@https://registry.npmjs.org/debug/-/debug-4.3.7.tgz. Extracting by manifest.
875 silly tarball no local data for ajv-keywords@https://registry.npmjs.org/ajv-keywords/-/ajv-keywords-5.1.0.tgz. Extracting by manifest.
876 silly tarball no local data for ajv@https://registry.npmjs.org/ajv/-/ajv-8.17.1.tgz. Extracting by manifest.
877 silly tarball no local data for clsx@https://registry.npmjs.org/clsx/-/clsx-2.1.1.tgz. Extracting by manifest.
878 silly tarball no local data for clsx@https://registry.npmjs.org/clsx/-/clsx-2.1.1.tgz. Extracting by manifest.
879 silly tarball no local data for date-fns@https://registry.npmjs.org/date-fns/-/date-fns-3.6.0.tgz. Extracting by manifest.
880 silly tarball no local data for classnames@https://registry.npmjs.org/classnames/-/classnames-2.5.1.tgz. Extracting by manifest.
881 silly tarball no local data for react-is@https://registry.npmjs.org/react-is/-/react-is-18.3.1.tgz. Extracting by manifest.
882 silly tarball no local data for clsx@https://registry.npmjs.org/clsx/-/clsx-2.1.1.tgz. Extracting by manifest.
883 silly tarball no local data for clsx@https://registry.npmjs.org/clsx/-/clsx-2.1.1.tgz. Extracting by manifest.
884 silly tarball no local data for clsx@https://registry.npmjs.org/clsx/-/clsx-2.1.1.tgz. Extracting by manifest.
885 silly tarball no local data for clsx@https://registry.npmjs.org/clsx/-/clsx-2.1.1.tgz. Extracting by manifest.
886 silly tarball no local data for postcss@https://registry.npmjs.org/postcss/-/postcss-8.4.31.tgz. Extracting by manifest.
887 silly tarball no local data for clsx@https://registry.npmjs.org/clsx/-/clsx-2.1.1.tgz. Extracting by manifest.
888 silly tarball no local data for yaml@https://registry.npmjs.org/yaml/-/yaml-2.7.0.tgz. Extracting by manifest.
889 silly tarball no local data for glob-parent@https://registry.npmjs.org/glob-parent/-/glob-parent-5.1.2.tgz. Extracting by manifest.
890 silly tarball no local data for @swc/helpers@https://registry.npmjs.org/@swc/helpers/-/helpers-0.5.5.tgz. Extracting by manifest.
891 silly tarball no local data for debug@https://registry.npmjs.org/debug/-/debug-4.3.7.tgz. Extracting by manifest.
892 silly tarball no local data for estraverse@https://registry.npmjs.org/estraverse/-/estraverse-5.3.0.tgz. Extracting by manifest.
893 silly tarball no local data for mdn-data@https://registry.npmjs.org/mdn-data/-/mdn-data-2.0.28.tgz. Extracting by manifest.
894 silly tarball no local data for css-tree@https://registry.npmjs.org/css-tree/-/css-tree-2.2.1.tgz. Extracting by manifest.
895 silly tarball no local data for regenerator-runtime@https://registry.npmjs.org/regenerator-runtime/-/regenerator-runtime-0.13.11.tgz. Extracting by manifest.
896 silly tarball no local data for json-schema-traverse@https://registry.npmjs.org/json-schema-traverse/-/json-schema-traverse-1.0.0.tgz. Extracting by manifest.
897 silly tarball no local data for ajv@https://registry.npmjs.org/ajv/-/ajv-8.17.1.tgz. Extracting by manifest.
898 silly tarball no local data for glob-parent@https://registry.npmjs.org/glob-parent/-/glob-parent-5.1.2.tgz. Extracting by manifest.
899 silly tarball no local data for pdfjs-dist@https://registry.npmjs.org/pdfjs-dist/-/pdfjs-dist-2.16.105.tgz. Extracting by manifest.
900 silly tarball no local data for @floating-ui/react-dom@https://registry.npmjs.org/@floating-ui/react-dom/-/react-dom-2.1.2.tgz. Extracting by manifest.
901 silly tarball no local data for @floating-ui/react@https://registry.npmjs.org/@floating-ui/react/-/react-0.27.5.tgz. Extracting by manifest.
902 silly tarball no local data for @floating-ui/dom@https://registry.npmjs.org/@floating-ui/dom/-/dom-1.6.12.tgz. Extracting by manifest.
903 silly tarball no local data for date-fns@https://registry.npmjs.org/date-fns/-/date-fns-2.30.0.tgz. Extracting by manifest.
904 silly tarball no local data for @react-types/shared@https://registry.npmjs.org/@react-types/shared/-/shared-3.27.0.tgz. Extracting by manifest.
905 silly tarball no local data for @react-types/shared@https://registry.npmjs.org/@react-types/shared/-/shared-3.27.0.tgz. Extracting by manifest.
906 silly tarball no local data for @react-types/shared@https://registry.npmjs.org/@react-types/shared/-/shared-3.27.0.tgz. Extracting by manifest.
907 silly tarball no local data for @react-stately/collections@https://registry.npmjs.org/@react-stately/collections/-/collections-3.12.1.tgz. Extracting by manifest.
908 silly tarball no local data for @react-types/shared@https://registry.npmjs.org/@react-types/shared/-/shared-3.27.0.tgz. Extracting by manifest.
909 silly tarball no local data for @react-types/shared@https://registry.npmjs.org/@react-types/shared/-/shared-3.27.0.tgz. Extracting by manifest.
910 silly tarball no local data for @react-types/select@https://registry.npmjs.org/@react-types/select/-/select-3.9.9.tgz. Extracting by manifest.
911 silly tarball no local data for @react-types/overlays@https://registry.npmjs.org/@react-types/overlays/-/overlays-3.8.12.tgz. Extracting by manifest.
912 silly tarball no local data for @react-types/overlays@https://registry.npmjs.org/@react-types/overlays/-/overlays-3.8.12.tgz. Extracting by manifest.
913 silly tarball no local data for @react-stately/overlays@https://registry.npmjs.org/@react-stately/overlays/-/overlays-3.6.13.tgz. Extracting by manifest.
914 silly tarball no local data for @react-stately/list@https://registry.npmjs.org/@react-stately/list/-/list-3.11.2.tgz. Extracting by manifest.
915 silly tarball no local data for @react-stately/form@https://registry.npmjs.org/@react-stately/form/-/form-3.1.1.tgz. Extracting by manifest.
916 silly tarball no local data for @react-stately/collections@https://registry.npmjs.org/@react-stately/collections/-/collections-3.12.1.tgz. Extracting by manifest.
917 silly tarball no local data for @react-stately/collections@https://registry.npmjs.org/@react-stately/collections/-/collections-3.12.1.tgz. Extracting by manifest.
918 silly tarball no local data for clsx@https://registry.npmjs.org/clsx/-/clsx-2.1.1.tgz. Extracting by manifest.
919 silly tarball no local data for clsx@https://registry.npmjs.org/clsx/-/clsx-2.1.1.tgz. Extracting by manifest.
920 silly tarball no local data for @react-types/checkbox@https://registry.npmjs.org/@react-types/checkbox/-/checkbox-3.9.1.tgz. Extracting by manifest.
921 silly tarball no local data for @react-stately/toggle@https://registry.npmjs.org/@react-stately/toggle/-/toggle-3.8.1.tgz. Extracting by manifest.
922 silly tarball no local data for @react-aria/toggle@https://registry.npmjs.org/@react-aria/toggle/-/toggle-3.10.11.tgz. Extracting by manifest.
923 silly tarball no local data for @react-aria/utils@https://registry.npmjs.org/@react-aria/utils/-/utils-3.27.0.tgz. Extracting by manifest.
924 silly tarball no local data for @react-types/shared@https://registry.npmjs.org/@react-types/shared/-/shared-3.27.0.tgz. Extracting by manifest.
925 silly tarball no local data for @react-types/shared@https://registry.npmjs.org/@react-types/shared/-/shared-3.27.0.tgz. Extracting by manifest.
926 silly tarball no local data for @react-types/grid@https://registry.npmjs.org/@react-types/grid/-/grid-3.2.11.tgz. Extracting by manifest.
927 silly tarball no local data for @react-types/shared@https://registry.npmjs.org/@react-types/shared/-/shared-3.27.0.tgz. Extracting by manifest.
928 silly tarball no local data for @react-aria/interactions@https://registry.npmjs.org/@react-aria/interactions/-/interactions-3.23.0.tgz. Extracting by manifest.
929 silly tarball no local data for @react-types/shared@https://registry.npmjs.org/@react-types/shared/-/shared-3.27.0.tgz. Extracting by manifest.
930 silly tarball no local data for clsx@https://registry.npmjs.org/clsx/-/clsx-2.1.1.tgz. Extracting by manifest.
931 silly tarball no local data for clsx@https://registry.npmjs.org/clsx/-/clsx-2.1.1.tgz. Extracting by manifest.
932 silly tarball no local data for @react-types/button@https://registry.npmjs.org/@react-types/button/-/button-3.10.2.tgz. Extracting by manifest.
933 silly tarball no local data for @react-types/shared@https://registry.npmjs.org/@react-types/shared/-/shared-3.27.0.tgz. Extracting by manifest.
934 silly tarball no local data for @react-aria/focus@https://registry.npmjs.org/@react-aria/focus/-/focus-3.19.1.tgz. Extracting by manifest.
935 silly tarball no local data for @react-types/grid@https://registry.npmjs.org/@react-types/grid/-/grid-3.2.11.tgz. Extracting by manifest.
936 silly tarball no local data for @react-types/checkbox@https://registry.npmjs.org/@react-types/checkbox/-/checkbox-3.9.1.tgz. Extracting by manifest.
937 silly tarball no local data for @react-stately/collections@https://registry.npmjs.org/@react-stately/collections/-/collections-3.12.1.tgz. Extracting by manifest.
938 silly tarball no local data for @react-aria/utils@https://registry.npmjs.org/@react-aria/utils/-/utils-3.27.0.tgz. Extracting by manifest.
939 silly tarball no local data for @react-aria/i18n@https://registry.npmjs.org/@react-aria/i18n/-/i18n-3.12.5.tgz. Extracting by manifest.
940 silly tarball no local data for clsx@https://registry.npmjs.org/clsx/-/clsx-2.1.1.tgz. Extracting by manifest.
941 silly tarball no local data for @react-aria/selection@https://registry.npmjs.org/@react-aria/selection/-/selection-3.22.0.tgz. Extracting by manifest.
942 silly tarball no local data for @react-aria/utils@https://registry.npmjs.org/@react-aria/utils/-/utils-3.27.0.tgz. Extracting by manifest.
943 silly tarball no local data for @react-aria/interactions@https://registry.npmjs.org/@react-aria/interactions/-/interactions-3.23.0.tgz. Extracting by manifest.
944 silly tarball no local data for clsx@https://registry.npmjs.org/clsx/-/clsx-2.1.1.tgz. Extracting by manifest.
945 silly tarball no local data for @react-aria/i18n@https://registry.npmjs.org/@react-aria/i18n/-/i18n-3.12.5.tgz. Extracting by manifest.
946 silly tarball no local data for @react-aria/focus@https://registry.npmjs.org/@react-aria/focus/-/focus-3.19.1.tgz. Extracting by manifest.
947 silly tarball no local data for @react-types/shared@https://registry.npmjs.org/@react-types/shared/-/shared-3.27.0.tgz. Extracting by manifest.
948 silly tarball no local data for @react-types/checkbox@https://registry.npmjs.org/@react-types/checkbox/-/checkbox-3.9.1.tgz. Extracting by manifest.
949 silly tarball no local data for @react-aria/utils@https://registry.npmjs.org/@react-aria/utils/-/utils-3.27.0.tgz. Extracting by manifest.
950 silly tarball no local data for @react-aria/interactions@https://registry.npmjs.org/@react-aria/interactions/-/interactions-3.23.0.tgz. Extracting by manifest.
951 silly tarball no local data for @react-aria/toggle@https://registry.npmjs.org/@react-aria/toggle/-/toggle-3.10.11.tgz. Extracting by manifest.
952 silly tarball no local data for @react-aria/focus@https://registry.npmjs.org/@react-aria/focus/-/focus-3.19.1.tgz. Extracting by manifest.
953 silly tarball no local data for deepmerge@https://registry.npmjs.org/deepmerge/-/deepmerge-4.3.1.tgz. Extracting by manifest.
954 silly tarball no local data for tailwind-merge@https://registry.npmjs.org/tailwind-merge/-/tailwind-merge-2.6.0.tgz. Extracting by manifest.
955 silly tarball no local data for @react-stately/toggle@https://registry.npmjs.org/@react-stately/toggle/-/toggle-3.8.1.tgz. Extracting by manifest.
956 silly tarball no local data for @internationalized/date@https://registry.npmjs.org/@internationalized/date/-/date-3.6.0.tgz. Extracting by manifest.
957 silly tarball no local data for @internationalized/date@https://registry.npmjs.org/@internationalized/date/-/date-3.6.0.tgz. Extracting by manifest.
958 silly tarball no local data for @internationalized/date@https://registry.npmjs.org/@internationalized/date/-/date-3.6.0.tgz. Extracting by manifest.
959 silly tarball no local data for react-dom@https://registry.npmjs.org/react-dom/-/react-dom-18.2.0.tgz. Extracting by manifest.
960 silly tarball no local data for @internationalized/date@https://registry.npmjs.org/@internationalized/date/-/date-3.6.0.tgz. Extracting by manifest.
961 silly tarball no local data for clsx@https://registry.npmjs.org/clsx/-/clsx-2.1.1.tgz. Extracting by manifest.
962 silly tarball no local data for react@https://registry.npmjs.org/react/-/react-18.2.0.tgz. Extracting by manifest.
963 silly tarball no local data for @tanstack/virtual-core@https://registry.npmjs.org/@tanstack/virtual-core/-/virtual-core-3.13.9.tgz. Extracting by manifest.
964 silly tarball no local data for framer-motion@https://registry.npmjs.org/framer-motion/-/framer-motion-6.5.1.tgz. Extracting by manifest.
965 silly tarball no local data for @tanstack/react-virtual@https://registry.npmjs.org/@tanstack/react-virtual/-/react-virtual-3.13.9.tgz. Extracting by manifest.
966 silly tarball no local data for @emotion/memoize@https://registry.npmjs.org/@emotion/memoize/-/memoize-0.7.4.tgz. Extracting by manifest.
967 silly tarball no local data for @react-types/shared@https://registry.npmjs.org/@react-types/shared/-/shared-3.29.1.tgz. Extracting by manifest.
968 silly tarball no local data for @emotion/is-prop-valid@https://registry.npmjs.org/@emotion/is-prop-valid/-/is-prop-valid-0.8.8.tgz. Extracting by manifest.
969 silly tarball no local data for @react-aria/utils@https://registry.npmjs.org/@react-aria/utils/-/utils-3.29.0.tgz. Extracting by manifest.
970 silly tarball no local data for @react-aria/ssr@https://registry.npmjs.org/@react-aria/ssr/-/ssr-3.9.8.tgz. Extracting by manifest.
971 silly tarball no local data for @react-aria/interactions@https://registry.npmjs.org/@react-aria/interactions/-/interactions-3.25.1.tgz. Extracting by manifest.
972 silly tarball no local data for @react-stately/utils@https://registry.npmjs.org/@react-stately/utils/-/utils-3.10.6.tgz. Extracting by manifest.
973 silly tarball no local data for @react-aria/focus@https://registry.npmjs.org/@react-aria/focus/-/focus-3.20.3.tgz. Extracting by manifest.
974 silly tarball no local data for @jridgewell/trace-mapping@https://registry.npmjs.org/@jridgewell/trace-mapping/-/trace-mapping-0.3.9.tgz. Extracting by manifest.
975 silly tarball no local data for @floating-ui/react-dom@https://registry.npmjs.org/@floating-ui/react-dom/-/react-dom-2.1.2.tgz. Extracting by manifest.
976 silly tarball no local data for @floating-ui/react@https://registry.npmjs.org/@floating-ui/react/-/react-0.26.28.tgz. Extracting by manifest.
977 http fetch POST 200 https://registry.npmjs.org/-/npm/v1/security/advisories/bulk 2299ms
978 silly audit report {
978 silly audit report   '@babel/runtime': [
978 silly audit report     {
978 silly audit report       id: 1104000,
978 silly audit report       url: 'https://github.com/advisories/GHSA-968p-4wvh-cqc8',
978 silly audit report       title: 'Babel has inefficient RegExp complexity in generated code with .replace when transpiling named capturing groups',
978 silly audit report       severity: 'moderate',
978 silly audit report       vulnerable_versions: '<7.26.10',
978 silly audit report       cwe: [Array],
978 silly audit report       cvss: [Object]
978 silly audit report     }
978 silly audit report   ],
978 silly audit report   '@remix-run/router': [
978 silly audit report     {
978 silly audit report       id: 1112052,
978 silly audit report       url: 'https://github.com/advisories/GHSA-2w69-qvjg-hvjx',
978 silly audit report       title: 'React Router vulnerable to XSS via Open Redirects',
978 silly audit report       severity: 'high',
978 silly audit report       vulnerable_versions: '<=1.23.1',
978 silly audit report       cwe: [Array],
978 silly audit report       cvss: [Object]
978 silly audit report     }
978 silly audit report   ],
978 silly audit report   'pdfjs-dist': [
978 silly audit report     {
978 silly audit report       id: 1118732,
978 silly audit report       url: 'https://github.com/advisories/GHSA-wgrm-67xf-hhpq',
978 silly audit report       title: 'PDF.js vulnerable to arbitrary JavaScript execution upon opening a malicious PDF',
978 silly audit report       severity: 'high',
978 silly audit report       vulnerable_versions: '<=4.1.392',
978 silly audit report       cwe: [Array],
978 silly audit report       cvss: [Object]
978 silly audit report     }
978 silly audit report   ],
978 silly audit report   '@zag-js/core': [
978 silly audit report     {
978 silly audit report       id: 1103310,
978 silly audit report       url: 'https://github.com/advisories/GHSA-fg4m-w35q-vfg2',
978 silly audit report       title: '@zag-js/core prototype pollution',
978 silly audit report       severity: 'high',
978 silly audit report       vulnerable_versions: '<0.82.2',
978 silly audit report       cwe: [Array],
978 silly audit report       cvss: [Object]
978 silly audit report     }
978 silly audit report   ],
978 silly audit report   ajv: [
978 silly audit report     {
978 silly audit report       id: 1113714,
978 silly audit report       url: 'https://github.com/advisories/GHSA-2g4f-4pwh-qvx6',
978 silly audit report       title: 'ajv has ReDoS when using `$data` option',
978 silly audit report       severity: 'moderate',
978 silly audit report       vulnerable_versions: '<6.14.0',
978 silly audit report       cwe: [Array],
978 silly audit report       cvss: [Object]
978 silly audit report     },
978 silly audit report     {
978 silly audit report       id: 1113715,
978 silly audit report       url: 'https://github.com/advisories/GHSA-2g4f-4pwh-qvx6',
978 silly audit report       title: 'ajv has ReDoS when using `$data` option',
978 silly audit report       severity: 'moderate',
978 silly audit report       vulnerable_versions: '>=7.0.0-alpha.0 <8.18.0',
978 silly audit report       cwe: [Array],
978 silly audit report       cvss: [Object]
978 silly audit report     }
978 silly audit report   ],
978 silly audit report   axios: [
978 silly audit report     {
978 silly audit report       id: 1111035,
978 silly audit report       url: 'https://github.com/advisories/GHSA-jr5f-v2jv-69x6',
978 silly audit report       title: 'axios Requests Vulnerable To Possible SSRF and Credential Leakage via Absolute URL',
978 silly audit report       severity: 'high',
978 silly audit report       vulnerable_versions: '>=1.0.0 <1.8.2',
978 silly audit report       cwe: [Array],
978 silly audit report       cvss: [Object]
978 silly audit report     },
978 silly audit report     {
978 silly audit report       id: 1118607,
978 silly audit report       url: 'https://github.com/advisories/GHSA-q8qp-cvcw-x6jj',
978 silly audit report       title: 'Axios has prototype pollution read-side gadgets in HTTP adapter that allow credential injection and request hijacking',
978 silly audit report       severity: 'high',
978 silly audit report       vulnerable_versions: '>=1.0.0 <1.15.2',
978 silly audit report       cwe: [Array],
978 silly audit report       cvss: [Object]
978 silly audit report     },
978 silly audit report     {
978 silly audit report       id: 1112195,
978 silly audit report       url: 'https://github.com/advisories/GHSA-4hjh-wcwx-xvwj',
978 silly audit report       title: 'Axios is vulnerable to DoS attack through lack of data size check',
978 silly audit report       severity: 'high',
978 silly audit report       vulnerable_versions: '>=1.0.0 <1.12.0',
978 silly audit report       cwe: [Array],
978 silly audit report       cvss: [Object]
978 silly audit report     },
978 silly audit report     {
978 silly audit report       id: 1119404,
978 silly audit report       url: 'https://github.com/advisories/GHSA-fvcv-3m26-pcqx',
978 silly audit report       title: 'Axios has Unrestricted Cloud Metadata Exfiltration via Header Injection Chain',
978 silly audit report       severity: 'moderate',
978 silly audit report       vulnerable_versions: '>=1.0.0 <1.15.0',
978 silly audit report       cwe: [Array],
978 silly audit report       cvss: [Object]
978 silly audit report     },
978 silly audit report     {
978 silly audit report       id: 1120125,
978 silly audit report       url: 'https://github.com/advisories/GHSA-62hf-57xw-28j9',
978 silly audit report       title: 'Axios: unbounded recursion in toFormData causes DoS via deeply nested request data',
978 silly audit report       severity: 'moderate',
978 silly audit report       vulnerable_versions: '>=1.0.0 <1.15.1',
978 silly audit report       cwe: [Array],
978 silly audit report       cvss: [Object]
978 silly audit report     },
978 silly audit report     {
978 silly audit report       id: 1120547,
978 silly audit report       url: 'https://github.com/advisories/GHSA-hfxv-24rg-xrqf',
978 silly audit report       title: 'Axios: Regular Expression Denial of Service (ReDoS) via Cookie Name Injection',
978 silly audit report       severity: 'high',
978 silly audit report       vulnerable_versions: '>=1.0.0 <1.16.0',
978 silly audit report       cwe: [Array],
978 silly audit report       cvss: [Object]
978 silly audit report     },
978 silly audit report     {
978 silly audit report       id: 1120643,
978 silly audit report       url: 'https://github.com/advisories/GHSA-777c-7fjr-54vf',
978 silly audit report       title: 'Allocation of Resources Without Limits or Throttling in Axios',
978 silly audit report       severity: 'high',
978 silly audit report       vulnerable_versions: '>=1.7.0 <1.16.0',
978 silly audit report       cwe: [Array],
978 silly audit report       cvss: [Object]
978 silly audit report     },
978 silly audit report     {
978 silly audit report       id: 1120645,
978 silly audit report       url: 'https://github.com/advisories/GHSA-p92q-9vqr-4j8v',
978 silly audit report       title: 'Axios: Proxy-Authorization Credential Leak to Origin Server Across HTTP-to-HTTPS Redirect in Axios Node.js HTTP Adapter',
978 silly audit report       severity: 'high',
978 silly audit report       vulnerable_versions: '>=1.0.0 <1.16.0',
978 silly audit report       cwe: [Array],
978 silly audit report       cvss: [Object]
978 silly audit report     },
978 silly audit report     {
978 silly audit report       id: 1120647,
978 silly audit report       url: 'https://github.com/advisories/GHSA-j5f8-grm9-p9fc',
978 silly audit report       title: 'Axios: Proxy-Authorization header leaks to redirect target when proxy is re-evaluated to direct connection',
978 silly audit report       severity: 'high',
978 silly audit report       vulnerable_versions: '>=1.0.0 <1.16.0',
978 silly audit report       cwe: [Array],
978 silly audit report       cvss: [Object]
978 silly audit report     },
978 silly audit report     {
978 silly audit report       id: 1120649,
978 silly audit report       url: 'https://github.com/advisories/GHSA-3g43-6gmg-66jw',
978 silly audit report       title: 'axios Vulnerable to Credential Theft and Response Hijacking via Prototype Pollution Gadget in Config Merge',
978 silly audit report       severity: 'high',
978 silly audit report       vulnerable_versions: '>=1.0.0 <1.15.2',
978 silly audit report       cwe: [Array],
978 silly audit report       cvss: [Object]
978 silly audit report     },
978 silly audit report     {
978 silly audit report       id: 1120650,
978 silly audit report       url: 'https://github.com/advisories/GHSA-35jp-ww65-95wh',
978 silly audit report       title: 'axios Vulnerable to Full Man-in-the-Middle via Prototype Pollution Gadget in `config.proxy`',
978 silly audit report       severity: 'high',
978 silly audit report       vulnerable_versions: '>=1.0.0 <1.16.0',
978 silly audit report       cwe: [Array],
978 silly audit report       cvss: [Object]
978 silly audit report     },
978 silly audit report     {
978 silly audit report       id: 1120652,
978 silly audit report       url: 'https://github.com/advisories/GHSA-898c-q2cr-xwhg',
978 silly audit report       title: 'axios has DoS & Header Injection via Prototype Pollution Read-Side Gadgets in axios merge functions',
978 silly audit report       severity: 'moderate',
978 silly audit report       vulnerable_versions: '>=1.0.0 <1.16.0',
978 silly audit report       cwe: [Array],
978 silly audit report       cvss: [Object]
978 silly audit report     },
978 silly audit report     {
978 silly audit report       id: 1116673,
978 silly audit report       url: 'https://github.com/advisories/GHSA-3p68-rc4w-qgx5',
978 silly audit report       title: 'Axios has a NO_PROXY Hostname Normalization Bypass that Leads to SSRF',
978 silly audit report       severity: 'moderate',
978 silly audit report       vulnerable_versions: '>=1.0.0 <1.15.0',
978 silly audit report       cwe: [Array],
978 silly audit report       cvss: [Object]
978 silly audit report     },
978 silly audit report     {
978 silly audit report       id: 1117574,
978 silly audit report       url: 'https://github.com/advisories/GHSA-w9j2-pvgh-6h63',
978 silly audit report       title: 'Axios: Authentication Bypass via Prototype Pollution Gadget in `validateStatus` Merge Strategy',
978 silly audit report       severity: 'moderate',
978 silly audit report       vulnerable_versions: '>=1.0.0 <1.15.1',
978 silly audit report       cwe: [Array],
978 silly audit report       cvss: [Object]
978 silly audit report     },
978 silly audit report     {
978 silly audit report       id: 1117576,
978 silly audit report       url: 'https://github.com/advisories/GHSA-pmwg-cvhr-8vh7',
978 silly audit report       title: 'Axios: Incomplete Fix for CVE-2025-62718 — NO_PROXY Protection Bypassed via RFC 1122 Loopback Subnet (127.0.0.0/8) in Axios 1.15.0',
978 silly audit report       severity: 'high',
978 silly audit report       vulnerable_versions: '>=1.0.0 <1.15.1',
978 silly audit report       cwe: [Array],
978 silly audit report       cvss: [Object]
978 silly audit report     },
978 silly audit report     {
978 silly audit report       id: 1117577,
978 silly audit report       url: 'https://github.com/advisories/GHSA-3w6x-2g7m-8v23',
978 silly audit report       title: 'Axios: Invisible JSON Response Tampering via Prototype Pollution Gadget in `parseReviver`',
978 silly audit report       severity: 'moderate',
978 silly audit report       vulnerable_versions: '>=1.0.0 <1.15.2',
978 silly audit report       cwe: [Array],
978 silly audit report       cvss: [Object]
978 silly audit report     },
978 silly audit report     {
978 silly audit report       id: 1117580,
978 silly audit report       url: 'https://github.com/advisories/GHSA-xhjh-pmcv-23jw',
978 silly audit report       title: 'Axios: Null Byte Injection via Reverse-Encoding in AxiosURLSearchParams',
978 silly audit report       severity: 'low',
978 silly audit report       vulnerable_versions: '>=1.0.0 <1.15.1',
978 silly audit report       cwe: [Array],
978 silly audit report       cvss: [Object]
978 silly audit report     },
978 silly audit report     {
978 silly audit report       id: 1117581,
978 silly audit report       url: 'https://github.com/advisories/GHSA-445q-vr5w-6q77',
978 silly audit report       title: 'Axios: CRLF Injection in multipart/form-data body via unsanitized blob.type in formDataToStream',
978 silly audit report       severity: 'moderate',
978 silly audit report       vulnerable_versions: '>=1.0.0 <1.15.1',
978 silly audit report       cwe: [Array],
978 silly audit report       cvss: [Object]
978 silly audit report     },
978 silly audit report     {
978 silly audit report       id: 1117583,
978 silly audit report       url: 'https://github.com/advisories/GHSA-m7pr-hjqh-92cm',
978 silly audit report       title: 'Axios: no_proxy bypass via IP alias allows SSRF',
978 silly audit report       severity: 'moderate',
978 silly audit report       vulnerable_versions: '>=1.0.0 <1.15.1',
978 silly audit report       cwe: [Array],
978 silly audit report       cvss: [Object]
978 silly audit report     },
978 silly audit report     {
978 silly audit report       id: 1117587,
978 silly audit report       url: 'https://github.com/advisories/GHSA-5c9x-8gcm-mpgx',
978 silly audit report       title: "Axios' HTTP adapter-streamed uploads bypass maxBodyLength when maxRedirects: 0",
978 silly audit report       severity: 'moderate',
978 silly audit report       vulnerable_versions: '>=1.0.0 <1.15.1',
978 silly audit report       cwe: [Array],
978 silly audit report       cvss: [Object]
978 silly audit report     },
978 silly audit report     {
978 silly audit report       id: 1117589,
978 silly audit report       url: 'https://github.com/advisories/GHSA-vf2m-468p-8v99',
978 silly audit report       title: 'Axios: HTTP adapter streamed responses bypass maxContentLength',
978 silly audit report       severity: 'moderate',
978 silly audit report       vulnerable_versions: '>=1.0.0 <1.15.1',
978 silly audit report       cwe: [Array],
978 silly audit report       cvss: [Object]
978 silly audit report     },
978 silly audit report     {
978 silly audit report       id: 1117591,
978 silly audit report       url: 'https://github.com/advisories/GHSA-pf86-5x62-jrwf',
978 silly audit report       title: 'Axios: Prototype Pollution Gadgets - Response Tampering, Data Exfiltration, and Request Hijacking',
978 silly audit report       severity: 'high',
978 silly audit report       vulnerable_versions: '>=1.0.0 <1.15.1',
978 silly audit report       cwe: [Array],
978 silly audit report       cvss: [Object]
978 silly audit report     },
978 silly audit report     {
978 silly audit report       id: 1117593,
978 silly audit report       url: 'https://github.com/advisories/GHSA-6chq-wfr3-2hj9',
978 silly audit report       title: 'Axios: Header Injection via Prototype Pollution',
978 silly audit report       severity: 'high',
978 silly audit report       vulnerable_versions: '>=1.0.0 <1.15.1',
978 silly audit report       cwe: [Array],
978 silly audit report       cvss: [Object]
978 silly audit report     },
978 silly audit report     {
978 silly audit report       id: 1117595,
978 silly audit report       url: 'https://github.com/advisories/GHSA-xx6v-rp6x-q39c',
978 silly audit report       title: 'Axios: XSRF Token Cross-Origin Leakage via Prototype Pollution Gadget in `withXSRFToken` Boolean Coercion',
978 silly audit report       severity: 'moderate',
978 silly audit report       vulnerable_versions: '>=1.0.0 <1.15.1',
978 silly audit report       cwe: [Array],
978 silly audit report       cvss: [Object]
978 silly audit report     },
978 silly audit report     {
978 silly audit report       id: 1117858,
978 silly audit report       url: 'https://github.com/advisories/GHSA-43fc-jf86-j433',
978 silly audit report       title: 'Axios is Vulnerable to Denial of Service via __proto__ Key in mergeConfig',
978 silly audit report       severity: 'high',
978 silly audit report       vulnerable_versions: '>=1.0.0 <=1.13.4',
978 silly audit report       cwe: [Array],
978 silly audit report       cvss: [Object]
978 silly audit report     }
978 silly audit report   ],
978 silly audit report   'brace-expansion': [
978 silly audit report     {
978 silly audit report       id: 1105444,
978 silly audit report       url: 'https://github.com/advisories/GHSA-v6h2-p8h4-qcjw',
978 silly audit report       title: 'brace-expansion Regular Expression Denial of Service vulnerability',
978 silly audit report       severity: 'low',
978 silly audit report       vulnerable_versions: '>=2.0.0 <=2.0.1',
978 silly audit report       cwe: [Array],
978 silly audit report       cvss: [Object]
978 silly audit report     },
978 silly audit report     {
978 silly audit report       id: 1115540,
978 silly audit report       url: 'https://github.com/advisories/GHSA-f886-m6hf-6m8v',
978 silly audit report       title: 'brace-expansion: Zero-step sequence causes process hang and memory exhaustion',
978 silly audit report       severity: 'moderate',
978 silly audit report       vulnerable_versions: '<1.1.13',
978 silly audit report       cwe: [Array],
978 silly audit report       cvss: [Object]
978 silly audit report     },
978 silly audit report     {
978 silly audit report       id: 1115541,
978 silly audit report       url: 'https://github.com/advisories/GHSA-f886-m6hf-6m8v',
978 silly audit report       title: 'brace-expansion: Zero-step sequence causes process hang and memory exhaustion',
978 silly audit report       severity: 'moderate',
978 silly audit report       vulnerable_versions: '>=2.0.0 <2.0.3',
978 silly audit report       cwe: [Array],
978 silly audit report       cvss: [Object]
978 silly audit report     }
978 silly audit report   ],
978 silly audit report   canvg: [
978 silly audit report     {
978 silly audit report       id: 1103216,
978 silly audit report       url: 'https://github.com/advisories/GHSA-v2mw-5mch-w8c5',
978 silly audit report       title: 'canvg Prototype Pollution vulnerability',
978 silly audit report       severity: 'high',
978 silly audit report       vulnerable_versions: '<3.0.11',
978 silly audit report       cwe: [Array],
978 silly audit report       cvss: [Object]
978 silly audit report     }
978 silly audit report   ],
978 silly audit report   diff: [
978 silly audit report     {
978 silly audit report       id: 1112704,
978 silly audit report       url: 'https://github.com/advisories/GHSA-73rr-hh4g-fpgx',
978 silly audit report       title: 'jsdiff has a Denial of Service vulnerability in parsePatch and applyPatch',
978 silly audit report       severity: 'low',
978 silly audit report       vulnerable_versions: '>=4.0.0 <4.0.4',
978 silly audit report       cwe: [Array],
978 silly audit report       cvss: [Object]
978 silly audit report     }
978 silly audit report   ],
978 silly audit report   dompurify: [
978 silly audit report     {
978 silly audit report       id: 1113981,
978 silly audit report       url: 'https://github.com/advisories/GHSA-v8jm-5vwx-cfxm',
978 silly audit report       title: 'DOMPurify contains a Cross-site Scripting vulnerability',
978 silly audit report       severity: 'moderate',
978 silly audit report       vulnerable_versions: '>=3.1.3 <3.2.7',
978 silly audit report       cwe: [Array],
978 silly audit report       cvss: [Object]
978 silly audit report     },
978 silly audit report     {
978 silly audit report       id: 1120800,
978 silly audit report       url: 'https://github.com/advisories/GHSA-x4vx-rjvf-j5p4',
978 silly audit report       title: 'DOMPurify: `IN_PLACE` mode trusts attacker-controlled `nodeName` on live non-form nodes, allowing script retention and XSS via attacker-supplied DOM objects',
978 silly audit report       severity: 'low',
978 silly audit report       vulnerable_versions: '<=3.4.6',
978 silly audit report       cwe: [Array],
978 silly audit report       cvss: [Object]
978 silly audit report     },
978 silly audit report     {
978 silly audit report       id: 1120801,
978 silly audit report       url: 'https://github.com/advisories/GHSA-76mc-f452-cxcm',
978 silly audit report       title: 'DOMPurify: Hook mutation of `data.allowedTags` / `data.allowedAttributes` permanently pollutes `DEFAULT_ALLOWED_TAGS` / `DEFAULT_ALLOWED_ATTR`',
978 silly audit report       severity: 'moderate',
978 silly audit report       vulnerable_versions: '<3.4.7',
978 silly audit report       cwe: [Array],
978 silly audit report       cvss: [Object]
978 silly audit report     },
978 silly audit report     {
978 silly audit report       id: 1120802,
978 silly audit report       url: 'https://github.com/advisories/GHSA-hpcv-96wg-7vj8',
978 silly audit report       title: 'DOMPurify: Cross-realm IN_PLACE sanitization leaves executable markup intact via realm-bound `instanceof` checks',
978 silly audit report       severity: 'moderate',
978 silly audit report       vulnerable_versions: '<=3.4.5',
978 silly audit report       cwe: [Array],
978 silly audit report       cvss: [Object]
978 silly audit report     },
978 silly audit report     {
978 silly audit report       id: 1120803,
978 silly audit report       url: 'https://github.com/advisories/GHSA-r47g-fvhr-h676',
978 silly audit report       title: 'DOMPurify: IN_PLACE mode preserves attributes of a clobbered root element, allowing XSS via attacker-controlled root DOM',
978 silly audit report       severity: 'moderate',
978 silly audit report       vulnerable_versions: '<=3.4.5',
978 silly audit report       cwe: [Array],
978 silly audit report       cvss: [Object]
978 silly audit report     },
978 silly audit report     {
978 silly audit report       id: 1120805,
978 silly audit report       url: 'https://github.com/advisories/GHSA-vxr8-fq34-vvx9',
978 silly audit report       title: 'DOMPurify: Trusted Types policy survives `clearConfig()` and can poison later `RETURN_TRUSTED_TYPE` output',
978 silly audit report       severity: 'low',
978 silly audit report       vulnerable_versions: '<3.4.9',
978 silly audit report       cwe: [Array],
978 silly audit report       cvss: [Object]
978 silly audit report     },
978 silly audit report     {
978 silly audit report       id: 1120812,
978 silly audit report       url: 'https://github.com/advisories/GHSA-gvmj-g25r-r7wr',
978 silly audit report       title: 'DOMPurify: SAFE_FOR_TEMPLATES bypass - template expressions survive sanitization inside <template> content when using DOM output modes',
978 silly audit report       severity: 'low',
978 silly audit report       vulnerable_versions: '>=3.0.0 <=3.4.7',
978 silly audit report       cwe: [Array],
978 silly audit report       cvss: [Object]
978 silly audit report     },
978 silly audit report     {
978 silly audit report       id: 1120813,
978 silly audit report       url: 'https://github.com/advisories/GHSA-rp9w-3fw7-7cwq',
978 silly audit report       title: 'DOMPurify IN_PLACE Sanitization Bypass via Attached Shadow Root Inside <template>.content',
978 silly audit report       severity: 'moderate',
978 silly audit report       vulnerable_versions: '<=3.4.6',
978 silly audit report       cwe: [Array],
978 silly audit report       cvss: [Object]
978 silly audit report     },
978 silly audit report     {
978 silly audit report       id: 1121192,
978 silly audit report       url: 'https://github.com/advisories/GHSA-cmwh-pvxp-8882',
978 silly audit report       title: 'DOMPurify: Permanent `ALLOWED_ATTR` pollution via `setConfig()` bypassing the hook clone-guard (incomplete fix of the 3.4.7 hook-pollution patch)',
978 silly audit report       severity: 'moderate',
978 silly audit report       vulnerable_versions: '<=3.4.10',
978 silly audit report       cwe: [Array],
978 silly audit report       cvss: [Object]
978 silly audit report     },
978 silly audit report     {
978 silly audit report       id: 1115668,
978 silly audit report       url: 'https://github.com/advisories/GHSA-v2wj-7wpq-c8vv',
978 silly audit report       title: 'DOMPurify contains a Cross-site Scripting vulnerability',
978 silly audit report       severity: 'moderate',
978 silly audit report       vulnerable_versions: '>=3.1.3 <=3.3.1',
978 silly audit report       cwe: [Array],
978 silly audit report       cvss: [Object]
978 silly audit report     },
978 silly audit report     {
978 silly audit report       id: 1115921,
978 silly audit report       url: 'https://github.com/advisories/GHSA-cjmm-f4jc-qw8r',
978 silly audit report       title: 'DOMPurify ADD_ATTR predicate skips URI validation',
978 silly audit report       severity: 'moderate',
978 silly audit report       vulnerable_versions: '<=3.3.1',
978 silly audit report       cwe: [Array],
978 silly audit report       cvss: [Object]
978 silly audit report     },
978 silly audit report     {
978 silly audit report       id: 1115922,
978 silly audit report       url: 'https://github.com/advisories/GHSA-cj63-jhhr-wcxv',
978 silly audit report       title: 'DOMPurify USE_PROFILES prototype pollution allows event handlers',
978 silly audit report       severity: 'moderate',
978 silly audit report       vulnerable_versions: '<=3.3.1',
978 silly audit report       cwe: [Array],
978 silly audit report       cvss: [Object]
978 silly audit report     },
978 silly audit report     {
978 silly audit report       id: 1116663,
978 silly audit report       url: 'https://github.com/advisories/GHSA-39q2-94rc-95cp',
978 silly audit report       title: "DOMPurify's ADD_TAGS function form bypasses FORBID_TAGS due to short-circuit evaluation",
978 silly audit report       severity: 'moderate',
978 silly audit report       vulnerable_versions: '<=3.3.3',
978 silly audit report       cwe: [Array],
978 silly audit report       cvss: [Object]
978 silly audit report     },
978 silly audit report     {
978 silly audit report       id: 1117138,
978 silly audit report       url: 'https://github.com/advisories/GHSA-h7mw-gpvr-xq4m',
978 silly audit report       title: 'DOMPurify: FORBID_TAGS bypassed by function-based ADD_TAGS predicate (asymmetry with FORBID_ATTR fix)',
978 silly audit report       severity: 'moderate',
978 silly audit report       vulnerable_versions: '<3.4.0',
978 silly audit report       cwe: [Array],
978 silly audit report       cvss: [Object]
978 silly audit report     },
978 silly audit report     {
978 silly audit report       id: 1117139,
978 silly audit report       url: 'https://github.com/advisories/GHSA-crv5-9vww-q3g8',
978 silly audit report       title: 'DOMPurify has a SAFE_FOR_TEMPLATES bypass in RETURN_DOM mode',
978 silly audit report       severity: 'moderate',
978 silly audit report       vulnerable_versions: '>=1.0.10 <3.4.0',
978 silly audit report       cwe: [Array],
978 silly audit report       cvss: [Object]
978 silly audit report     },
978 silly audit report     {
978 silly audit report       id: 1117140,
978 silly audit report       url: 'https://github.com/advisories/GHSA-v9jr-rg53-9pgp',
978 silly audit report       title: 'DOMPurify: Prototype Pollution to XSS Bypass via CUSTOM_ELEMENT_HANDLING Fallback',
978 silly audit report       severity: 'moderate',
978 silly audit report       vulnerable_versions: '>=3.0.1 <3.4.0',
978 silly audit report       cwe: [Array],
978 silly audit report       cvss: [Object]
978 silly audit report     },
978 silly audit report     {
978 silly audit report       id: 1117795,
978 silly audit report       url: 'https://github.com/advisories/GHSA-h8r8-wccr-v5f2',
978 silly audit report       title: 'DOMPurify is vulnerable to mutation-XSS via Re-Contextualization ',
978 silly audit report       severity: 'moderate',
978 silly audit report       vulnerable_versions: '<3.3.2',
978 silly audit report       cwe: [Array],
978 silly audit report       cvss: [Object]
978 silly audit report     }
978 silly audit report   ],
978 silly audit report   'fast-uri': [
978 silly audit report     {
978 silly audit report       id: 1117884,
978 silly audit report       url: 'https://github.com/advisories/GHSA-v39h-62p7-jpjc',
978 silly audit report       title: 'fast-uri vulnerable to host confusion via percent-encoded authority delimiters',
978 silly audit report       severity: 'high',
978 silly audit report       vulnerable_versions: '<=3.1.1',
978 silly audit report       cwe: [Array],
978 silly audit report       cvss: [Object]
978 silly audit report     },
978 silly audit report     {
978 silly audit report       id: 1117870,
978 silly audit report       url: 'https://github.com/advisories/GHSA-q3j6-qgpj-74h6',
978 silly audit report       title: 'fast-uri vulnerable to path traversal via percent-encoded dot segments',
978 silly audit report       severity: 'high',
978 silly audit report       vulnerable_versions: '<=3.1.0',
978 silly audit report       cwe: [Array],
978 silly audit report       cvss: [Object]
978 silly audit report     }
978 silly audit report   ],
978 silly audit report   'follow-redirects': [
978 silly audit report     {
978 silly audit report       id: 1116560,
978 silly audit report       url: 'https://github.com/advisories/GHSA-r4q5-vmmm-2653',
978 silly audit report       title: 'follow-redirects leaks Custom Authentication Headers to Cross-Domain Redirect Targets',
978 silly audit report       severity: 'moderate',
978 silly audit report       vulnerable_versions: '<=1.15.11',
978 silly audit report       cwe: [Array],
978 silly audit report       cvss: [Object]
978 silly audit report     }
978 silly audit report   ],
978 silly audit report   'form-data': [
978 silly audit report     {
978 silly audit report       id: 1109538,
978 silly audit report       url: 'https://github.com/advisories/GHSA-fjxv-7rqg-78g4',
978 silly audit report       title: 'form-data uses unsafe random function in form-data for choosing boundary',
978 silly audit report       severity: 'critical',
978 silly audit report       vulnerable_versions: '>=4.0.0 <4.0.4',
978 silly audit report       cwe: [Array],
978 silly audit report       cvss: [Object]
978 silly audit report     },
978 silly audit report     {
978 silly audit report       id: 1120743,
978 silly audit report       url: 'https://github.com/advisories/GHSA-hmw2-7cc7-3qxx',
978 silly audit report       title: 'form-data: CRLF injection in form-data via unescaped multipart field names and filenames',
978 silly audit report       severity: 'high',
978 silly audit report       vulnerable_versions: '>=4.0.0 <4.0.6',
978 silly audit report       cwe: [Array],
978 silly audit report       cvss: [Object]
978 silly audit report     }
978 silly audit report   ],
978 silly audit report   glob: [
978 silly audit report     {
978 silly audit report       id: 1109842,
978 silly audit report       url: 'https://github.com/advisories/GHSA-5j98-mcp5-4vw2',
978 silly audit report       title: 'glob CLI: Command injection via -c/--cmd executes matches with shell:true',
978 silly audit report       severity: 'high',
978 silly audit report       vulnerable_versions: '>=10.2.0 <10.5.0',
978 silly audit report       cwe: [Array],
978 silly audit report       cvss: [Object]
978 silly audit report     }
978 silly audit report   ],
978 silly audit report   'html2pdf.js': [
978 silly audit report     {
978 silly audit report       id: 1112433,
978 silly audit report       url: 'https://github.com/advisories/GHSA-w8x4-x68c-m6fc',
978 silly audit report       title: 'html2pdf.js contains a cross-site scripting vulnerability',
978 silly audit report       severity: 'high',
978 silly audit report       vulnerable_versions: '<0.14.0',
978 silly audit report       cwe: [Array],
978 silly audit report       cvss: [Object]
978 silly audit report     }
978 silly audit report   ],
978 silly audit report   jspdf: [
978 silly audit report     {
978 silly audit report       id: 1103308,
978 silly audit report       url: 'https://github.com/advisories/GHSA-w532-jxjh-hjhj',
978 silly audit report       title: 'jsPDF Bypass Regular Expression Denial of Service (ReDoS)',
978 silly audit report       severity: 'high',
978 silly audit report       vulnerable_versions: '<3.0.1',
978 silly audit report       cwe: [Array],
978 silly audit report       cvss: [Object]
978 silly audit report     },
978 silly audit report     {
978 silly audit report       id: 1107412,
978 silly audit report       url: 'https://github.com/advisories/GHSA-8mvj-3j78-4qmw',
978 silly audit report       title: 'jsPDF Denial of Service (DoS)',
978 silly audit report       severity: 'high',
978 silly audit report       vulnerable_versions: '<=3.0.1',
978 silly audit report       cwe: [Array],
978 silly audit report       cvss: [Object]
978 silly audit report     },
978 silly audit report     {
978 silly audit report       id: 1112264,
978 silly audit report       url: 'https://github.com/advisories/GHSA-f8cm-6447-x5h2',
978 silly audit report       title: 'jsPDF has Local File Inclusion/Path Traversal vulnerability',
978 silly audit report       severity: 'critical',
978 silly audit report       vulnerable_versions: '<=3.0.4',
978 silly audit report       cwe: [Array],
978 silly audit report       cvss: [Object]
978 silly audit report     },
978 silly audit report     {
978 silly audit report       id: 1112801,
978 silly audit report       url: 'https://github.com/advisories/GHSA-pqxr-3g65-p328',
978 silly audit report       title: 'jsPDF has PDF Injection in AcroFormChoiceField that allows Arbitrary JavaScript Execution',
978 silly audit report       severity: 'high',
978 silly audit report       vulnerable_versions: '<=4.0.0',
978 silly audit report       cwe: [Array],
978 silly audit report       cvss: [Object]
978 silly audit report     },
978 silly audit report     {
978 silly audit report       id: 1112802,
978 silly audit report       url: 'https://github.com/advisories/GHSA-95fx-jjr5-f39c',
978 silly audit report       title: 'jsPDF Vulnerable to Denial of Service (DoS) via Unvalidated BMP Dimensions in BMPDecoder',
978 silly audit report       severity: 'high',
978 silly audit report       vulnerable_versions: '<=4.0.0',
978 silly audit report       cwe: [Array],
978 silly audit report       cvss: [Object]
978 silly audit report     },
978 silly audit report     {
978 silly audit report       id: 1112803,
978 silly audit report       url: 'https://github.com/advisories/GHSA-vm32-vv63-w422',
978 silly audit report       title: 'jsPDF Vulnerable to Stored XMP Metadata Injection (Spoofing & Integrity Violation)',
978 silly audit report       severity: 'moderate',
978 silly audit report       vulnerable_versions: '<=4.0.0',
978 silly audit report       cwe: [Array],
978 silly audit report       cvss: [Object]
978 silly audit report     },
978 silly audit report     {
978 silly audit report       id: 1112804,
978 silly audit report       url: 'https://github.com/advisories/GHSA-cjw8-79x6-5cj4',
978 silly audit report       title: 'jsPDF has Shared State Race Condition in addJS Plugin',
978 silly audit report       severity: 'moderate',
978 silly audit report       vulnerable_versions: '<=4.0.0',
978 silly audit report       cwe: [Array],
978 silly audit report       cvss: [Object]
978 silly audit report     },
978 silly audit report     {
978 silly audit report       id: 1113310,
978 silly audit report       url: 'https://github.com/advisories/GHSA-9vjf-qc39-jprp',
978 silly audit report       title: 'jsPDF has a PDF Object Injection via Unsanitized Input in addJS Method',
978 silly audit report       severity: 'high',
978 silly audit report       vulnerable_versions: '<4.2.0',
978 silly audit report       cwe: [Array],
978 silly audit report       cvss: [Object]
978 silly audit report     },
978 silly audit report     {
978 silly audit report       id: 1113324,
978 silly audit report       url: 'https://github.com/advisories/GHSA-67pg-wm7f-q7fj',
978 silly audit report       title: 'jsPDF Affected by Client-Side/Server-Side Denial of Service via Malicious GIF Dimensions',
978 silly audit report       severity: 'high',
978 silly audit report       vulnerable_versions: '<4.2.0',
978 silly audit report       cwe: [Array],
978 silly audit report       cvss: [Object]
978 silly audit report     },
978 silly audit report     {
978 silly audit report       id: 1114396,
978 silly audit report       url: 'https://github.com/advisories/GHSA-p5xg-68wr-hm3m',
978 silly audit report       title: 'jsPDF has a PDF Injection in AcroForm module allows Arbitrary JavaScript Execution (RadioButton.createOption and "AS" property)',
978 silly audit report       severity: 'high',
978 silly audit report       vulnerable_versions: '<4.2.0',
978 silly audit report       cwe: [Array],
978 silly audit report       cvss: [Object]
978 silly audit report     },
978 silly audit report     {
978 silly audit report       id: 1114950,
978 silly audit report       url: 'https://github.com/advisories/GHSA-7x6v-j9x4-qf24',
978 silly audit report       title: 'jsPDF has a PDF Object Injection via FreeText color',
978 silly audit report       severity: 'high',
978 silly audit report       vulnerable_versions: '<=4.2.0',
978 silly audit report       cwe: [Array],
978 silly audit report       cvss: [Object]
978 silly audit report     },
978 silly audit report     {
978 silly audit report       id: 1114974,
978 silly audit report       url: 'https://github.com/advisories/GHSA-wfv2-pwc8-crg5',
978 silly audit report       title: 'jsPDF has HTML Injection in New Window paths',
978 silly audit report       severity: 'critical',
978 silly audit report       vulnerable_versions: '<=4.2.0',
978 silly audit report       cwe: [Array],
978 silly audit report       cvss: [Object]
978 silly audit report     }
978 silly audit report   ],
978 silly audit report   lodash: [
978 silly audit report     {
978 silly audit report       id: 1120370,
978 silly audit report       url: 'https://github.com/advisories/GHSA-xxjr-mmjv-4gpg',
978 silly audit report       title: 'Lodash has Prototype Pollution Vulnerability in `_.unset` and `_.omit` functions',
978 silly audit report       severity: 'moderate',
978 silly audit report       vulnerable_versions: '>=4.0.0 <=4.17.22',
978 silly audit report       cwe: [Array],
978 silly audit report       cvss: [Object]
978 silly audit report     },
978 silly audit report     {
978 silly audit report       id: 1115806,
978 silly audit report       url: 'https://github.com/advisories/GHSA-r5fr-rjxr-66jc',
978 silly audit report       title: 'lodash vulnerable to Code Injection via `_.template` imports key names',
978 silly audit report       severity: 'high',
978 silly audit report       vulnerable_versions: '>=4.0.0 <=4.17.23',
978 silly audit report       cwe: [Array],
978 silly audit report       cvss: [Object]
978 silly audit report     },
978 silly audit report     {
978 silly audit report       id: 1115810,
978 silly audit report       url: 'https://github.com/advisories/GHSA-f23m-r3pf-42rh',
978 silly audit report       title: 'lodash vulnerable to Prototype Pollution via array path bypass in `_.unset` and `_.omit`',
978 silly audit report       severity: 'moderate',
978 silly audit report       vulnerable_versions: '<=4.17.23',
978 silly audit report       cwe: [Array],
978 silly audit report       cvss: [Object]
978 silly audit report     }
978 silly audit report   ],
978 silly audit report   'lodash-es': [
978 silly audit report     {
978 silly audit report       id: 1120368,
978 silly audit report       url: 'https://github.com/advisories/GHSA-xxjr-mmjv-4gpg',
978 silly audit report       title: 'Lodash has Prototype Pollution Vulnerability in `_.unset` and `_.omit` functions',
978 silly audit report       severity: 'moderate',
978 silly audit report       vulnerable_versions: '>=4.0.0 <=4.17.22',
978 silly audit report       cwe: [Array],
978 silly audit report       cvss: [Object]
978 silly audit report     },
978 silly audit report     {
978 silly audit report       id: 1115805,
978 silly audit report       url: 'https://github.com/advisories/GHSA-r5fr-rjxr-66jc',
978 silly audit report       title: 'lodash vulnerable to Code Injection via `_.template` imports key names',
978 silly audit report       severity: 'high',
978 silly audit report       vulnerable_versions: '>=4.0.0 <=4.17.23',
978 silly audit report       cwe: [Array],
978 silly audit report       cvss: [Object]
978 silly audit report     },
978 silly audit report     {
978 silly audit report       id: 1115809,
978 silly audit report       url: 'https://github.com/advisories/GHSA-f23m-r3pf-42rh',
978 silly audit report       title: 'lodash vulnerable to Prototype Pollution via array path bypass in `_.unset` and `_.omit`',
978 silly audit report       severity: 'moderate',
978 silly audit report       vulnerable_versions: '<=4.17.23',
978 silly audit report       cwe: [Array],
978 silly audit report       cvss: [Object]
978 silly audit report     }
978 silly audit report   ],
978 silly audit report   minimatch: [
978 silly audit report     {
978 silly audit report       id: 1113459,
978 silly audit report       url: 'https://github.com/advisories/GHSA-3ppc-4f35-3m26',
978 silly audit report       title: 'minimatch has a ReDoS via repeated wildcards with non-matching literal in pattern',
978 silly audit report       severity: 'high',
978 silly audit report       vulnerable_versions: '<3.1.3',
978 silly audit report       cwe: [Array],
978 silly audit report       cvss: [Object]
978 silly audit report     },
978 silly audit report     {
978 silly audit report       id: 1113465,
978 silly audit report       url: 'https://github.com/advisories/GHSA-3ppc-4f35-3m26',
978 silly audit report       title: 'minimatch has a ReDoS via repeated wildcards with non-matching literal in pattern',
978 silly audit report       severity: 'high',
978 silly audit report       vulnerable_versions: '>=9.0.0 <9.0.6',
978 silly audit report       cwe: [Array],
978 silly audit report       cvss: [Object]
978 silly audit report     },
978 silly audit report     {
978 silly audit report       id: 1113538,
978 silly audit report       url: 'https://github.com/advisories/GHSA-7r86-cg39-jmmj',
978 silly audit report       title: 'minimatch has ReDoS: matchOne() combinatorial backtracking via multiple non-adjacent GLOBSTAR segments',
978 silly audit report       severity: 'high',
978 silly audit report       vulnerable_versions: '<3.1.3',
978 silly audit report       cwe: [Array],
978 silly audit report       cvss: [Object]
978 silly audit report     },
978 silly audit report     {
978 silly audit report       id: 1113544,
978 silly audit report       url: 'https://github.com/advisories/GHSA-7r86-cg39-jmmj',
978 silly audit report       title: 'minimatch has ReDoS: matchOne() combinatorial backtracking via multiple non-adjacent GLOBSTAR segments',
978 silly audit report       severity: 'high',
978 silly audit report       vulnerable_versions: '>=9.0.0 <9.0.7',
978 silly audit report       cwe: [Array],
978 silly audit report       cvss: [Object]
978 silly audit report     },
978 silly audit report     {
978 silly audit report       id: 1113546,
978 silly audit report       url: 'https://github.com/advisories/GHSA-23c5-xmqv-rm74',
978 silly audit report       title: 'minimatch ReDoS: nested *() extglobs generate catastrophically backtracking regular expressions',
978 silly audit report       severity: 'high',
978 silly audit report       vulnerable_versions: '<3.1.4',
978 silly audit report       cwe: [Array],
978 silly audit report       cvss: [Object]
978 silly audit report     },
978 silly audit report     {
978 silly audit report       id: 1113552,
978 silly audit report       url: 'https://github.com/advisories/GHSA-23c5-xmqv-rm74',
978 silly audit report       title: 'minimatch ReDoS: nested *() extglobs generate catastrophically backtracking regular expressions',
978 silly audit report       severity: 'high',
978 silly audit report       vulnerable_versions: '>=9.0.0 <9.0.7',
978 silly audit report       cwe: [Array],
978 silly audit report       cvss: [Object]
978 silly audit report     }
978 silly audit report   ],
978 silly audit report   mongoose: [
978 silly audit report     {
978 silly audit report       id: 1118997,
978 silly audit report       url: 'https://github.com/advisories/GHSA-wpg9-53fq-2r8h',
978 silly audit report       title: "Mongoose's Improper Sanitization of $nor in sanitizeFilter May Allow NoSQL Injection",
978 silly audit report       severity: 'high',
978 silly audit report       vulnerable_versions: '>=8.0.0 <=8.22.0',
978 silly audit report       cwe: [Array],
978 silly audit report       cvss: [Object]
978 silly audit report     }
978 silly audit report   ],
978 silly audit report   next: [
978 silly audit report     {
978 silly audit report       id: 1117931,
978 silly audit report       url: 'https://github.com/advisories/GHSA-8h8q-6873-q5fj',
978 silly audit report       title: 'Next.js Vulnerable to Denial of Service with Server Components',
978 silly audit report       severity: 'high',
978 silly audit report       vulnerable_versions: '>=13.0.0 <15.5.16',
978 silly audit report       cwe: [Array],
978 silly audit report       cvss: [Object]
978 silly audit report     },
978 silly audit report     {
978 silly audit report       id: 1101438,
978 silly audit report       url: 'https://github.com/advisories/GHSA-7m27-7ghc-44w9',
978 silly audit report       title: 'Next.js Allows a Denial of Service (DoS) with Server Actions',
978 silly audit report       severity: 'moderate',
978 silly audit report       vulnerable_versions: '>=14.0.0 <14.2.21',
978 silly audit report       cwe: [Array],
978 silly audit report       cvss: [Object]
978 silly audit report     },
978 silly audit report     {
978 silly audit report       id: 1105461,
978 silly audit report       url: 'https://github.com/advisories/GHSA-3h52-269p-cp9r',
978 silly audit report       title: 'Information exposure in Next.js dev server due to lack of origin verification',
978 silly audit report       severity: 'low',
978 silly audit report       vulnerable_versions: '>=13.0 <14.2.30',
978 silly audit report       cwe: [Array],
978 silly audit report       cvss: [Object]
978 silly audit report     },
978 silly audit report     {
978 silly audit report       id: 1111391,
978 silly audit report       url: 'https://github.com/advisories/GHSA-mwv6-3258-q52c',
978 silly audit report       title: 'Next Vulnerable to Denial of Service with Server Components',
978 silly audit report       severity: 'high',
978 silly audit report       vulnerable_versions: '>=13.3.0 <14.2.34',
978 silly audit report       cwe: [Array],
978 silly audit report       cvss: [Object]
978 silly audit report     },
978 silly audit report     {
978 silly audit report       id: 1107226,
978 silly audit report       url: 'https://github.com/advisories/GHSA-g5qg-72qw-gw5v',
978 silly audit report       title: 'Next.js Affected by Cache Key Confusion for Image Optimization API Routes',
978 silly audit report       severity: 'moderate',
978 silly audit report       vulnerable_versions: '>=0.9.9 <14.2.31',
978 silly audit report       cwe: [Array],
978 silly audit report       cvss: [Object]
978 silly audit report     },
978 silly audit report     {
978 silly audit report       id: 1107420,
978 silly audit report       url: 'https://github.com/advisories/GHSA-7gfc-8cq8-jh5f',
978 silly audit report       title: 'Next.js authorization bypass vulnerability',
978 silly audit report       severity: 'high',
978 silly audit report       vulnerable_versions: '>=9.5.5 <14.2.15',
978 silly audit report       cwe: [Array],
978 silly audit report       cvss: [Object]
978 silly audit report     },
978 silly audit report     {
978 silly audit report       id: 1107512,
978 silly audit report       url: 'https://github.com/advisories/GHSA-4342-x723-ch2f',
978 silly audit report       title: 'Next.js Improper Middleware Redirect Handling Leads to SSRF',
978 silly audit report       severity: 'moderate',
978 silly audit report       vulnerable_versions: '>=0.9.9 <14.2.32',
978 silly audit report       cwe: [Array],
978 silly audit report       cvss: [Object]
978 silly audit report     },
978 silly audit report     {
978 silly audit report       id: 1107513,
978 silly audit report       url: 'https://github.com/advisories/GHSA-xv57-4mr9-wg8v',
978 silly audit report       title: 'Next.js Content Injection Vulnerability for Image Optimization',
978 silly audit report       severity: 'moderate',
978 silly audit report       vulnerable_versions: '>=0.9.9 <14.2.31',
978 silly audit report       cwe: [Array],
978 silly audit report       cvss: [Object]
978 silly audit report     },
978 silly audit report     {
978 silly audit report       id: 1112182,
978 silly audit report       url: 'https://github.com/advisories/GHSA-5j59-xgg2-r9c4',
978 silly audit report       title: 'Next has a Denial of Service with Server Components - Incomplete Fix Follow-Up',
978 silly audit report       severity: 'high',
978 silly audit report       vulnerable_versions: '>=13.3.1-canary.0 <14.2.35',
978 silly audit report       cwe: [Array],
978 silly audit report       cvss: [Object]
978 silly audit report     },
978 silly audit report     {
978 silly audit report       id: 1108291,
978 silly audit report       url: 'https://github.com/advisories/GHSA-qpjv-v59x-3qc4',
978 silly audit report       title: 'Next.js Race Condition to Cache Poisoning',
978 silly audit report       severity: 'low',
978 silly audit report       vulnerable_versions: '>=0.9.9 <14.2.24',
978 silly audit report       cwe: [Array],
978 silly audit report       cvss: [Object]
978 silly audit report     },
978 silly audit report     {
978 silly audit report       id: 1118942,
978 silly audit report       url: 'https://github.com/advisories/GHSA-3g8h-86w9-wvmq',
978 silly audit report       title: "Next.js's Middleware / Proxy redirects can be cache-poisoned",
978 silly audit report       severity: 'low',
978 silly audit report       vulnerable_versions: '>=12.2.0 <15.5.16',
978 silly audit report       cwe: [Array],
978 silly audit report       cvss: [Object]
978 silly audit report     },
978 silly audit report     {
978 silly audit report       id: 1118944,
978 silly audit report       url: 'https://github.com/advisories/GHSA-ffhc-5mcf-pf4q',
978 silly audit report       title: 'Next.js vulnerable to cross-site scripting in App Router applications using CSP nonces',
978 silly audit report       severity: 'moderate',
978 silly audit report       vulnerable_versions: '>=13.4.0 <15.5.16',
978 silly audit report       cwe: [Array],
978 silly audit report       cvss: [Object]
978 silly audit report     },
978 silly audit report     {
978 silly audit report       id: 1118946,
978 silly audit report       url: 'https://github.com/advisories/GHSA-vfv6-92ff-j949',
978 silly audit report       title: 'Next.js vulnerable to cache poisoning via collisions in React Server Component cache-busting',
978 silly audit report       severity: 'low',
978 silly audit report       vulnerable_versions: '>=13.4.6 <15.5.16',
978 silly audit report       cwe: [Array],
978 silly audit report       cvss: [Object]
978 silly audit report     },
978 silly audit report     {
978 silly audit report       id: 1118948,
978 silly audit report       url: 'https://github.com/advisories/GHSA-gx5p-jg67-6x7h',
978 silly audit report       title: 'Next.js has cross-site scripting in beforeInteractive scripts with untrusted input',
978 silly audit report       severity: 'moderate',
978 silly audit report       vulnerable_versions: '>=13.0.0 <15.5.16',
978 silly audit report       cwe: [Array],
978 silly audit report       cvss: [Object]
978 silly audit report     },
978 silly audit report     {
978 silly audit report       id: 1118952,
978 silly audit report       url: 'https://github.com/advisories/GHSA-h64f-5h5j-jqjh',
978 silly audit report       title: 'Next.js has a Denial of Service in the Image Optimization API',
978 silly audit report       severity: 'moderate',
978 silly audit report       vulnerable_versions: '>=10.0.0 <15.5.16',
978 silly audit report       cwe: [Array],
978 silly audit report       cvss: [Object]
978 silly audit report     },
978 silly audit report     {
978 silly audit report       id: 1118954,
978 silly audit report       url: 'https://github.com/advisories/GHSA-c4j6-fc7j-m34r',
978 silly audit report       title: 'Next.js vulnerable to server-side request forgery in applications using WebSocket upgrades',
978 silly audit report       severity: 'high',
978 silly audit report       vulnerable_versions: '>=13.4.13 <15.5.16',
978 silly audit report       cwe: [Array],
978 silly audit report       cvss: [Object]
978 silly audit report     },
978 silly audit report     {
978 silly audit report       id: 1118958,
978 silly audit report       url: 'https://github.com/advisories/GHSA-wfc6-r584-vfw7',
978 silly audit report       title: 'Next.js vulnerable to cache poisoning in React Server Component responses',
978 silly audit report       severity: 'moderate',
978 silly audit report       vulnerable_versions: '>=14.2.0 <15.5.16',
978 silly audit report       cwe: [Array],
978 silly audit report       cvss: [Object]
978 silly audit report     },
978 silly audit report     {
978 silly audit report       id: 1118962,
978 silly audit report       url: 'https://github.com/advisories/GHSA-36qx-fr4f-26g5',
978 silly audit report       title: 'Next.js has a Middleware / Proxy bypass in Pages Router applications using i18n',
978 silly audit report       severity: 'high',
978 silly audit report       vulnerable_versions: '>=12.2.0 <15.5.16',
978 silly audit report       cwe: [Array],
978 silly audit report       cvss: [Object]
978 silly audit report     },
978 silly audit report     {
978 silly audit report       id: 1112593,
978 silly audit report       url: 'https://github.com/advisories/GHSA-9g9p-9gw9-jx7f',
978 silly audit report       title: 'Next.js self-hosted applications vulnerable to DoS via Image Optimizer remotePatterns configuration',
978 silly audit report       severity: 'moderate',
978 silly audit report       vulnerable_versions: '>=10.0.0 <15.5.10',
978 silly audit report       cwe: [Array],
978 silly audit report       cvss: [Object]
978 silly audit report     },
978 silly audit report     {
978 silly audit report       id: 1112653,
978 silly audit report       url: 'https://github.com/advisories/GHSA-h25m-26qc-wcjf',
978 silly audit report       title: 'Next.js HTTP request deserialization can lead to DoS when using insecure React Server Components',
978 silly audit report       severity: 'high',
978 silly audit report       vulnerable_versions: '>=13.0.0 <15.0.8',
978 silly audit report       cwe: [Array],
978 silly audit report       cvss: [Object]
978 silly audit report     },
978 silly audit report     {
978 silly audit report       id: 1113689,
978 silly audit report       url: 'https://github.com/advisories/GHSA-f82v-jwr5-mffw',
978 silly audit report       title: 'Authorization Bypass in Next.js Middleware',
978 silly audit report       severity: 'critical',
978 silly audit report       vulnerable_versions: '>=14.0.0 <14.2.25',
978 silly audit report       cwe: [Array],
978 silly audit report       cvss: [Object]
978 silly audit report     },
978 silly audit report     {
978 silly audit report       id: 1114897,
978 silly audit report       url: 'https://github.com/advisories/GHSA-ggv3-7p47-pfv8',
978 silly audit report       title: 'Next.js: HTTP request smuggling in rewrites',
978 silly audit report       severity: 'moderate',
978 silly audit report       vulnerable_versions: '>=9.5.0 <15.5.13',
978 silly audit report       cwe: [Array],
978 silly audit report       cvss: [Object]
978 silly audit report     },
978 silly audit report     {
978 silly audit report       id: 1114940,
978 silly audit report       url: 'https://github.com/advisories/GHSA-3x4c-7xq6-9pq8',
978 silly audit report       title: 'Next.js: Unbounded next/image disk cache growth can exhaust storage',
978 silly audit report       severity: 'moderate',
978 silly audit report       vulnerable_versions: '>=10.0.0 <15.5.14',
978 silly audit report       cwe: [Array],
978 silly audit report       cvss: [Object]
978 silly audit report     },
978 silly audit report     {
978 silly audit report       id: 1116376,
978 silly audit report       url: 'https://github.com/advisories/GHSA-q4gf-8mx6-v5v3',
978 silly audit report       title: 'Next.js has a Denial of Service with Server Components',
978 silly audit report       severity: 'high',
978 silly audit report       vulnerable_versions: '>=13.0.0 <15.5.15',
978 silly audit report       cwe: [Array],
978 silly audit report       cvss: [Object]
978 silly audit report     }
978 silly audit report   ],
978 silly audit report   postcss: [
978 silly audit report     {
978 silly audit report       id: 1117015,
978 silly audit report       url: 'https://github.com/advisories/GHSA-qx2v-qp2m-jg93',
978 silly audit report       title: 'PostCSS has XSS via Unescaped </style> in its CSS Stringify Output',
978 silly audit report       severity: 'moderate',
978 silly audit report       vulnerable_versions: '<8.5.10',
978 silly audit report       cwe: [Array],
978 silly audit report       cvss: [Object]
978 silly audit report     }
978 silly audit report   ],
978 silly audit report   picomatch: [
978 silly audit report     {
978 silly audit report       id: 1115549,
978 silly audit report       url: 'https://github.com/advisories/GHSA-3v7f-55p6-f55p',
978 silly audit report       title: 'Picomatch: Method Injection in POSIX Character Classes causes incorrect Glob Matching',
978 silly audit report       severity: 'moderate',
978 silly audit report       vulnerable_versions: '<2.3.2',
978 silly audit report       cwe: [Array],
978 silly audit report       cvss: [Object]
978 silly audit report     },
978 silly audit report     {
978 silly audit report       id: 1115552,
978 silly audit report       url: 'https://github.com/advisories/GHSA-c2c7-rcm5-vvqj',
978 silly audit report       title: 'Picomatch has a ReDoS vulnerability via extglob quantifiers',
978 silly audit report       severity: 'high',
978 silly audit report       vulnerable_versions: '<2.3.2',
978 silly audit report       cwe: [Array],
978 silly audit report       cvss: [Object]
978 silly audit report     }
978 silly audit report   ],
978 silly audit report   yaml: [
978 silly audit report     {
978 silly audit report       id: 1115555,
978 silly audit report       url: 'https://github.com/advisories/GHSA-48c2-rrv3-qjmp',
978 silly audit report       title: 'yaml is vulnerable to Stack Overflow via deeply nested YAML collections',
978 silly audit report       severity: 'moderate',
978 silly audit report       vulnerable_versions: '>=1.0.0 <1.10.3',
978 silly audit report       cwe: [Array],
978 silly audit report       cvss: [Object]
978 silly audit report     },
978 silly audit report     {
978 silly audit report       id: 1115556,
978 silly audit report       url: 'https://github.com/advisories/GHSA-48c2-rrv3-qjmp',
978 silly audit report       title: 'yaml is vulnerable to Stack Overflow via deeply nested YAML collections',
978 silly audit report       severity: 'moderate',
978 silly audit report       vulnerable_versions: '>=2.0.0 <2.8.3',
978 silly audit report       cwe: [Array],
978 silly audit report       cvss: [Object]
978 silly audit report     }
978 silly audit report   ],
978 silly audit report   qs: [
978 silly audit report     {
978 silly audit report       id: 1119502,
978 silly audit report       url: 'https://github.com/advisories/GHSA-q8mj-m7cp-5q26',
978 silly audit report       title: 'qs has a remotely triggerable DoS: qs.stringify crashes with TypeError on null/undefined entries in comma-format arrays when encodeValuesOnly is set',
978 silly audit report       severity: 'moderate',
978 silly audit report       vulnerable_versions: '>=6.11.1 <=6.15.1',
978 silly audit report       cwe: [Array],
978 silly audit report       cvss: [Object]
978 silly audit report     },
978 silly audit report     {
978 silly audit report       id: 1113161,
978 silly audit report       url: 'https://github.com/advisories/GHSA-w7fw-mjwx-w883',
978 silly audit report       title: "qs's arrayLimit bypass in comma parsing allows denial of service",
978 silly audit report       severity: 'low',
978 silly audit report       vulnerable_versions: '>=6.7.0 <=6.14.1',
978 silly audit report       cwe: [Array],
978 silly audit report       cvss: [Object]
978 silly audit report     },
978 silly audit report     {
978 silly audit report       id: 1113719,
978 silly audit report       url: 'https://github.com/advisories/GHSA-6rw7-vpxm-498p',
978 silly audit report       title: "qs's arrayLimit bypass in its bracket notation allows DoS via memory exhaustion",
978 silly audit report       severity: 'moderate',
978 silly audit report       vulnerable_versions: '<6.14.1',
978 silly audit report       cwe: [Array],
978 silly audit report       cvss: [Object]
978 silly audit report     }
978 silly audit report   ],
978 silly audit report   'react-pdf': [
978 silly audit report     {
978 silly audit report       id: 1097261,
978 silly audit report       url: 'https://github.com/advisories/GHSA-87hq-q4gp-9wr4',
978 silly audit report       title: 'react-pdf vulnerable to arbitrary JavaScript execution upon opening a malicious PDF with PDF.js',
978 silly audit report       severity: 'high',
978 silly audit report       vulnerable_versions: '<7.7.3',
978 silly audit report       cwe: [Array],
978 silly audit report       cvss: [Object]
978 silly audit report     }
978 silly audit report   ],
978 silly audit report   'react-router': [
978 silly audit report     {
978 silly audit report       id: 1112057,
978 silly audit report       url: 'https://github.com/advisories/GHSA-9jcx-v3wj-wh4m',
978 silly audit report       title: 'React Router has unexpected external redirect via untrusted paths',
978 silly audit report       severity: 'moderate',
978 silly audit report       vulnerable_versions: '>=6.0.0 <6.30.2',
978 silly audit report       cwe: [Array],
978 silly audit report       cvss: [Object]
978 silly audit report     },
978 silly audit report     {
978 silly audit report       id: 1120064,
978 silly audit report       url: 'https://github.com/advisories/GHSA-2j2x-hqr9-3h42',
978 silly audit report       title: "React Router's same-origin redirect with path starting // causes open redirect via protocol-relative URL reinterpretation",
978 silly audit report       severity: 'moderate',
978 silly audit report       vulnerable_versions: '>=6.7.0 <6.30.4',
978 silly audit report       cwe: [Array],
978 silly audit report       cvss: [Object]
978 silly audit report     }
978 silly audit report   ],
978 silly audit report   'serialize-javascript': [
978 silly audit report     {
978 silly audit report       id: 1119440,
978 silly audit report       url: 'https://github.com/advisories/GHSA-qj8w-gfj5-8c6v',
978 silly audit report       title: 'Serialize JavaScript has CPU Exhaustion Denial of Service via crafted array-like objects',
978 silly audit report       severity: 'moderate',
978 silly audit report       vulnerable_versions: '>=5.0.0 <7.0.5',
978 silly audit report       cwe: [Array],
978 silly audit report       cvss: [Object]
978 silly audit report     },
978 silly audit report     {
978 silly audit report       id: 1113686,
978 silly audit report       url: 'https://github.com/advisories/GHSA-5c6j-r48x-rmvq',
978 silly audit report       title: 'Serialize JavaScript is Vulnerable to RCE via RegExp.flags and Date.prototype.toISOString()',
978 silly audit report       severity: 'high',
978 silly audit report       vulnerable_versions: '<=7.0.2',
978 silly audit report       cwe: [Array],
978 silly audit report       cvss: [Object]
978 silly audit report     }
978 silly audit report   ],
978 silly audit report   'socket.io-parser': [
978 silly audit report     {
978 silly audit report       id: 1115154,
978 silly audit report       url: 'https://github.com/advisories/GHSA-677m-j7p3-52f9',
978 silly audit report       title: 'socket.io allows an unbounded number of binary attachments',
978 silly audit report       severity: 'high',
978 silly audit report       vulnerable_versions: '>=4.0.0 <4.2.6',
978 silly audit report       cwe: [Array],
978 silly audit report       cvss: [Object]
978 silly audit report     }
978 silly audit report   ],
978 silly audit report   svgo: [
978 silly audit report     {
978 silly audit report       id: 1114151,
978 silly audit report       url: 'https://github.com/advisories/GHSA-xpqw-6gx7-v673',
978 silly audit report       title: 'SVGO DoS through entity expansion in DOCTYPE (Billion Laughs)',
978 silly audit report       severity: 'high',
978 silly audit report       vulnerable_versions: '>=3.0.0 <3.3.3',
978 silly audit report       cwe: [Array],
978 silly audit report       cvss: [Object]
978 silly audit report     }
978 silly audit report   ],
978 silly audit report   'tar-fs': [
978 silly audit report     {
978 silly audit report       id: 1109532,
978 silly audit report       url: 'https://github.com/advisories/GHSA-vj76-c3g6-qr5v',
978 silly audit report       title: 'tar-fs has a symlink validation bypass if destination directory is predictable with a specific tarball',
978 silly audit report       severity: 'high',
978 silly audit report       vulnerable_versions: '>=2.0.0 <2.1.4',
978 silly audit report       cwe: [Array],
978 silly audit report       cvss: [Object]
978 silly audit report     }
978 silly audit report   ],
978 silly audit report   uuid: [
978 silly audit report     {
978 silly audit report       id: 1119441,
978 silly audit report       url: 'https://github.com/advisories/GHSA-w5hq-g745-h8pq',
978 silly audit report       title: 'uuid: Missing buffer bounds check in v3/v5/v6 when buf is provided',
978 silly audit report       severity: 'moderate',
978 silly audit report       vulnerable_versions: '<11.1.1',
978 silly audit report       cwe: [Array],
978 silly audit report       cvss: [Object]
978 silly audit report     }
978 silly audit report   ],
978 silly audit report   webpack: [
978 silly audit report     {
978 silly audit report       id: 1113041,
978 silly audit report       url: 'https://github.com/advisories/GHSA-8fgc-7cc6-rx7x',
978 silly audit report       title: 'webpack buildHttp: allowedUris allow-list bypass via URL userinfo (@) leading to build-time SSRF behavior',
978 silly audit report       severity: 'low',
978 silly audit report       vulnerable_versions: '>=5.49.0 <=5.104.0',
978 silly audit report       cwe: [Array],
978 silly audit report       cvss: [Object]
978 silly audit report     },
978 silly audit report     {
978 silly audit report       id: 1113042,
978 silly audit report       url: 'https://github.com/advisories/GHSA-38r7-794h-5758',
978 silly audit report       title: 'webpack buildHttp HttpUriPlugin allowedUris bypass via HTTP redirects → SSRF + cache persistence',
978 silly audit report       severity: 'low',
978 silly audit report       vulnerable_versions: '>=5.49.0 <5.104.0',
978 silly audit report       cwe: [Array],
978 silly audit report       cvss: [Object]
978 silly audit report     }
978 silly audit report   ],
978 silly audit report   ws: [
978 silly audit report     {
978 silly audit report       id: 1119108,
978 silly audit report       url: 'https://github.com/advisories/GHSA-58qx-3vcg-4xpx',
978 silly audit report       title: 'ws: Uninitialized memory disclosure',
978 silly audit report       severity: 'moderate',
978 silly audit report       vulnerable_versions: '>=8.0.0 <8.20.1',
978 silly audit report       cwe: [Array],
978 silly audit report       cvss: [Object]
978 silly audit report     },
978 silly audit report     {
978 silly audit report       id: 1122845,
978 silly audit report       url: 'https://github.com/advisories/GHSA-96hv-2xvq-fx4p',
978 silly audit report       title: 'ws: Memory exhaustion DoS from tiny fragments and data chunks',
978 silly audit report       severity: 'high',
978 silly audit report       vulnerable_versions: '>=8.0.0 <8.21.0',
978 silly audit report       cwe: [Array],
978 silly audit report       cvss: [Object]
978 silly audit report     }
978 silly audit report   ]
978 silly audit report }
979 silly packumentCache corgi:https://registry.npmjs.org/@babel%2fruntime cache-miss
980 silly packumentCache corgi:https://registry.npmjs.org/@remix-run%2frouter cache-miss
981 silly packumentCache corgi:https://registry.npmjs.org/pdfjs-dist cache-miss
982 silly packumentCache corgi:https://registry.npmjs.org/@zag-js%2fcore cache-miss
983 silly packumentCache corgi:https://registry.npmjs.org/ajv cache-miss
984 silly packumentCache corgi:https://registry.npmjs.org/axios cache-miss
985 silly packumentCache corgi:https://registry.npmjs.org/brace-expansion cache-miss
986 silly packumentCache corgi:https://registry.npmjs.org/canvg cache-miss
987 silly packumentCache corgi:https://registry.npmjs.org/diff cache-miss
988 silly packumentCache corgi:https://registry.npmjs.org/dompurify cache-miss
989 silly packumentCache corgi:https://registry.npmjs.org/fast-uri cache-miss
990 silly packumentCache corgi:https://registry.npmjs.org/follow-redirects cache-miss
991 silly packumentCache corgi:https://registry.npmjs.org/form-data cache-miss
992 silly packumentCache corgi:https://registry.npmjs.org/glob cache-miss
993 silly packumentCache corgi:https://registry.npmjs.org/html2pdf.js cache-miss
994 silly packumentCache corgi:https://registry.npmjs.org/jspdf cache-miss
995 silly packumentCache corgi:https://registry.npmjs.org/lodash cache-miss
996 silly packumentCache corgi:https://registry.npmjs.org/lodash-es cache-miss
997 silly packumentCache corgi:https://registry.npmjs.org/minimatch cache-miss
998 silly packumentCache corgi:https://registry.npmjs.org/mongoose cache-miss
999 silly packumentCache corgi:https://registry.npmjs.org/next cache-miss
1000 silly packumentCache corgi:https://registry.npmjs.org/postcss cache-miss
1001 silly packumentCache corgi:https://registry.npmjs.org/picomatch cache-miss
1002 silly packumentCache corgi:https://registry.npmjs.org/yaml cache-miss
1003 silly packumentCache corgi:https://registry.npmjs.org/qs cache-miss
1004 silly packumentCache corgi:https://registry.npmjs.org/react-pdf cache-miss
1005 silly packumentCache corgi:https://registry.npmjs.org/react-router cache-miss
1006 silly packumentCache corgi:https://registry.npmjs.org/serialize-javascript cache-miss
1007 silly packumentCache corgi:https://registry.npmjs.org/socket.io-parser cache-miss
1008 silly packumentCache corgi:https://registry.npmjs.org/svgo cache-miss
1009 silly packumentCache corgi:https://registry.npmjs.org/tar-fs cache-miss
1010 silly packumentCache corgi:https://registry.npmjs.org/uuid cache-miss
1011 silly packumentCache corgi:https://registry.npmjs.org/webpack cache-miss
1012 silly packumentCache corgi:https://registry.npmjs.org/ws cache-miss
1013 http fetch GET 200 https://registry.npmjs.org/wrappy/-/wrappy-1.0.2.tgz 1879ms (cache miss)
1014 http fetch GET 200 https://registry.npmjs.org/wrap-ansi/-/wrap-ansi-7.0.0.tgz 2020ms (cache miss)
1015 http fetch GET 200 https://registry.npmjs.org/wrap-ansi/-/wrap-ansi-8.1.0.tgz 2036ms (cache miss)
1016 http fetch GET 200 https://registry.npmjs.org/webidl-conversions/-/webidl-conversions-7.0.0.tgz 2072ms (cache miss)
1017 http fetch GET 200 https://registry.npmjs.org/yn/-/yn-3.1.1.tgz 2178ms (cache miss)
1018 http fetch GET 200 https://registry.npmjs.org/warning/-/warning-4.0.3.tgz 2166ms (cache miss)
1019 http fetch GET 200 https://registry.npmjs.org/which/-/which-2.0.2.tgz 2214ms (cache miss)
1020 http fetch GET 200 https://registry.npmjs.org/v8-compile-cache-lib/-/v8-compile-cache-lib-3.0.1.tgz 2244ms (cache miss)
1021 http fetch GET 200 https://registry.npmjs.org/util-deprecate/-/util-deprecate-1.0.2.tgz 2338ms (cache miss)
1022 http fetch GET 200 https://registry.npmjs.org/tunnel-agent/-/tunnel-agent-0.6.0.tgz 2362ms (cache miss)
1023 http fetch GET 200 https://registry.npmjs.org/tar-fs/-/tar-fs-2.1.3.tgz 2382ms (cache miss)
1024 http fetch GET 200 https://registry.npmjs.org/tapable/-/tapable-2.2.1.tgz 2422ms (cache miss)
1025 http fetch GET 200 https://registry.npmjs.org/xmlhttprequest-ssl/-/xmlhttprequest-ssl-2.1.2.tgz 2502ms (cache miss)
1026 http fetch GET 200 https://registry.npmjs.org/thenify-all/-/thenify-all-1.6.0.tgz 2432ms (cache miss)
1027 http fetch GET 200 https://registry.npmjs.org/thenify/-/thenify-3.3.1.tgz 2433ms (cache miss)
1028 http fetch GET 200 https://registry.npmjs.org/tailwind-scrollbar/-/tailwind-scrollbar-3.1.0.tgz 2620ms (cache miss)
1029 http fetch GET 200 https://registry.npmjs.org/strip-ansi/-/strip-ansi-6.0.1.tgz 2652ms (cache miss)
1030 http fetch GET 200 https://registry.npmjs.org/string-width/-/string-width-5.1.2.tgz 2652ms (cache miss)
1031 http fetch GET 200 https://registry.npmjs.org/tailwindcss-animate/-/tailwindcss-animate-1.0.7.tgz 2705ms (cache miss)
1032 http fetch GET 200 https://registry.npmjs.org/strip-json-comments/-/strip-json-comments-2.0.1.tgz 2693ms (cache miss)
1033 http fetch GET 200 https://registry.npmjs.org/strip-ansi/-/strip-ansi-7.1.0.tgz 2692ms (cache miss)
1034 http fetch GET 200 https://registry.npmjs.org/streamsearch/-/streamsearch-1.1.0.tgz 2692ms (cache miss)
1035 http fetch GET 200 https://registry.npmjs.org/string-width/-/string-width-4.2.3.tgz 2725ms (cache miss)
1036 http fetch GET 200 https://registry.npmjs.org/string_decoder/-/string_decoder-1.3.0.tgz 2724ms (cache miss)
1037 http fetch GET 200 https://registry.npmjs.org/supports-color/-/supports-color-8.1.1.tgz 2815ms (cache miss)
1038 http fetch GET 200 https://registry.npmjs.org/update-browserslist-db/-/update-browserslist-db-1.1.3.tgz 2961ms (cache miss)
1039 http fetch GET 200 https://registry.npmjs.org/sparse-bitfield/-/sparse-bitfield-3.0.3.tgz 2916ms (cache miss)
1040 http fetch GET 200 https://registry.npmjs.org/simple-get/-/simple-get-4.0.1.tgz 2911ms (cache miss)
1041 http fetch GET 200 https://registry.npmjs.org/simple-concat/-/simple-concat-1.0.1.tgz 2906ms (cache miss)
1042 http fetch GET 200 https://registry.npmjs.org/socket.io-parser/-/socket.io-parser-4.2.4.tgz 2978ms (cache miss)
1043 http fetch GET 200 https://registry.npmjs.org/simple-swizzle/-/simple-swizzle-0.2.2.tgz 2978ms (cache miss)
1044 http fetch GET 200 https://registry.npmjs.org/signal-exit/-/signal-exit-4.1.0.tgz 2972ms (cache miss)
1045 http fetch GET 200 https://registry.npmjs.org/side-channel-weakmap/-/side-channel-weakmap-1.0.2.tgz 2970ms (cache miss)
1046 http fetch GET 200 https://registry.npmjs.org/side-channel-list/-/side-channel-list-1.0.0.tgz 2969ms (cache miss)
1047 http fetch GET 200 https://registry.npmjs.org/shebang-command/-/shebang-command-2.0.0.tgz 3013ms (cache miss)
1048 http fetch GET 200 https://registry.npmjs.org/shebang-regex/-/shebang-regex-3.0.0.tgz 3014ms (cache miss)
1049 http fetch GET 200 https://registry.npmjs.org/serialize-javascript/-/serialize-javascript-6.0.2.tgz 3012ms (cache miss)
1050 http fetch GET 200 https://registry.npmjs.org/shallow-equal/-/shallow-equal-1.2.1.tgz 3014ms (cache miss)
1051 http fetch GET 200 https://registry.npmjs.org/run-parallel/-/run-parallel-1.2.0.tgz 3093ms (cache miss)
1052 http fetch GET 200 https://registry.npmjs.org/to-regex-range/-/to-regex-range-5.0.1.tgz 3215ms (cache miss)
1053 http fetch GET 200 https://registry.npmjs.org/rgbcolor/-/rgbcolor-1.0.1.tgz 3158ms (cache miss)
1054 http fetch GET 200 https://registry.npmjs.org/reusify/-/reusify-1.1.0.tgz 3158ms (cache miss)
1055 http fetch GET 200 https://registry.npmjs.org/resolve-from/-/resolve-from-4.0.0.tgz 3213ms (cache miss)
1056 http fetch GET 200 https://registry.npmjs.org/require-from-string/-/require-from-string-2.0.2.tgz 3214ms (cache miss)
1057 http fetch GET 200 https://registry.npmjs.org/regenerator-runtime/-/regenerator-runtime-0.14.1.tgz 3214ms (cache miss)
1058 http fetch GET 200 https://registry.npmjs.org/use-composed-ref/-/use-composed-ref-1.4.0.tgz 3431ms (cache miss)
1059 http fetch GET 200 https://registry.npmjs.org/tar-stream/-/tar-stream-2.2.0.tgz 3411ms (cache miss)
1060 http fetch GET 200 https://registry.npmjs.org/rechoir/-/rechoir-0.6.2.tgz 3357ms (cache miss)
1061 http fetch GET 200 https://registry.npmjs.org/safe-buffer/-/safe-buffer-5.2.1.tgz 3412ms (cache miss)
1062 http fetch GET 200 https://registry.npmjs.org/react-textarea-autosize/-/react-textarea-autosize-8.5.7.tgz 3393ms (cache miss)
1063 http fetch GET 200 https://registry.npmjs.org/watchpack/-/watchpack-2.4.2.tgz 3585ms (cache miss)
1064 http fetch GET 200 https://registry.npmjs.org/react-use-set/-/react-use-set-1.0.0.tgz 3462ms (cache miss)
1065 http fetch GET 200 https://registry.npmjs.org/read-cache/-/read-cache-1.0.0.tgz 3465ms (cache miss)
1066 http fetch GET 200 https://registry.npmjs.org/readdirp/-/readdirp-3.6.0.tgz 3584ms (cache miss)
1067 http fetch GET 200 https://registry.npmjs.org/react-timezone-select/-/react-timezone-select-3.2.8.tgz 3578ms (cache miss)
1068 http fetch GET 200 https://registry.npmjs.org/react-list/-/react-list-0.8.18.tgz 3572ms (cache miss)
1069 http fetch GET 200 https://registry.npmjs.org/react-lifecycles-compat/-/react-lifecycles-compat-3.0.4.tgz 3573ms (cache miss)
1070 http fetch GET 200 https://registry.npmjs.org/use-latest/-/use-latest-1.3.0.tgz 3755ms (cache miss)
1071 http fetch GET 200 https://registry.npmjs.org/ts-interface-checker/-/ts-interface-checker-0.1.13.tgz 3740ms (cache miss)
1072 http fetch GET 200 https://registry.npmjs.org/tiny-warning/-/tiny-warning-1.0.3.tgz 3788ms (cache miss)
1073 http fetch GET 200 https://registry.npmjs.org/react-is/-/react-is-16.13.1.tgz 3709ms (cache miss)
1074 http fetch GET 200 https://registry.npmjs.org/react-fast-compare/-/react-fast-compare-3.2.2.tgz 3710ms (cache miss)
1075 http fetch GET 200 https://registry.npmjs.org/react-chartjs-2/-/react-chartjs-2-4.3.1.tgz 3701ms (cache miss)
1076 http fetch GET 200 https://registry.npmjs.org/rc/-/rc-1.2.8.tgz 3783ms (cache miss)
1077 http fetch GET 200 https://registry.npmjs.org/raf/-/raf-3.4.1.tgz 3782ms (cache miss)
1078 http fetch GET 200 https://registry.npmjs.org/queue-microtask/-/queue-microtask-1.2.3.tgz 3782ms (cache miss)
1079 http fetch GET 200 https://registry.npmjs.org/punycode/-/punycode-2.3.1.tgz 3781ms (cache miss)
1080 http fetch GET 200 https://registry.npmjs.org/uqr/-/uqr-0.1.2.tgz 3947ms (cache miss)
1081 http fetch GET 200 https://registry.npmjs.org/randombytes/-/randombytes-2.1.0.tgz 3838ms (cache miss)
1082 http fetch GET 200 https://registry.npmjs.org/proxy-memoize/-/proxy-memoize-3.0.1.tgz 3837ms (cache miss)
1083 http fetch GET 200 https://registry.npmjs.org/postcss-js/-/postcss-js-4.0.1.tgz 3834ms (cache miss)
1084 http fetch GET 200 https://registry.npmjs.org/update-input-width/-/update-input-width-1.4.2.tgz 3996ms (cache miss)
1085 http fetch GET 200 https://registry.npmjs.org/timezone-soft/-/timezone-soft-1.5.2.tgz 3981ms (cache miss)
1086 http fetch GET 200 https://registry.npmjs.org/source-map-support/-/source-map-support-0.5.21.tgz 3949ms (cache miss)
1087 http fetch GET 200 https://registry.npmjs.org/proxy-compare/-/proxy-compare-3.0.1.tgz 3889ms (cache miss)
1088 http fetch GET 200 https://registry.npmjs.org/postcss-nested/-/postcss-nested-6.2.0.tgz 3887ms (cache miss)
1089 http fetch GET 200 https://registry.npmjs.org/postcss-import/-/postcss-import-15.1.0.tgz 3888ms (cache miss)
1090 http fetch GET 200 https://registry.npmjs.org/pump/-/pump-3.0.2.tgz 3965ms (cache miss)
1091 http fetch GET 200 https://registry.npmjs.org/proxy-from-env/-/proxy-from-env-1.1.0.tgz 3963ms (cache miss)
1092 http fetch GET 200 https://registry.npmjs.org/pirates/-/pirates-4.0.6.tgz 3957ms (cache miss)
1093 http fetch GET 200 https://registry.npmjs.org/picocolors/-/picocolors-1.1.1.tgz 3957ms (cache miss)
1094 http fetch GET 200 https://registry.npmjs.org/pify/-/pify-2.3.0.tgz 3952ms (cache miss)
1095 http fetch GET 200 https://registry.npmjs.org/performance-now/-/performance-now-2.1.0.tgz 3951ms (cache miss)
1096 http fetch GET 200 https://registry.npmjs.org/perfect-freehand/-/perfect-freehand-1.2.2.tgz 3952ms (cache miss)
1097 http fetch GET 200 https://registry.npmjs.org/postcss-load-config/-/postcss-load-config-4.0.2.tgz 4025ms (cache miss)
1098 http fetch GET 200 https://registry.npmjs.org/parse-json/-/parse-json-5.2.0.tgz 4009ms (cache miss)
1099 http fetch GET 200 https://registry.npmjs.org/path-type/-/path-type-4.0.0.tgz 4013ms (cache miss)
1100 http fetch GET 200 https://registry.npmjs.org/package-json-from-dist/-/package-json-from-dist-1.0.1.tgz 4009ms (cache miss)
1101 http fetch GET 200 https://registry.npmjs.org/path-key/-/path-key-3.1.1.tgz 4012ms (cache miss)
1102 http fetch GET 200 https://registry.npmjs.org/once/-/once-1.4.0.tgz 4009ms (cache miss)
1103 http fetch GET 200 https://registry.npmjs.org/parent-module/-/parent-module-1.0.1.tgz 4011ms (cache miss)
1104 http fetch GET 200 https://registry.npmjs.org/normalize-path/-/normalize-path-3.0.0.tgz 4044ms (cache miss)
1105 http fetch GET 200 https://registry.npmjs.org/object-assign/-/object-assign-4.1.1.tgz 4047ms (cache miss)
1106 http fetch GET 200 https://registry.npmjs.org/path-parse/-/path-parse-1.0.7.tgz 4096ms (cache miss)
1107 http fetch GET 200 https://registry.npmjs.org/path-is-absolute/-/path-is-absolute-1.0.1.tgz 4095ms (cache miss)
1108 http fetch GET 200 https://registry.npmjs.org/node-releases/-/node-releases-2.0.19.tgz 4088ms (cache miss)
1109 http fetch GET 200 https://registry.npmjs.org/napi-build-utils/-/napi-build-utils-2.0.0.tgz 4084ms (cache miss)
1110 http fetch GET 200 https://registry.npmjs.org/node-abi/-/node-abi-3.75.0.tgz 4088ms (cache miss)
1111 http fetch GET 200 https://registry.npmjs.org/supports-preserve-symlinks-flag/-/supports-preserve-symlinks-flag-1.0.0.tgz 4241ms (cache miss)
1112 http fetch GET 200 https://registry.npmjs.org/normalize-range/-/normalize-range-0.1.2.tgz 4147ms (cache miss)
1113 http fetch GET 200 https://registry.npmjs.org/p-defer/-/p-defer-1.0.0.tgz 4149ms (cache miss)
1114 http fetch GET 200 https://registry.npmjs.org/mz/-/mz-2.7.0.tgz 4141ms (cache miss)
1115 http fetch GET 200 https://registry.npmjs.org/motion-utils/-/motion-utils-11.18.1.tgz 4132ms (cache miss)
1116 http fetch GET 200 https://registry.npmjs.org/mpath/-/mpath-0.9.0.tgz 4134ms (cache miss)
1117 http fetch GET 200 https://registry.npmjs.org/ms/-/ms-2.1.3.tgz 4140ms (cache miss)
1118 http fetch GET 200 https://registry.npmjs.org/nanoid/-/nanoid-3.3.8.tgz 4206ms (cache miss)
1119 http fetch GET 200 https://registry.npmjs.org/mkdirp-classic/-/mkdirp-classic-0.5.3.tgz 4204ms (cache miss)
1120 http fetch GET 200 https://registry.npmjs.org/mimic-fn/-/mimic-fn-3.1.0.tgz 4318ms (cache miss)
1121 http fetch GET 200 https://registry.npmjs.org/mongodb-connection-string-url/-/mongodb-connection-string-url-3.0.2.tgz 4399ms (cache miss)
1122 http fetch GET 200 https://registry.npmjs.org/terser-webpack-plugin/-/terser-webpack-plugin-5.3.12.tgz 4585ms (cache miss)
1123 http fetch GET 200 https://registry.npmjs.org/mime-types/-/mime-types-2.1.35.tgz 4439ms (cache miss)
1124 http fetch GET 200 https://registry.npmjs.org/mimic-response/-/mimic-response-3.1.0.tgz 4446ms (cache miss)
1125 http fetch GET 200 https://registry.npmjs.org/micromatch/-/micromatch-4.0.8.tgz 4440ms (cache miss)
1126 http fetch GET 200 https://registry.npmjs.org/merge-stream/-/merge-stream-2.0.0.tgz 4438ms (cache miss)
1127 http fetch GET 200 https://registry.npmjs.org/merge-class-names/-/merge-class-names-1.4.2.tgz 4437ms (cache miss)
1128 http fetch GET 200 https://registry.npmjs.org/merge-refs/-/merge-refs-1.3.0.tgz 4439ms (cache miss)
1129 http fetch GET 200 https://registry.npmjs.org/use-isomorphic-layout-effect/-/use-isomorphic-layout-effect-1.2.0.tgz 4687ms (cache miss)
1130 http fetch GET 200 https://registry.npmjs.org/tr46/-/tr46-5.0.0.tgz 4672ms (cache miss)
1131 http fetch GET 200 https://registry.npmjs.org/object-hash/-/object-hash-3.0.0.tgz 4541ms (cache miss)
1132 http fetch GET 200 https://registry.npmjs.org/merge2/-/merge2-1.4.1.tgz 4508ms (cache miss)
1133 http fetch GET 200 https://registry.npmjs.org/memory-pager/-/memory-pager-1.5.0.tgz 4503ms (cache miss)
1134 http fetch GET 200 https://registry.npmjs.org/map-age-cleaner/-/map-age-cleaner-0.1.3.tgz 4497ms (cache miss)
1135 http fetch GET 200 https://registry.npmjs.org/mem/-/mem-8.1.1.tgz 4503ms (cache miss)
1136 http fetch GET 200 https://registry.npmjs.org/material-ripple-effects/-/material-ripple-effects-2.0.1.tgz 4499ms (cache miss)
1137 http fetch GET 200 https://registry.npmjs.org/make-error/-/make-error-1.3.6.tgz 4551ms (cache miss)
1138 http fetch GET 200 https://registry.npmjs.org/make-cancellable-promise/-/make-cancellable-promise-1.3.2.tgz 4550ms (cache miss)
1139 http fetch GET 200 https://registry.npmjs.org/make-event-props/-/make-event-props-1.6.2.tgz 4683ms (cache miss)
1140 http fetch GET 200 https://registry.npmjs.org/loose-envify/-/loose-envify-1.4.0.tgz 4673ms (cache miss)
1141 http fetch GET 200 https://registry.npmjs.org/lodash.startswith/-/lodash.startswith-4.2.1.tgz 4673ms (cache miss)
1142 http fetch GET 200 https://registry.npmjs.org/tiny-invariant/-/tiny-invariant-1.3.3.tgz 4915ms (cache miss)
1143 http fetch GET 200 https://registry.npmjs.org/lodash.memoize/-/lodash.memoize-4.1.2.tgz 4734ms (cache miss)
1144 http fetch GET 200 https://registry.npmjs.org/lodash.debounce/-/lodash.debounce-4.0.8.tgz 4735ms (cache miss)
1145 http fetch GET 200 https://registry.npmjs.org/scroll-into-view-if-needed/-/scroll-into-view-if-needed-3.0.10.tgz 4921ms (cache miss)
1146 http fetch GET 200 https://registry.npmjs.org/lines-and-columns/-/lines-and-columns-1.2.4.tgz 4837ms (cache miss)
1147 http fetch GET 200 https://registry.npmjs.org/json-schema-traverse/-/json-schema-traverse-0.4.1.tgz 4832ms (cache miss)
1148 http fetch GET 200 https://registry.npmjs.org/json-parse-even-better-errors/-/json-parse-even-better-errors-2.3.1.tgz 4831ms (cache miss)
1149 http fetch GET 200 https://registry.npmjs.org/loader-runner/-/loader-runner-4.3.0.tgz 4923ms (cache miss)
1150 http fetch GET 200 https://registry.npmjs.org/loader-utils/-/loader-utils-2.0.4.tgz 4925ms (cache miss)
1151 http fetch GET 200 https://registry.npmjs.org/side-channel/-/side-channel-1.1.0.tgz 5116ms (cache miss)
1152 http fetch GET 200 https://registry.npmjs.org/side-channel-map/-/side-channel-map-1.0.1.tgz 5119ms (cache miss)
1153 http fetch GET 200 https://registry.npmjs.org/lodash.reduce/-/lodash.reduce-4.6.0.tgz 4980ms (cache miss)
1154 http fetch GET 200 https://registry.npmjs.org/kareem/-/kareem-2.6.3.tgz 4972ms (cache miss)
1155 http fetch GET 200 https://registry.npmjs.org/js-tokens/-/js-tokens-4.0.0.tgz 4965ms (cache miss)
1156 http fetch GET 200 https://registry.npmjs.org/lilconfig/-/lilconfig-3.1.3.tgz 4974ms (cache miss)
1157 http fetch GET 200 https://registry.npmjs.org/is-glob/-/is-glob-4.0.3.tgz 4960ms (cache miss)
1158 http fetch GET 200 https://registry.npmjs.org/isexe/-/isexe-2.0.0.tgz 4963ms (cache miss)
1159 http fetch GET 200 https://registry.npmjs.org/is-fullwidth-code-point/-/is-fullwidth-code-point-3.0.0.tgz 4960ms (cache miss)
1160 http fetch GET 200 https://registry.npmjs.org/readline-sync/-/readline-sync-1.4.10.tgz 5158ms (cache miss)
1161 http fetch GET 200 https://registry.npmjs.org/is-binary-path/-/is-binary-path-2.1.0.tgz 5003ms (cache miss)
1162 http fetch GET 200 https://registry.npmjs.org/is-arrayish/-/is-arrayish-0.2.1.tgz 5002ms (cache miss)
1163 http fetch GET 200 https://registry.npmjs.org/iso-639-1/-/iso-639-1-3.1.5.tgz 5071ms (cache miss)
1164 http fetch GET 200 https://registry.npmjs.org/is-number/-/is-number-7.0.0.tgz 5070ms (cache miss)
1165 http fetch GET 200 https://registry.npmjs.org/invariant/-/invariant-2.2.4.tgz 5059ms (cache miss)
1166 http fetch GET 200 https://registry.npmjs.org/interpret/-/interpret-1.4.0.tgz 5059ms (cache miss)
1167 http fetch GET 200 https://registry.npmjs.org/inherits/-/inherits-2.0.4.tgz 5055ms (cache miss)
1168 http fetch GET 200 https://registry.npmjs.org/is-extglob/-/is-extglob-2.1.1.tgz 5178ms (cache miss)
1169 http fetch GET 200 https://registry.npmjs.org/is-core-module/-/is-core-module-2.16.1.tgz 5177ms (cache miss)
1170 http fetch GET 200 https://registry.npmjs.org/ini/-/ini-1.3.8.tgz 5167ms (cache miss)
1171 http fetch GET 200 https://registry.npmjs.org/inflight/-/inflight-1.0.6.tgz 5167ms (cache miss)
1172 http fetch GET 200 https://registry.npmjs.org/import-fresh/-/import-fresh-3.3.1.tgz 5165ms (cache miss)
1173 http fetch GET 200 https://registry.npmjs.org/ieee754/-/ieee754-1.2.1.tgz 5165ms (cache miss)
1174 http fetch GET 200 https://registry.npmjs.org/postcss-value-parser/-/postcss-value-parser-4.2.0.tgz 5371ms (cache miss)
1175 http fetch GET 200 https://registry.npmjs.org/hasown/-/hasown-2.0.2.tgz 5247ms (cache miss)
1176 http fetch GET 200 https://registry.npmjs.org/has-flag/-/has-flag-4.0.0.tgz 5246ms (cache miss)
1177 http fetch GET 200 https://registry.npmjs.org/has-tostringtag/-/has-tostringtag-1.0.2.tgz 5246ms (cache miss)
1178 warn deprecated inflight@1.0.6: This module is not supported, and leaks memory. Do not use it. Check out lru-cache if you want a good and tested way to coalesce async requests by a key value, which is much more comprehensive and powerful.
1179 http fetch GET 200 https://registry.npmjs.org/gopd/-/gopd-1.2.0.tgz 5315ms (cache miss)
1180 http fetch GET 200 https://registry.npmjs.org/globals/-/globals-11.12.0.tgz 5317ms (cache miss)
1181 http fetch GET 200 https://registry.npmjs.org/hey-listen/-/hey-listen-1.0.8.tgz 5424ms (cache miss)
1182 http fetch GET 200 https://registry.npmjs.org/glob-parent/-/glob-parent-6.0.2.tgz 5413ms (cache miss)
1183 http fetch GET 200 https://registry.npmjs.org/glob-to-regexp/-/glob-to-regexp-0.4.1.tgz 5418ms (cache miss)
1184 http fetch GET 200 https://registry.npmjs.org/github-from-package/-/github-from-package-0.0.0.tgz 5411ms (cache miss)
1185 http fetch GET 200 https://registry.npmjs.org/get-proto/-/get-proto-1.0.1.tgz 5410ms (cache miss)
1186 http fetch GET 200 https://registry.npmjs.org/fs-constants/-/fs-constants-1.0.0.tgz 5465ms (cache miss)
1187 http fetch GET 200 https://registry.npmjs.org/use-sync-external-store/-/use-sync-external-store-1.5.0.tgz 5798ms (cache miss)
1188 http fetch GET 200 https://registry.npmjs.org/flat/-/flat-5.0.2.tgz 5528ms (cache miss)
1189 http fetch GET 200 https://registry.npmjs.org/fill-range/-/fill-range-7.1.1.tgz 5526ms (cache miss)
1190 http fetch GET 200 https://registry.npmjs.org/foreground-child/-/foreground-child-3.3.1.tgz 5529ms (cache miss)
1191 http fetch GET 200 https://registry.npmjs.org/find-root/-/find-root-1.1.0.tgz 5528ms (cache miss)
1192 http fetch GET 200 https://registry.npmjs.org/tslib/-/tslib-2.8.1.tgz 5862ms (cache miss)
1193 http fetch GET 200 https://registry.npmjs.org/function-bind/-/function-bind-1.1.2.tgz 5605ms (cache miss)
1194 http fetch GET 200 https://registry.npmjs.org/fs.realpath/-/fs.realpath-1.0.0.tgz 5605ms (cache miss)
1195 http fetch GET 200 https://registry.npmjs.org/fastq/-/fastq-1.19.1.tgz 5594ms (cache miss)
1196 http fetch GET 200 https://registry.npmjs.org/fast-safe-stringify/-/fast-safe-stringify-2.1.1.tgz 5594ms (cache miss)
1197 http fetch GET 200 https://registry.npmjs.org/mime-db/-/mime-db-1.52.0.tgz 5781ms (cache miss)
1198 http fetch GET 200 https://registry.npmjs.org/jsesc/-/jsesc-3.1.0.tgz 5739ms (cache miss)
1199 http fetch GET 200 https://registry.npmjs.org/fast-deep-equal/-/fast-deep-equal-3.1.3.tgz 5678ms (cache miss)
1200 http fetch GET 200 https://registry.npmjs.org/expand-template/-/expand-template-2.0.3.tgz 5677ms (cache miss)
1201 http fetch GET 200 https://registry.npmjs.org/eventemitter3/-/eventemitter3-4.0.7.tgz 5675ms (cache miss)
1202 http fetch GET 200 https://registry.npmjs.org/fast-json-stable-stringify/-/fast-json-stable-stringify-2.1.0.tgz 5834ms (cache miss)
1203 http fetch GET 200 https://registry.npmjs.org/escape-string-regexp/-/escape-string-regexp-4.0.0.tgz 5825ms (cache miss)
1204 http fetch GET 200 https://registry.npmjs.org/esrecurse/-/esrecurse-4.3.0.tgz 5826ms (cache miss)
1205 http fetch GET 200 https://registry.npmjs.org/escalade/-/escalade-3.2.0.tgz 5826ms (cache miss)
1206 http fetch GET 200 https://registry.npmjs.org/exenv/-/exenv-1.2.2.tgz 5928ms (cache miss)
1207 http fetch GET 200 https://registry.npmjs.org/es-set-tostringtag/-/es-set-tostringtag-2.1.0.tgz 5918ms (cache miss)
1208 http fetch GET 200 https://registry.npmjs.org/es-errors/-/es-errors-1.3.0.tgz 5917ms (cache miss)
1209 http fetch GET 200 https://registry.npmjs.org/es-define-property/-/es-define-property-1.0.1.tgz 5917ms (cache miss)
1210 http fetch GET 200 https://registry.npmjs.org/error-ex/-/error-ex-1.3.2.tgz 5917ms (cache miss)
1211 http fetch GET 200 https://registry.npmjs.org/es-object-atoms/-/es-object-atoms-1.1.1.tgz 5920ms (cache miss)
1212 http fetch GET 200 https://registry.npmjs.org/stackblur-canvas/-/stackblur-canvas-2.7.0.tgz 6218ms (cache miss)
1213 http fetch GET 200 https://registry.npmjs.org/picomatch/-/picomatch-2.3.1.tgz 6141ms (cache miss)
1214 http fetch GET 200 https://registry.npmjs.org/emoji-regex/-/emoji-regex-9.2.2.tgz 5964ms (cache miss)
1215 http fetch GET 200 https://registry.npmjs.org/engine.io-parser/-/engine.io-parser-5.2.3.tgz 5967ms (cache miss)
1216 http fetch GET 200 https://registry.npmjs.org/end-of-stream/-/end-of-stream-1.4.4.tgz 5963ms (cache miss)
1217 http fetch GET 200 https://registry.npmjs.org/eastasianwidth/-/eastasianwidth-0.2.0.tgz 6018ms (cache miss)
1218 http fetch GET 200 https://registry.npmjs.org/dom-serializer/-/dom-serializer-2.0.0.tgz 6010ms (cache miss)
1219 http fetch GET 200 https://registry.npmjs.org/domelementtype/-/domelementtype-2.3.0.tgz 6009ms (cache miss)
1220 http fetch GET 200 https://registry.npmjs.org/whatwg-url/-/whatwg-url-14.1.1.tgz 6410ms (cache miss)
1221 http fetch GET 200 https://registry.npmjs.org/domhandler/-/domhandler-5.0.3.tgz 6055ms (cache miss)
1222 http fetch GET 200 https://registry.npmjs.org/dlv/-/dlv-1.1.3.tgz 6050ms (cache miss)
1223 http fetch GET 200 https://registry.npmjs.org/diacritics/-/diacritics-1.3.0.tgz 6050ms (cache miss)
1224 http fetch GET 200 https://registry.npmjs.org/detect-libc/-/detect-libc-2.0.4.tgz 6050ms (cache miss)
1225 http fetch GET 200 https://registry.npmjs.org/internmap/-/internmap-2.0.3.tgz 6176ms (cache miss)
1226 http fetch GET 200 https://registry.npmjs.org/detect-element-overflow/-/detect-element-overflow-1.4.2.tgz 6108ms (cache miss)
1227 http fetch GET 200 https://registry.npmjs.org/dequal/-/dequal-2.0.3.tgz 6107ms (cache miss)
1228 http fetch GET 200 https://registry.npmjs.org/delayed-stream/-/delayed-stream-1.0.0.tgz 6107ms (cache miss)
1229 http fetch GET 200 https://registry.npmjs.org/deep-extend/-/deep-extend-0.6.0.tgz 6106ms (cache miss)
1230 http fetch GET 200 https://registry.npmjs.org/deepmerge/-/deepmerge-4.2.2.tgz 6108ms (cache miss)
1231 http fetch GET 200 https://registry.npmjs.org/decompress-response/-/decompress-response-6.0.0.tgz 6108ms (cache miss)
1232 http fetch GET 200 https://registry.npmjs.org/react-country-region-selector/-/react-country-region-selector-4.0.2.tgz 6373ms (cache miss)
1233 http fetch GET 200 https://registry.npmjs.org/date-arithmetic/-/date-arithmetic-4.1.0.tgz 6144ms (cache miss)
1234 http fetch GET 200 https://registry.npmjs.org/graceful-fs/-/graceful-fs-4.2.11.tgz 6261ms (cache miss)
1235 http fetch GET 200 https://registry.npmjs.org/d3-ease/-/d3-ease-3.0.1.tgz 6171ms (cache miss)
1236 http fetch GET 200 https://registry.npmjs.org/d3-color/-/d3-color-3.1.0.tgz 6172ms (cache miss)
1237 http fetch GET 200 https://registry.npmjs.org/d3-format/-/d3-format-3.1.0.tgz 6172ms (cache miss)
1238 http fetch GET 200 https://registry.npmjs.org/didyoumean/-/didyoumean-1.2.2.tgz 6218ms (cache miss)
1239 http fetch GET 200 https://registry.npmjs.org/cssesc/-/cssesc-3.0.0.tgz 6200ms (cache miss)
1240 http fetch GET 200 https://registry.npmjs.org/css-what/-/css-what-6.2.2.tgz 6197ms (cache miss)
1241 http fetch GET 200 https://registry.npmjs.org/prop-types/-/prop-types-15.8.1.tgz 6466ms (cache miss)
1242 http fetch GET 200 https://registry.npmjs.org/follow-redirects/-/follow-redirects-1.15.9.tgz 6311ms (cache miss)
1243 http fetch GET 200 https://registry.npmjs.org/emojis-list/-/emojis-list-3.0.0.tgz 6278ms (cache miss)
1244 http fetch GET 200 https://registry.npmjs.org/d3-time/-/d3-time-3.1.0.tgz 6246ms (cache miss)
1245 http fetch GET 200 https://registry.npmjs.org/d3-path/-/d3-path-3.1.0.tgz 6243ms (cache miss)
1246 http fetch GET 200 https://registry.npmjs.org/cross-spawn/-/cross-spawn-7.0.6.tgz 6231ms (cache miss)
1247 http fetch GET 200 https://registry.npmjs.org/estraverse/-/estraverse-4.3.0.tgz 6322ms (cache miss)
1248 http fetch GET 200 https://registry.npmjs.org/combined-stream/-/combined-stream-1.0.8.tgz 6246ms (cache miss)
1249 http fetch GET 200 https://registry.npmjs.org/concat-map/-/concat-map-0.0.1.tgz 6250ms (cache miss)
1250 http fetch GET 200 https://registry.npmjs.org/color-name/-/color-name-1.1.4.tgz 6245ms (cache miss)
1251 http fetch GET 200 https://registry.npmjs.org/convert-source-map/-/convert-source-map-1.9.0.tgz 6253ms (cache miss)
1252 http fetch GET 200 https://registry.npmjs.org/form-data/-/form-data-4.0.2.tgz 6371ms (cache miss)
1253 http fetch GET 200 https://registry.npmjs.org/create-require/-/create-require-1.1.1.tgz 6285ms (cache miss)
1254 http fetch GET 200 https://registry.npmjs.org/color-convert/-/color-convert-2.0.1.tgz 6270ms (cache miss)
1255 http fetch GET 200 https://registry.npmjs.org/color-string/-/color-string-1.9.1.tgz 6272ms (cache miss)
1256 http fetch GET 200 https://registry.npmjs.org/clsx/-/clsx-1.2.1.tgz 6270ms (cache miss)
1257 http fetch GET 200 https://registry.npmjs.org/chrome-trace-event/-/chrome-trace-event-1.0.4.tgz 6269ms (cache miss)
1258 http fetch GET 200 https://registry.npmjs.org/client-only/-/client-only-0.0.1.tgz 6270ms (cache miss)
1259 http fetch GET 200 https://registry.npmjs.org/color/-/color-4.2.3.tgz 6301ms (cache miss)
1260 http fetch GET 200 https://registry.npmjs.org/classnames/-/classnames-2.3.2.tgz 6298ms (cache miss)
1261 http fetch GET 200 https://registry.npmjs.org/chownr/-/chownr-1.1.4.tgz 6299ms (cache miss)
1262 http fetch GET 200 https://registry.npmjs.org/hoist-non-react-statics/-/hoist-non-react-statics-3.3.2.tgz 6453ms (cache miss)
1263 http fetch GET 200 https://registry.npmjs.org/camelcase-css/-/camelcase-css-2.0.1.tgz 6321ms (cache miss)
1264 http fetch GET 200 https://registry.npmjs.org/call-bind-apply-helpers/-/call-bind-apply-helpers-1.0.2.tgz 6320ms (cache miss)
1265 http fetch GET 200 https://registry.npmjs.org/call-bound/-/call-bound-1.0.3.tgz 6322ms (cache miss)
1266 http fetch GET 200 https://registry.npmjs.org/buffer-from/-/buffer-from-1.1.2.tgz 6320ms (cache miss)
1267 http fetch GET 200 https://registry.npmjs.org/input-otp/-/input-otp-1.4.1.tgz 6489ms (cache miss)
1268 http fetch GET 200 https://registry.npmjs.org/callsites/-/callsites-3.1.0.tgz 6342ms (cache miss)
1269 http fetch GET 200 https://registry.npmjs.org/braces/-/braces-3.0.3.tgz 6339ms (cache miss)
1270 http fetch GET 200 https://registry.npmjs.org/brace-expansion/-/brace-expansion-2.0.1.tgz 6338ms (cache miss)
1271 http fetch GET 200 https://registry.npmjs.org/boolbase/-/boolbase-1.0.0.tgz 6339ms (cache miss)
1272 http fetch GET 200 https://registry.npmjs.org/bl/-/bl-4.1.0.tgz 6337ms (cache miss)
1273 http fetch GET 200 https://registry.npmjs.org/prebuild-install/-/prebuild-install-7.1.3.tgz 6658ms (cache miss)
1274 http fetch GET 200 https://registry.npmjs.org/file-loader/-/file-loader-6.2.0.tgz 6505ms (cache miss)
1275 http fetch GET 200 https://registry.npmjs.org/binary-extensions/-/binary-extensions-2.3.0.tgz 6393ms (cache miss)
1276 http fetch GET 200 https://registry.npmjs.org/base64-js/-/base64-js-1.5.1.tgz 6393ms (cache miss)
1277 http fetch GET 200 https://registry.npmjs.org/base64-arraybuffer/-/base64-arraybuffer-1.0.2.tgz 6392ms (cache miss)
1278 http fetch GET 200 https://registry.npmjs.org/balanced-match/-/balanced-match-1.0.2.tgz 6392ms (cache miss)
1279 http fetch GET 200 https://registry.npmjs.org/aria-hidden/-/aria-hidden-1.2.4.tgz 6390ms (cache miss)
1280 http fetch GET 200 https://registry.npmjs.org/react-circular-progressbar/-/react-circular-progressbar-2.2.0.tgz 6705ms (cache miss)
1281 http fetch GET 200 https://registry.npmjs.org/fraction.js/-/fraction.js-4.3.7.tgz 6548ms (cache miss)
1282 http fetch GET 200 https://registry.npmjs.org/babel-plugin-macros/-/babel-plugin-macros-3.1.0.tgz 6423ms (cache miss)
1283 http fetch GET 200 https://registry.npmjs.org/any-promise/-/any-promise-1.3.0.tgz 6420ms (cache miss)
1284 http fetch GET 200 https://registry.npmjs.org/anymatch/-/anymatch-3.1.3.tgz 6417ms (cache miss)
1285 http fetch GET 200 https://registry.npmjs.org/ansi-styles/-/ansi-styles-6.2.1.tgz 6417ms (cache miss)
1286 http fetch GET 200 https://registry.npmjs.org/scheduler/-/scheduler-0.23.2.tgz 6773ms (cache miss)
1287 http fetch GET 200 https://registry.npmjs.org/ajv-formats/-/ajv-formats-2.1.1.tgz 6451ms (cache miss)
1288 http fetch GET 200 https://registry.npmjs.org/acorn-walk/-/acorn-walk-8.3.4.tgz 6450ms (cache miss)
1289 http fetch GET 200 https://registry.npmjs.org/ansi-regex/-/ansi-regex-6.1.0.tgz 6454ms (cache miss)
1290 http fetch GET 200 https://registry.npmjs.org/get-intrinsic/-/get-intrinsic-1.3.0.tgz 6617ms (cache miss)
1291 http fetch GET 200 https://registry.npmjs.org/ws/-/ws-8.17.1.tgz 6959ms (cache miss)
1292 http fetch GET 200 https://registry.npmjs.org/source-map-js/-/source-map-js-1.2.1.tgz 6860ms (cache miss)
1293 http fetch GET 200 https://registry.npmjs.org/asynckit/-/asynckit-0.4.0.tgz 6518ms (cache miss)
1294 http fetch GET 200 https://registry.npmjs.org/arg/-/arg-5.0.2.tgz 6517ms (cache miss)
1295 http fetch GET 200 https://registry.npmjs.org/memoize-one/-/memoize-one-6.0.0.tgz 6752ms (cache miss)
1296 http fetch GET 200 https://registry.npmjs.org/debug/-/debug-4.4.0.tgz 6630ms (cache miss)
1297 http fetch GET 200 https://registry.npmjs.org/tailwind-variants/-/tailwind-variants-0.1.20.tgz 6989ms (cache miss)
1298 http fetch GET 200 https://registry.npmjs.org/es-module-lexer/-/es-module-lexer-1.6.0.tgz 6720ms (cache miss)
1299 http fetch GET 200 https://registry.npmjs.org/commander/-/commander-4.1.1.tgz 6677ms (cache miss)
1300 http fetch GET 200 https://registry.npmjs.org/stylis/-/stylis-4.2.0.tgz 7031ms (cache miss)
1301 http fetch GET 200 https://registry.npmjs.org/schema-utils/-/schema-utils-3.3.0.tgz 7004ms (cache miss)
1302 http fetch GET 200 https://registry.npmjs.org/text-segmentation/-/text-segmentation-1.0.3.tgz 7075ms (cache miss)
1303 http fetch GET 200 https://registry.npmjs.org/react-fit/-/react-fit-2.0.1.tgz 6991ms (cache miss)
1304 http fetch GET 200 https://registry.npmjs.org/mquery/-/mquery-5.0.0.tgz 6970ms (cache miss)
1305 http fetch GET 200 https://registry.npmjs.org/d3-timer/-/d3-timer-3.0.1.tgz 6882ms (cache miss)
1306 http fetch GET 200 https://registry.npmjs.org/buffer/-/buffer-5.7.1.tgz 6838ms (cache miss)
1307 http fetch GET 200 https://registry.npmjs.org/btoa/-/btoa-1.2.1.tgz 6840ms (cache miss)
1308 http fetch GET 200 https://registry.npmjs.org/@zag-js/utils/-/utils-0.82.1.tgz 6889ms (cache miss)
1309 http fetch GET 200 https://registry.npmjs.org/@zag-js/toggle-group/-/toggle-group-0.82.1.tgz 6887ms (cache miss)
1310 http fetch GET 200 https://registry.npmjs.org/@zag-js/tooltip/-/tooltip-0.82.1.tgz 6888ms (cache miss)
1311 http fetch GET 200 https://registry.npmjs.org/big.js/-/big.js-5.2.2.tgz 6923ms (cache miss)
1312 http fetch GET 200 https://registry.npmjs.org/get-user-locale/-/get-user-locale-2.3.2.tgz 7092ms (cache miss)
1313 http fetch GET 200 https://registry.npmjs.org/@zag-js/tree-view/-/tree-view-0.82.1.tgz 6947ms (cache miss)
1314 http fetch GET 200 https://registry.npmjs.org/@zag-js/timer/-/timer-0.82.1.tgz 6955ms (cache miss)
1315 http fetch GET 200 https://registry.npmjs.org/@zag-js/switch/-/switch-0.82.1.tgz 6953ms (cache miss)
1316 http fetch GET 200 https://registry.npmjs.org/decimal.js/-/decimal.js-10.5.0.tgz 7043ms (cache miss)
1317 http fetch GET 200 https://registry.npmjs.org/@zag-js/tabs/-/tabs-0.82.1.tgz 6992ms (cache miss)
1318 http fetch GET 200 https://registry.npmjs.org/@zag-js/steps/-/steps-0.82.1.tgz 7015ms (cache miss)
1319 http fetch GET 200 https://registry.npmjs.org/countries-cities/-/countries-cities-0.0.11.tgz 7079ms (cache miss)
1320 http fetch GET 200 https://registry.npmjs.org/chokidar/-/chokidar-3.6.0.tgz 7062ms (cache miss)
1321 http fetch GET 200 https://registry.npmjs.org/webpack-sources/-/webpack-sources-3.2.3.tgz 7503ms (cache miss)
1322 http fetch GET 200 https://registry.npmjs.org/minipass/-/minipass-7.1.2.tgz 7324ms (cache miss)
1323 http fetch GET 200 https://registry.npmjs.org/tabbable/-/tabbable-6.2.0.tgz 7481ms (cache miss)
1324 http fetch GET 200 https://registry.npmjs.org/compute-scroll-into-view/-/compute-scroll-into-view-3.1.1.tgz 7143ms (cache miss)
1325 http fetch GET 200 https://registry.npmjs.org/react-modal/-/react-modal-3.16.3.tgz 7435ms (cache miss)
1326 http fetch GET 200 https://registry.npmjs.org/eslint-scope/-/eslint-scope-5.1.1.tgz 7239ms (cache miss)
1327 http fetch GET 200 https://registry.npmjs.org/atob/-/atob-2.1.2.tgz 7133ms (cache miss)
1328 http fetch GET 200 https://registry.npmjs.org/utrie/-/utrie-1.0.2.tgz 7589ms (cache miss)
1329 http fetch GET 200 https://registry.npmjs.org/chartjs-plugin-datalabels/-/chartjs-plugin-datalabels-2.2.0.tgz 7237ms (cache miss)
1330 http fetch GET 200 https://registry.npmjs.org/recharts-scale/-/recharts-scale-0.4.5.tgz 7557ms (cache miss)
1331 http fetch GET 200 https://registry.npmjs.org/electron-to-chromium/-/electron-to-chromium-1.5.109.tgz 7353ms (cache miss)
1332 http fetch GET 200 https://registry.npmjs.org/decimal.js-light/-/decimal.js-light-2.5.1.tgz 7327ms (cache miss)
1333 http fetch GET 200 https://registry.npmjs.org/@zag-js/store/-/store-0.82.1.tgz 7259ms (cache miss)
1334 http fetch GET 200 https://registry.npmjs.org/@zag-js/toast/-/toast-0.82.1.tgz 7273ms (cache miss)
1335 http fetch GET 200 https://registry.npmjs.org/@zag-js/signature-pad/-/signature-pad-0.82.1.tgz 7268ms (cache miss)
1336 http fetch GET 200 https://registry.npmjs.org/@zag-js/scroll-snap/-/scroll-snap-0.82.1.tgz 7270ms (cache miss)
1337 http fetch GET 200 https://registry.npmjs.org/@zag-js/react/-/react-0.82.1.tgz 7266ms (cache miss)
1338 http fetch GET 200 https://registry.npmjs.org/@zag-js/tour/-/tour-0.82.1.tgz 7294ms (cache miss)
1339 http fetch GET 200 https://registry.npmjs.org/@zag-js/types/-/types-0.82.1.tgz 7296ms (cache miss)
1340 http fetch GET 200 https://registry.npmjs.org/@zag-js/rect-utils/-/rect-utils-0.82.1.tgz 7286ms (cache miss)
1341 http fetch GET 200 https://registry.npmjs.org/@zag-js/radio-group/-/radio-group-0.82.1.tgz 7281ms (cache miss)
1342 http fetch GET 200 https://registry.npmjs.org/qs/-/qs-6.14.0.tgz 7618ms (cache miss)
1343 http fetch GET 200 https://registry.npmjs.org/has-symbols/-/has-symbols-1.1.0.tgz 7471ms (cache miss)
1344 http fetch GET 200 https://registry.npmjs.org/path-scurry/-/path-scurry-1.11.1.tgz 7597ms (cache miss)
1345 http fetch GET 200 https://registry.npmjs.org/browserslist/-/browserslist-4.24.4.tgz 7337ms (cache miss)
1346 http fetch GET 200 https://registry.npmjs.org/@zag-js/remove-scroll/-/remove-scroll-0.82.1.tgz 7308ms (cache miss)
1347 http fetch GET 200 https://registry.npmjs.org/@zag-js/rating-group/-/rating-group-0.82.1.tgz 7304ms (cache miss)
1348 http fetch GET 200 https://registry.npmjs.org/@zag-js/progress/-/progress-0.82.1.tgz 7298ms (cache miss)
1349 http fetch GET 200 https://registry.npmjs.org/@zag-js/qr-code/-/qr-code-0.82.1.tgz 7299ms (cache miss)
1350 http fetch GET 200 https://registry.npmjs.org/@zag-js/presence/-/presence-0.82.1.tgz 7297ms (cache miss)
1351 http fetch GET 200 https://registry.npmjs.org/@zag-js/splitter/-/splitter-0.82.1.tgz 7336ms (cache miss)
1352 http fetch GET 200 https://registry.npmjs.org/dunder-proto/-/dunder-proto-1.0.1.tgz 7452ms (cache miss)
1353 http fetch GET 200 https://registry.npmjs.org/@zag-js/tags-input/-/tags-input-0.82.1.tgz 7342ms (cache miss)
1354 http fetch GET 200 https://registry.npmjs.org/svg-pathdata/-/svg-pathdata-6.0.3.tgz 7772ms (cache miss)
1355 http fetch GET 200 https://registry.npmjs.org/react/-/react-18.3.1.tgz 7793ms (cache miss)
1356 http fetch GET 200 https://registry.npmjs.org/@zag-js/pin-input/-/pin-input-0.82.1.tgz 7484ms (cache miss)
1357 http fetch GET 200 https://registry.npmjs.org/@zag-js/time-picker/-/time-picker-0.82.1.tgz 7512ms (cache miss)
1358 http fetch GET 200 https://registry.npmjs.org/readable-stream/-/readable-stream-3.6.2.tgz 7871ms (cache miss)
1359 http fetch GET 200 https://registry.npmjs.org/uncontrollable/-/uncontrollable-7.2.1.tgz 7974ms (cache miss)
1360 http fetch GET 200 https://registry.npmjs.org/sift/-/sift-17.1.3.tgz 7920ms (cache miss)
1361 http fetch GET 200 https://registry.npmjs.org/node-addon-api/-/node-addon-api-7.1.1.tgz 7860ms (cache miss)
1362 http fetch GET 200 https://registry.npmjs.org/dompurify/-/dompurify-3.2.4.tgz 7756ms (cache miss)
1363 http fetch GET 200 https://registry.npmjs.org/@zag-js/slider/-/slider-0.82.1.tgz 7652ms (cache miss)
1364 http fetch GET 200 https://registry.npmjs.org/@zag-js/popover/-/popover-0.82.1.tgz 7636ms (cache miss)
1365 http fetch GET 200 https://registry.npmjs.org/@zag-js/popper/-/popper-0.82.1.tgz 7654ms (cache miss)
1366 http fetch GET 200 https://registry.npmjs.org/@zag-js/select/-/select-0.82.1.tgz 7668ms (cache miss)
1367 http fetch GET 200 https://registry.npmjs.org/minimist/-/minimist-1.2.8.tgz 7935ms (cache miss)
1368 http fetch GET 200 https://registry.npmjs.org/dommatrix/-/dommatrix-1.0.3.tgz 7746ms (cache miss)
1369 http fetch GET 200 https://registry.npmjs.org/json5/-/json5-2.2.3.tgz 7966ms (cache miss)
1370 http fetch GET 200 https://registry.npmjs.org/@zag-js/live-region/-/live-region-0.82.1.tgz 7738ms (cache miss)
1371 http fetch GET 200 https://registry.npmjs.org/@zag-js/pagination/-/pagination-0.82.1.tgz 7741ms (cache miss)
1372 warn deprecated dommatrix@1.0.3: dommatrix is no longer maintained. Please use @thednp/dommatrix.
1373 http fetch GET 200 https://registry.npmjs.org/@zag-js/interact-outside/-/interact-outside-0.82.1.tgz 7754ms (cache miss)
1374 http fetch GET 200 https://registry.npmjs.org/@zag-js/i18n-utils/-/i18n-utils-0.82.1.tgz 7756ms (cache miss)
1375 http fetch GET 200 https://registry.npmjs.org/@zag-js/number-input/-/number-input-0.82.1.tgz 7758ms (cache miss)
1376 http fetch GET 200 https://registry.npmjs.org/@zag-js/hover-card/-/hover-card-0.82.1.tgz 7756ms (cache miss)
1377 http fetch GET 200 https://registry.npmjs.org/source-map/-/source-map-0.5.7.tgz 8167ms (cache miss)
1378 http fetch GET 200 https://registry.npmjs.org/@zag-js/highlight-word/-/highlight-word-0.82.1.tgz 7765ms (cache miss)
1379 http fetch GET 200 https://registry.npmjs.org/@zag-js/focus-trap/-/focus-trap-0.82.1.tgz 7764ms (cache miss)
1380 http fetch GET 200 https://registry.npmjs.org/@zag-js/focus-visible/-/focus-visible-0.82.1.tgz 7765ms (cache miss)
1381 http fetch GET 200 https://registry.npmjs.org/@zag-js/file-utils/-/file-utils-0.82.1.tgz 7786ms (cache miss)
1382 http fetch GET 200 https://registry.npmjs.org/@zag-js/file-upload/-/file-upload-0.82.1.tgz 7787ms (cache miss)
1383 http fetch GET 200 https://registry.npmjs.org/@zag-js/element-size/-/element-size-0.82.1.tgz 7807ms (cache miss)
1384 http fetch GET 200 https://registry.npmjs.org/nth-check/-/nth-check-2.1.1.tgz 8150ms (cache miss)
1385 http fetch GET 200 https://registry.npmjs.org/@zag-js/element-rect/-/element-rect-0.82.1.tgz 7838ms (cache miss)
1386 http fetch GET 200 https://registry.npmjs.org/react-toastify/-/react-toastify-11.0.5.tgz 8244ms (cache miss)
1387 http fetch GET 200 https://registry.npmjs.org/intl-messageformat/-/intl-messageformat-10.7.15.tgz 8100ms (cache miss)
1388 http fetch GET 200 https://registry.npmjs.org/jackspeak/-/jackspeak-3.4.3.tgz 8178ms (cache miss)
1389 http fetch GET 200 https://registry.npmjs.org/react-popper/-/react-popper-2.3.0.tgz 8323ms (cache miss)
1390 http fetch GET 200 https://registry.npmjs.org/acorn/-/acorn-8.14.0.tgz 7996ms (cache miss)
1391 http fetch GET 200 https://registry.npmjs.org/@zag-js/menu/-/menu-0.82.1.tgz 8134ms (cache miss)
1392 http fetch GET 200 https://registry.npmjs.org/react-phone-input-2/-/react-phone-input-2-2.15.1.tgz 8496ms (cache miss)
1393 http fetch GET 200 https://registry.npmjs.org/styled-jsx/-/styled-jsx-5.1.1.tgz 8574ms (cache miss)
1394 http fetch GET 200 https://registry.npmjs.org/jest-worker/-/jest-worker-27.5.1.tgz 8391ms (cache miss)
1395 http fetch GET 200 https://registry.npmjs.org/react-router/-/react-router-6.30.0.tgz 8526ms (cache miss)
1396 http fetch GET 200 https://registry.npmjs.org/csstype/-/csstype-3.1.3.tgz 8332ms (cache miss)
1397 http fetch GET 200 https://registry.npmjs.org/undici-types/-/undici-types-6.19.8.tgz 8745ms (cache miss)
1398 http fetch GET 200 https://registry.npmjs.org/lru-cache/-/lru-cache-10.4.3.tgz 8611ms (cache miss)
1399 http fetch GET 200 https://registry.npmjs.org/@zag-js/dialog/-/dialog-0.82.1.tgz 8355ms (cache miss)
1400 http fetch GET 200 https://registry.npmjs.org/framesync/-/framesync-6.0.1.tgz 8561ms (cache miss)
1401 http fetch GET 200 https://registry.npmjs.org/fast-uri/-/fast-uri-3.0.6.tgz 8572ms (cache miss)
1402 http fetch GET 200 https://registry.npmjs.org/@zag-js/dismissable/-/dismissable-0.82.1.tgz 8400ms (cache miss)
1403 http fetch GET 200 https://registry.npmjs.org/@zag-js/collection/-/collection-0.82.1.tgz 8379ms (cache miss)
1404 http fetch GET 200 https://registry.npmjs.org/@zag-js/dom-query/-/dom-query-0.82.1.tgz 8421ms (cache miss)
1405 http fetch GET 200 https://registry.npmjs.org/react-router-dom/-/react-router-dom-6.30.0.tgz 8818ms (cache miss)
1406 http fetch GET 200 https://registry.npmjs.org/busboy/-/busboy-1.6.0.tgz 8514ms (cache miss)
1407 http fetch GET 200 https://registry.npmjs.org/@zag-js/collapsible/-/collapsible-0.82.1.tgz 8445ms (cache miss)
1408 http fetch GET 200 https://registry.npmjs.org/@xtuc/ieee754/-/ieee754-1.2.0.tgz 8528ms (cache miss)
1409 http fetch GET 200 https://registry.npmjs.org/@webassemblyjs/wasm-opt/-/wasm-opt-1.14.1.tgz 8529ms (cache miss)
1410 http fetch GET 200 https://registry.npmjs.org/@webassemblyjs/wasm-gen/-/wasm-gen-1.14.1.tgz 8528ms (cache miss)
1411 http fetch GET 200 https://registry.npmjs.org/fflate/-/fflate-0.8.2.tgz 8800ms (cache miss)
1412 http fetch GET 200 https://registry.npmjs.org/@zag-js/avatar/-/avatar-0.82.1.tgz 8596ms (cache miss)
1413 http fetch GET 200 https://registry.npmjs.org/@zag-js/auto-resize/-/auto-resize-0.82.1.tgz 8595ms (cache miss)
1414 http fetch GET 200 https://registry.npmjs.org/@zag-js/checkbox/-/checkbox-0.82.1.tgz 8598ms (cache miss)
1415 http fetch GET 200 https://registry.npmjs.org/@webassemblyjs/wasm-edit/-/wasm-edit-1.14.1.tgz 8587ms (cache miss)
1416 http fetch GET 200 https://registry.npmjs.org/object-inspect/-/object-inspect-1.13.4.tgz 8973ms (cache miss)
1417 http fetch GET 200 https://registry.npmjs.org/react-window/-/react-window-1.8.11.tgz 9108ms (cache miss)
1418 http fetch GET 200 https://registry.npmjs.org/@webassemblyjs/utf8/-/utf8-1.13.2.tgz 8688ms (cache miss)
1419 http fetch GET 200 https://registry.npmjs.org/@webassemblyjs/helper-wasm-bytecode/-/helper-wasm-bytecode-1.13.2.tgz 8686ms (cache miss)
1420 http fetch GET 200 https://registry.npmjs.org/@webassemblyjs/leb128/-/leb128-1.13.2.tgz 8689ms (cache miss)
1421 http fetch GET 200 https://registry.npmjs.org/@webassemblyjs/helper-buffer/-/helper-buffer-1.14.1.tgz 8725ms (cache miss)
1422 http fetch GET 200 https://registry.npmjs.org/@webassemblyjs/helper-numbers/-/helper-numbers-1.13.2.tgz 8727ms (cache miss)
1423 http fetch GET 200 https://registry.npmjs.org/@webassemblyjs/floating-point-hex-parser/-/floating-point-hex-parser-1.13.2.tgz 8724ms (cache miss)
1424 http fetch GET 200 https://registry.npmjs.org/@webassemblyjs/wast-printer/-/wast-printer-1.14.1.tgz 8738ms (cache miss)
1425 http fetch GET 200 https://registry.npmjs.org/mdn-data/-/mdn-data-2.0.30.tgz 9072ms (cache miss)
1426 http fetch GET 200 https://registry.npmjs.org/@webassemblyjs/ieee754/-/ieee754-1.13.2.tgz 8758ms (cache miss)
1427 http fetch GET 200 https://registry.npmjs.org/@types/webidl-conversions/-/webidl-conversions-7.0.3.tgz 8774ms (cache miss)
1428 http fetch GET 200 https://registry.npmjs.org/@types/trusted-types/-/trusted-types-2.0.7.tgz 8770ms (cache miss)
1429 http fetch GET 200 https://registry.npmjs.org/@types/uuid/-/uuid-10.0.0.tgz 8777ms (cache miss)
1430 http fetch GET 200 https://registry.npmjs.org/@types/warning/-/warning-3.0.3.tgz 8779ms (cache miss)
1431 http fetch GET 200 https://registry.npmjs.org/react-smooth/-/react-smooth-4.0.4.tgz 9211ms (cache miss)
1432 http fetch GET 200 https://registry.npmjs.org/@types/whatwg-url/-/whatwg-url-11.0.5.tgz 8797ms (cache miss)
1433 http fetch GET 200 https://registry.npmjs.org/@webassemblyjs/helper-api-error/-/helper-api-error-1.13.2.tgz 8800ms (cache miss)
1434 http fetch GET 200 https://registry.npmjs.org/@types/react-transition-group/-/react-transition-group-4.4.12.tgz 8795ms (cache miss)
1435 http fetch GET 200 https://registry.npmjs.org/@types/react-pdf/-/react-pdf-6.2.0.tgz 8795ms (cache miss)
1436 http fetch GET 200 https://registry.npmjs.org/@zag-js/editable/-/editable-0.82.1.tgz 8869ms (cache miss)
1437 http fetch GET 200 https://registry.npmjs.org/@types/react-date-range/-/react-date-range-1.4.10.tgz 8817ms (cache miss)
1438 http fetch GET 200 https://registry.npmjs.org/@types/raf/-/raf-3.4.3.tgz 8851ms (cache miss)
1439 http fetch GET 200 https://registry.npmjs.org/@webassemblyjs/helper-wasm-section/-/helper-wasm-section-1.14.1.tgz 8869ms (cache miss)
1440 http fetch GET 200 https://registry.npmjs.org/@zag-js/color-utils/-/color-utils-0.82.1.tgz 8917ms (cache miss)
1441 http fetch GET 200 https://registry.npmjs.org/@types/parse-json/-/parse-json-4.0.2.tgz 8870ms (cache miss)
1442 http fetch GET 200 https://registry.npmjs.org/@types/prop-types/-/prop-types-15.7.14.tgz 8872ms (cache miss)
1443 http fetch GET 200 https://registry.npmjs.org/@zag-js/anatomy/-/anatomy-0.82.1.tgz 8923ms (cache miss)
1444 http fetch GET 200 https://registry.npmjs.org/@zag-js/carousel/-/carousel-0.82.1.tgz 8923ms (cache miss)
1445 http fetch GET 200 https://registry.npmjs.org/@zag-js/date-utils/-/date-utils-0.82.1.tgz 8964ms (cache miss)
1446 http fetch GET 200 https://registry.npmjs.org/@zag-js/combobox/-/combobox-0.82.1.tgz 8959ms (cache miss)
1447 http fetch GET 200 https://registry.npmjs.org/@types/lodash.debounce/-/lodash.debounce-4.0.9.tgz 8911ms (cache miss)
1448 http fetch GET 200 https://registry.npmjs.org/@zag-js/accordion/-/accordion-0.82.1.tgz 8943ms (cache miss)
1449 http fetch GET 200 https://registry.npmjs.org/@types/json-schema/-/json-schema-7.0.15.tgz 8940ms (cache miss)
1450 http fetch GET 200 https://registry.npmjs.org/@types/estree/-/estree-1.0.6.tgz 8941ms (cache miss)
1451 http fetch GET 200 https://registry.npmjs.org/@types/eslint-scope/-/eslint-scope-3.7.7.tgz 8940ms (cache miss)
1452 http fetch GET 200 https://registry.npmjs.org/@types/d3-timer/-/d3-timer-3.0.2.tgz 8938ms (cache miss)
1453 http fetch GET 200 https://registry.npmjs.org/@types/react-window/-/react-window-1.8.8.tgz 8955ms (cache miss)
1454 http fetch GET 200 https://registry.npmjs.org/@types/d3-time/-/d3-time-3.0.4.tgz 8938ms (cache miss)
1455 http fetch GET 200 https://registry.npmjs.org/@zag-js/aria-hidden/-/aria-hidden-0.82.1.tgz 8976ms (cache miss)
1456 http fetch GET 200 https://registry.npmjs.org/@types/react-modal/-/react-modal-3.16.3.tgz 8954ms (cache miss)
1457 http fetch GET 200 https://registry.npmjs.org/postcss-selector-parser/-/postcss-selector-parser-6.1.2.tgz 9366ms (cache miss)
1458 http fetch GET 200 https://registry.npmjs.org/events/-/events-3.3.0.tgz 9193ms (cache miss)
1459 http fetch GET 200 https://registry.npmjs.org/css-line-break/-/css-line-break-2.1.0.tgz 9155ms (cache miss)
1460 http fetch GET 200 https://registry.npmjs.org/@zag-js/core/-/core-0.82.1.tgz 9076ms (cache miss)
1461 http fetch GET 200 https://registry.npmjs.org/@types/d3-path/-/d3-path-3.1.1.tgz 9012ms (cache miss)
1462 http fetch GET 200 https://registry.npmjs.org/@types/d3-interpolate/-/d3-interpolate-3.0.4.tgz 9016ms (cache miss)
1463 http fetch GET 200 https://registry.npmjs.org/@types/react-big-calendar/-/react-big-calendar-1.16.1.tgz 9036ms (cache miss)
1464 http fetch GET 200 https://registry.npmjs.org/@types/react-calendar/-/react-calendar-4.1.0.tgz 9038ms (cache miss)
1465 warn deprecated @types/react-calendar@4.1.0: This is a stub types definition. react-calendar provides its own type definitions, so you do not need this installed.
1466 http fetch GET 200 https://registry.npmjs.org/@types/d3-color/-/d3-color-3.1.3.tgz 9025ms (cache miss)
1467 http fetch GET 200 https://registry.npmjs.org/es6-promise/-/es6-promise-4.2.8.tgz 9308ms (cache miss)
1468 http fetch GET 200 https://registry.npmjs.org/@tsconfig/node12/-/node12-1.0.11.tgz 9095ms (cache miss)
1469 http fetch GET 200 https://registry.npmjs.org/@types/d3-ease/-/d3-ease-3.0.2.tgz 9140ms (cache miss)
1470 http fetch GET 200 https://registry.npmjs.org/@tsconfig/node16/-/node16-1.0.4.tgz 9138ms (cache miss)
1471 http fetch GET 200 https://registry.npmjs.org/@types/d3-array/-/d3-array-3.2.1.tgz 9143ms (cache miss)
1472 http fetch GET 200 https://registry.npmjs.org/@swc/counter/-/counter-0.1.3.tgz 9136ms (cache miss)
1473 http fetch GET 200 https://registry.npmjs.org/@tanstack/react-virtual/-/react-virtual-3.11.2.tgz 9139ms (cache miss)
1474 http fetch GET 200 https://registry.npmjs.org/@tsconfig/node10/-/node10-1.0.11.tgz 9157ms (cache miss)
1475 http fetch GET 200 https://registry.npmjs.org/math-intrinsics/-/math-intrinsics-1.1.0.tgz 9533ms (cache miss)
1476 http fetch GET 200 https://registry.npmjs.org/d3-scale/-/d3-scale-4.0.2.tgz 9376ms (cache miss)
1477 http fetch GET 200 https://registry.npmjs.org/@zag-js/date-picker/-/date-picker-0.82.1.tgz 9265ms (cache miss)
1478 http fetch GET 200 https://registry.npmjs.org/@socket.io/component-emitter/-/component-emitter-3.1.2.tgz 9187ms (cache miss)
1479 http fetch GET 200 https://registry.npmjs.org/@types/date-arithmetic/-/date-arithmetic-4.1.4.tgz 9213ms (cache miss)
1480 http fetch GET 200 https://registry.npmjs.org/d3-interpolate/-/d3-interpolate-3.0.1.tgz 9429ms (cache miss)
1481 http fetch GET 200 https://registry.npmjs.org/@types/d3-scale/-/d3-scale-4.0.9.tgz 9250ms (cache miss)
1482 http fetch GET 200 https://registry.npmjs.org/react-transition-group/-/react-transition-group-4.4.5.tgz 9703ms (cache miss)
1483 http fetch GET 200 https://registry.npmjs.org/@trysound/sax/-/sax-0.2.0.tgz 9250ms (cache miss)
1484 http fetch GET 200 https://registry.npmjs.org/@zag-js/clipboard/-/clipboard-0.82.1.tgz 9308ms (cache miss)
1485 http fetch GET 200 https://registry.npmjs.org/@types/d3-shape/-/d3-shape-3.1.7.tgz 9268ms (cache miss)
1486 http fetch GET 200 https://registry.npmjs.org/@zag-js/color-picker/-/color-picker-0.82.1.tgz 9349ms (cache miss)
1487 http fetch GET 200 https://registry.npmjs.org/shelljs/-/shelljs-0.8.5.tgz 9795ms (cache miss)
1488 http fetch GET 200 https://registry.npmjs.org/@webassemblyjs/wasm-parser/-/wasm-parser-1.14.1.tgz 9406ms (cache miss)
1489 http fetch GET 200 https://registry.npmjs.org/diff/-/diff-4.0.2.tgz 9589ms (cache miss)
1490 http fetch GET 200 https://registry.npmjs.org/@tsconfig/node14/-/node14-1.0.3.tgz 9376ms (cache miss)
1491 http fetch GET 200 https://registry.npmjs.org/@xtuc/long/-/long-4.2.2.tgz 9430ms (cache miss)
1492 http fetch GET 200 https://registry.npmjs.org/@react-types/textfield/-/textfield-3.10.0.tgz 9414ms (cache miss)
1493 http fetch GET 200 https://registry.npmjs.org/@react-types/switch/-/switch-3.5.8.tgz 9413ms (cache miss)
1494 http fetch GET 200 https://registry.npmjs.org/@react-types/tooltip/-/tooltip-3.4.13.tgz 9415ms (cache miss)
1495 http fetch GET 200 https://registry.npmjs.org/@react-types/tabs/-/tabs-3.3.11.tgz 9414ms (cache miss)
1496 http fetch GET 200 https://registry.npmjs.org/@react-types/table/-/table-3.10.3.tgz 9413ms (cache miss)
1497 http fetch GET 200 https://registry.npmjs.org/@react-types/radio/-/radio-3.8.5.tgz 9422ms (cache miss)
1498 http fetch GET 200 https://registry.npmjs.org/@react-types/slider/-/slider-3.7.8.tgz 9429ms (cache miss)
1499 http fetch GET 200 https://registry.npmjs.org/@react-types/select/-/select-3.9.8.tgz 9433ms (cache miss)
1500 http fetch GET 200 https://registry.npmjs.org/@types/react-dom/-/react-dom-18.3.5.tgz 9503ms (cache miss)
1501 http fetch GET 200 https://registry.npmjs.org/@react-types/overlays/-/overlays-3.8.11.tgz 9479ms (cache miss)
1502 http fetch GET 200 https://registry.npmjs.org/ajv-keywords/-/ajv-keywords-3.5.2.tgz 9645ms (cache miss)
1503 http fetch GET 200 https://registry.npmjs.org/@wojtekmaj/date-utils/-/date-utils-1.5.1.tgz 9603ms (cache miss)
1504 http fetch GET 200 https://registry.npmjs.org/@react-types/progress/-/progress-3.5.8.tgz 9552ms (cache miss)
1505 http fetch GET 200 https://registry.npmjs.org/uri-js/-/uri-js-4.4.1.tgz 10337ms (cache miss)
1506 http fetch GET 200 https://registry.npmjs.org/@react-types/listbox/-/listbox-3.5.4.tgz 9814ms (cache miss)
1507 http fetch GET 200 https://registry.npmjs.org/semver/-/semver-7.7.2.tgz 10326ms (cache miss)
1508 http fetch GET 200 https://registry.npmjs.org/@react-types/grid/-/grid-3.2.10.tgz 9825ms (cache miss)
1509 http fetch GET 200 https://registry.npmjs.org/@react-types/form/-/form-3.7.8.tgz 9824ms (cache miss)
1510 http fetch GET 200 https://registry.npmjs.org/@react-types/menu/-/menu-3.9.13.tgz 9838ms (cache miss)
1511 http fetch GET 200 https://registry.npmjs.org/@react-types/combobox/-/combobox-3.13.1.tgz 9836ms (cache miss)
1512 http fetch GET 200 https://registry.npmjs.org/@react-types/link/-/link-3.5.9.tgz 9838ms (cache miss)
1513 http fetch GET 200 https://registry.npmjs.org/@react-types/datepicker/-/datepicker-3.9.0.tgz 9838ms (cache miss)
1514 http fetch GET 200 https://registry.npmjs.org/@react-types/button/-/button-3.10.1.tgz 9836ms (cache miss)
1515 http fetch GET 200 https://registry.npmjs.org/@react-types/dialog/-/dialog-3.5.15.tgz 9848ms (cache miss)
1516 http fetch GET 200 https://registry.npmjs.org/@react-types/breadcrumbs/-/breadcrumbs-3.7.9.tgz 9847ms (cache miss)
1517 http fetch GET 200 https://registry.npmjs.org/@react-types/checkbox/-/checkbox-3.9.0.tgz 9850ms (cache miss)
1518 http fetch GET 200 https://registry.npmjs.org/jiti/-/jiti-1.21.7.tgz 10216ms (cache miss)
1519 http fetch GET 200 https://registry.npmjs.org/color2k/-/color2k-2.0.3.tgz 10058ms (cache miss)
1520 http fetch GET 200 https://registry.npmjs.org/@react-types/calendar/-/calendar-3.5.0.tgz 9865ms (cache miss)
1521 http fetch GET 200 https://registry.npmjs.org/react-clock/-/react-clock-5.1.0.tgz 10349ms (cache miss)
1522 http fetch GET 200 https://registry.npmjs.org/@types/eslint/-/eslint-9.6.1.tgz 9933ms (cache miss)
1523 http fetch GET 200 https://registry.npmjs.org/@react-types/accordion/-/accordion-3.0.0-alpha.25.tgz 9921ms (cache miss)
1524 http fetch GET 200 https://registry.npmjs.org/cosmiconfig/-/cosmiconfig-7.1.0.tgz 10153ms (cache miss)
1525 http fetch GET 200 https://registry.npmjs.org/d3-time-format/-/d3-time-format-4.1.0.tgz 10225ms (cache miss)
1526 http fetch GET 200 https://registry.npmjs.org/@tanstack/virtual-core/-/virtual-core-3.11.2.tgz 10241ms (cache miss)
1527 http fetch GET 200 https://registry.npmjs.org/postcss/-/postcss-8.5.3.tgz 10700ms (cache miss)
1528 http fetch GET 200 https://registry.npmjs.org/enhanced-resolve/-/enhanced-resolve-5.18.1.tgz 10535ms (cache miss)
1529 http fetch GET 200 https://registry.npmjs.org/@react-stately/tooltip/-/tooltip-3.5.0.tgz 10276ms (cache miss)
1530 http fetch GET 200 https://registry.npmjs.org/@react-stately/tree/-/tree-3.8.6.tgz 10277ms (cache miss)
1531 http fetch GET 200 https://registry.npmjs.org/@react-stately/toggle/-/toggle-3.8.0.tgz 10276ms (cache miss)
1532 http fetch GET 200 https://registry.npmjs.org/@react-stately/slider/-/slider-3.6.0.tgz 10275ms (cache miss)
1533 http fetch GET 200 https://registry.npmjs.org/@react-stately/tabs/-/tabs-3.7.0.tgz 10276ms (cache miss)
1534 http fetch GET 200 https://registry.npmjs.org/@types/react/-/react-18.3.18.tgz 10353ms (cache miss)
1535 http fetch GET 200 https://registry.npmjs.org/@react-stately/select/-/select-3.6.10.tgz 10300ms (cache miss)
1536 http fetch GET 200 https://registry.npmjs.org/@react-stately/radio/-/radio-3.10.9.tgz 10301ms (cache miss)
1537 http fetch GET 200 https://registry.npmjs.org/@react-types/shared/-/shared-3.26.0.tgz 10334ms (cache miss)
1538 http fetch GET 200 https://registry.npmjs.org/@react-stately/form/-/form-3.1.0.tgz 10394ms (cache miss)
1539 http fetch GET 200 https://registry.npmjs.org/minimatch/-/minimatch-9.0.5.tgz 10852ms (cache miss)
1540 http fetch GET 200 https://registry.npmjs.org/yaml/-/yaml-1.10.2.tgz 11098ms (cache miss)
1541 http fetch GET 200 https://registry.npmjs.org/@react-stately/flags/-/flags-3.1.1.tgz 10449ms (cache miss)
1542 http fetch GET 200 https://registry.npmjs.org/motion-dom/-/motion-dom-11.18.1.tgz 10887ms (cache miss)
1543 http fetch GET 200 https://registry.npmjs.org/@react-oauth/google/-/google-0.12.1.tgz 10557ms (cache miss)
1544 http fetch GET 200 https://registry.npmjs.org/style-value-types/-/style-value-types-5.0.0.tgz 11189ms (cache miss)
1545 http fetch GET 200 https://registry.npmjs.org/@react-stately/checkbox/-/checkbox-3.6.10.tgz 10731ms (cache miss)
1546 http fetch GET 200 https://registry.npmjs.org/@react-aria/tooltip/-/tooltip-3.7.10.tgz 10831ms (cache miss)
1547 http fetch GET 200 https://registry.npmjs.org/fast-glob/-/fast-glob-3.3.3.tgz 11186ms (cache miss)
1548 http fetch GET 200 https://registry.npmjs.org/@react-aria/toolbar/-/toolbar-3.0.0-beta.11.tgz 10928ms (cache miss)
1549 http fetch GET 200 https://registry.npmjs.org/@react-aria/switch/-/switch-3.6.10.tgz 11073ms (cache miss)
1550 http fetch GET 200 https://registry.npmjs.org/@react-stately/utils/-/utils-3.10.5.tgz 11169ms (cache miss)
1551 http fetch GET 200 https://registry.npmjs.org/@react-aria/ssr/-/ssr-3.9.7.tgz 11143ms (cache miss)
1552 http fetch GET 200 https://registry.npmjs.org/@react-aria/progress/-/progress-3.4.18.tgz 11240ms (cache miss)
1553 http fetch GET 200 https://registry.npmjs.org/@react-aria/radio/-/radio-3.10.10.tgz 11258ms (cache miss)
1554 http fetch GET 200 https://registry.npmjs.org/@react-stately/overlays/-/overlays-3.6.12.tgz 11288ms (cache miss)
1555 http fetch GET 200 https://registry.npmjs.org/moment-timezone/-/moment-timezone-0.5.47.tgz 11651ms (cache miss)
1556 http fetch GET 200 https://registry.npmjs.org/@react-aria/link/-/link-3.7.7.tgz 11293ms (cache miss)
1557 http fetch GET 200 https://registry.npmjs.org/tailwind-merge/-/tailwind-merge-1.8.1.tgz 11904ms (cache miss)
1558 http fetch GET 200 https://registry.npmjs.org/@react-aria/label/-/label-3.7.13.tgz 11315ms (cache miss)
1559 http fetch GET 200 https://registry.npmjs.org/@nodelib/fs.scandir/-/fs.scandir-2.1.5.tgz 11355ms (cache miss)
1560 http fetch GET 200 https://registry.npmjs.org/@nodelib/fs.stat/-/fs.stat-2.0.5.tgz 11385ms (cache miss)
1561 http fetch GET 200 https://registry.npmjs.org/@nodelib/fs.walk/-/fs.walk-1.2.8.tgz 11384ms (cache miss)
1562 http fetch GET 200 https://registry.npmjs.org/@react-aria/dialog/-/dialog-3.5.20.tgz 11514ms (cache miss)
1563 http fetch GET 200 https://registry.npmjs.org/canvas/-/canvas-3.1.0.tgz 11818ms (cache miss)
1564 http fetch GET 200 https://registry.npmjs.org/@webassemblyjs/ast/-/ast-1.14.1.tgz 11701ms (cache miss)
1565 http fetch GET 200 https://registry.npmjs.org/domutils/-/domutils-3.2.2.tgz 11893ms (cache miss)
1566 http fetch GET 200 https://registry.npmjs.org/d3-array/-/d3-array-3.2.4.tgz 11860ms (cache miss)
1567 http fetch GET 200 https://registry.npmjs.org/react-date-range/-/react-date-range-2.0.1.tgz 12137ms (cache miss)
1568 http fetch GET 200 https://registry.npmjs.org/glob/-/glob-10.4.5.tgz 12042ms (cache miss)
1569 http fetch GET 200 https://registry.npmjs.org/@react-stately/menu/-/menu-3.9.0.tgz 11736ms (cache miss)
1570 http fetch GET 200 https://registry.npmjs.org/d3-shape/-/d3-shape-3.2.0.tgz 11974ms (cache miss)
1571 http fetch GET 200 https://registry.npmjs.org/@pandacss/is-valid-prop/-/is-valid-prop-0.41.0.tgz 11741ms (cache miss)
1572 http fetch GET 200 https://registry.npmjs.org/fast-equals/-/fast-equals-5.2.2.tgz 12080ms (cache miss)
1573 http fetch GET 200 https://registry.npmjs.org/terser/-/terser-5.39.0.tgz 12362ms (cache miss)
1574 http fetch GET 200 https://registry.npmjs.org/@react-stately/grid/-/grid-3.10.1.tgz 11793ms (cache miss)
1575 http fetch GET 200 https://registry.npmjs.org/socket.io-client/-/socket.io-client-4.8.1.tgz 12358ms (cache miss)
1576 http fetch GET 200 https://registry.npmjs.org/@react-aria/visually-hidden/-/visually-hidden-3.8.18.tgz 11843ms (cache miss)
1577 http fetch GET 200 https://registry.npmjs.org/@nextui-org/use-update-effect/-/use-update-effect-2.1.1.tgz 11814ms (cache miss)
1578 http fetch GET 200 https://registry.npmjs.org/@nextui-org/use-scroll-position/-/use-scroll-position-2.1.1.tgz 11813ms (cache miss)
1579 http fetch GET 200 https://registry.npmjs.org/@nextui-org/user/-/user-2.2.6.tgz 11814ms (cache miss)
1580 http fetch GET 200 https://registry.npmjs.org/@nextui-org/use-safe-layout-effect/-/use-safe-layout-effect-2.1.1.tgz 11840ms (cache miss)
1581 http fetch GET 200 https://registry.npmjs.org/@nextui-org/use-pagination/-/use-pagination-2.2.3.tgz 11838ms (cache miss)
1582 http fetch GET 200 https://registry.npmjs.org/@nextui-org/use-is-mounted/-/use-is-mounted-2.1.1.tgz 11875ms (cache miss)
1583 http fetch GET 200 https://registry.npmjs.org/entities/-/entities-4.5.0.tgz 12209ms (cache miss)
1584 http fetch GET 200 https://registry.npmjs.org/@nextui-org/use-measure/-/use-measure-2.1.1.tgz 11891ms (cache miss)
1585 http fetch GET 200 https://registry.npmjs.org/@react-stately/combobox/-/combobox-3.10.1.tgz 11949ms (cache miss)
1586 http fetch GET 200 https://registry.npmjs.org/@nextui-org/use-is-mobile/-/use-is-mobile-2.2.2.tgz 11954ms (cache miss)
1587 http fetch GET 200 https://registry.npmjs.org/@nextui-org/use-intersection-observer/-/use-intersection-observer-2.2.2.tgz 11968ms (cache miss)
1588 http fetch GET 200 https://registry.npmjs.org/@stripe/react-stripe-js/-/react-stripe-js-3.1.1.tgz 12099ms (cache miss)
1589 http fetch GET 200 https://registry.npmjs.org/@react-aria/live-announcer/-/live-announcer-3.4.1.tgz 12072ms (cache miss)
1590 http fetch GET 200 https://registry.npmjs.org/@nextui-org/use-image/-/use-image-2.1.2.tgz 12072ms (cache miss)
1591 http fetch GET 200 https://registry.npmjs.org/@nextui-org/use-draggable/-/use-draggable-2.1.2.tgz 12088ms (cache miss)
1592 http fetch GET 200 https://registry.npmjs.org/@react-stately/list/-/list-3.11.1.tgz 12149ms (cache miss)
1593 http fetch GET 200 https://registry.npmjs.org/@nextui-org/use-data-scroll-overflow/-/use-data-scroll-overflow-2.2.2.tgz 12115ms (cache miss)
1594 http fetch GET 200 https://registry.npmjs.org/spacetime/-/spacetime-7.7.0.tgz 12738ms (cache miss)
1595 http fetch GET 200 https://registry.npmjs.org/@nextui-org/use-clipboard/-/use-clipboard-2.1.2.tgz 12149ms (cache miss)
1596 http fetch GET 200 https://registry.npmjs.org/@nextui-org/use-callback-ref/-/use-callback-ref-2.1.1.tgz 12188ms (cache miss)
1597 http fetch GET 200 https://registry.npmjs.org/@pkgjs/parseargs/-/parseargs-0.11.0.tgz 12210ms (cache miss)
1598 http fetch GET 200 https://registry.npmjs.org/@react-stately/selection/-/selection-3.19.0.tgz 12276ms (cache miss)
1599 http fetch GET 200 https://registry.npmjs.org/@nextui-org/use-disclosure/-/use-disclosure-2.2.2.tgz 12231ms (cache miss)
1600 http fetch GET 200 https://registry.npmjs.org/@react-aria/form/-/form-3.0.11.tgz 12274ms (cache miss)
1601 http fetch GET 200 https://registry.npmjs.org/@react-aria/textfield/-/textfield-3.15.0.tgz 12326ms (cache miss)
1602 http fetch GET 200 https://registry.npmjs.org/@nextui-org/use-aria-multiselect/-/use-aria-multiselect-2.4.3.tgz 12287ms (cache miss)
1603 http fetch GET 200 https://registry.npmjs.org/@nextui-org/use-aria-modal-overlay/-/use-aria-modal-overlay-2.2.3.tgz 12298ms (cache miss)
1604 http fetch GET 200 https://registry.npmjs.org/@nextui-org/use-aria-accordion/-/use-aria-accordion-2.2.2.tgz 12311ms (cache miss)
1605 http fetch GET 200 https://registry.npmjs.org/react-date-picker/-/react-date-picker-11.0.0.tgz 12862ms (cache miss)
1606 http fetch GET 200 https://registry.npmjs.org/@nextui-org/use-aria-link/-/use-aria-link-2.2.5.tgz 12336ms (cache miss)
1607 http fetch GET 200 https://registry.npmjs.org/@nextui-org/use-aria-button/-/use-aria-button-2.2.4.tgz 12372ms (cache miss)
1608 http fetch GET 200 https://registry.npmjs.org/@nextui-org/tabs/-/tabs-2.2.7.tgz 12412ms (cache miss)
1609 http fetch GET 200 https://registry.npmjs.org/@nextui-org/system-rsc/-/system-rsc-2.3.5.tgz 12430ms (cache miss)
1610 warn deprecated @nextui-org/user@2.2.6: This package has been deprecated. Please use @heroui/user instead.
1611 http fetch GET 200 https://registry.npmjs.org/@nextui-org/system/-/system-2.4.6.tgz 12614ms (cache miss)
1612 http fetch GET 200 https://registry.npmjs.org/@nextui-org/spinner/-/spinner-2.2.6.tgz 12725ms (cache miss)
1613 http fetch GET 200 https://registry.npmjs.org/@nextui-org/spacer/-/spacer-2.2.6.tgz 12739ms (cache miss)
1614 http fetch GET 200 https://registry.npmjs.org/@nextui-org/snippet/-/snippet-2.2.10.tgz 12799ms (cache miss)
1615 http fetch GET 200 https://registry.npmjs.org/react-time-picker/-/react-time-picker-7.0.0.tgz 13419ms (cache miss)
1616 http fetch GET 200 https://registry.npmjs.org/@nextui-org/skeleton/-/skeleton-2.2.5.tgz 12875ms (cache miss)
1617 http fetch GET 200 https://registry.npmjs.org/@nextui-org/scroll-shadow/-/scroll-shadow-2.3.5.tgz 12874ms (cache miss)
1618 http fetch GET 200 https://registry.npmjs.org/@nextui-org/switch/-/switch-2.2.8.tgz 12884ms (cache miss)
1619 http fetch GET 200 https://registry.npmjs.org/react-datepicker/-/react-datepicker-7.6.0.tgz 13443ms (cache miss)
1620 http fetch GET 200 https://registry.npmjs.org/@react-aria/slider/-/slider-3.7.14.tgz 12944ms (cache miss)
1621 http fetch GET 200 https://registry.npmjs.org/@nextui-org/react-rsc-utils/-/react-rsc-utils-2.1.1.tgz 12899ms (cache miss)
1622 http fetch GET 200 https://registry.npmjs.org/@nextui-org/ripple/-/ripple-2.2.7.tgz 12901ms (cache miss)
1623 http fetch GET 200 https://registry.npmjs.org/autoprefixer/-/autoprefixer-10.4.20.tgz 13157ms (cache miss)
1624 http fetch GET 200 https://registry.npmjs.org/svgo/-/svgo-3.3.2.tgz 13579ms (cache miss)
1625 http fetch GET 200 https://registry.npmjs.org/@react-stately/calendar/-/calendar-3.6.0.tgz 13010ms (cache miss)
1626 http fetch GET 200 https://registry.npmjs.org/react-overlays/-/react-overlays-5.2.1.tgz 13565ms (cache miss)
1627 http fetch GET 200 https://registry.npmjs.org/@nextui-org/tooltip/-/tooltip-2.2.7.tgz 13050ms (cache miss)
1628 http fetch GET 200 https://registry.npmjs.org/i18n-iso-countries/-/i18n-iso-countries-7.14.0.tgz 13448ms (cache miss)
1629 http fetch GET 200 https://registry.npmjs.org/@nextui-org/progress/-/progress-2.2.6.tgz 13072ms (cache miss)
1630 http fetch GET 200 https://registry.npmjs.org/@nextui-org/react-utils/-/react-utils-2.1.3.tgz 13074ms (cache miss)
1631 warn deprecated @nextui-org/tooltip@2.2.7: This package has been deprecated. Please use @heroui/tooltip instead.
1632 http fetch GET 200 https://registry.npmjs.org/react-pdf/-/react-pdf-5.7.2.tgz 13667ms (cache miss)
1633 http fetch GET 200 https://registry.npmjs.org/@nextui-org/pagination/-/pagination-2.2.8.tgz 13103ms (cache miss)
1634 http fetch GET 200 https://registry.npmjs.org/@remix-run/router/-/router-1.23.0.tgz 13347ms (cache miss)
1635 http fetch GET 200 https://registry.npmjs.org/@nextui-org/react/-/react-2.6.11.tgz 13265ms (cache miss)
1636 http fetch GET 200 https://registry.npmjs.org/@react-aria/button/-/button-3.11.0.tgz 13311ms (cache miss)
1637 http fetch GET 200 https://registry.npmjs.org/@nextui-org/modal/-/modal-2.2.7.tgz 13322ms (cache miss)
1638 warn deprecated @nextui-org/react@2.6.11: This package has been deprecated. Please use @heroui/react instead.
1639 http fetch GET 200 https://registry.npmjs.org/@react-aria/listbox/-/listbox-3.13.6.tgz 13446ms (cache miss)
1640 http fetch GET 200 https://registry.npmjs.org/@nextui-org/link/-/link-2.2.7.tgz 13393ms (cache miss)
1641 warn deprecated @nextui-org/spinner@2.2.6: This package has been deprecated. Please use @heroui/spinner instead.
1642 http fetch GET 200 https://registry.npmjs.org/@react-aria/tabs/-/tabs-3.9.8.tgz 13478ms (cache miss)
1643 http fetch GET 200 https://registry.npmjs.org/@nextui-org/kbd/-/kbd-2.2.6.tgz 13425ms (cache miss)
1644 http fetch GET 200 https://registry.npmjs.org/@nextui-org/framer-utils/-/framer-utils-2.1.6.tgz 13463ms (cache miss)
1645 http fetch GET 200 https://registry.npmjs.org/react-dom/-/react-dom-18.3.1.tgz 14040ms (cache miss)
1646 warn deprecated @nextui-org/snippet@2.2.10: This package has been deprecated. Please use @heroui/snippet instead.
1647 http fetch GET 200 https://registry.npmjs.org/@nextui-org/image/-/image-2.2.5.tgz 13495ms (cache miss)
1648 http fetch GET 200 https://registry.npmjs.org/@nextui-org/form/-/form-2.1.8.tgz 13507ms (cache miss)
1649 warn deprecated @nextui-org/skeleton@2.2.5: This package has been deprecated. Please use @heroui/skeleton instead.
1650 warn deprecated @nextui-org/scroll-shadow@2.3.5: This package has been deprecated. Please use @heroui/scroll-shadow instead.
1651 warn deprecated @nextui-org/ripple@2.2.7: This package has been deprecated. Please use @heroui/ripple instead.
1652 warn deprecated @nextui-org/switch@2.2.8: This package has been deprecated. Please use @heroui/switch instead.
1653 http fetch GET 200 https://registry.npmjs.org/bson/-/bson-6.10.3.tgz 13818ms (cache miss)
1654 http fetch GET 200 https://registry.npmjs.org/@nextui-org/dropdown/-/dropdown-2.3.9.tgz 13549ms (cache miss)
1655 http fetch GET 200 https://registry.npmjs.org/@nextui-org/drawer/-/drawer-2.2.7.tgz 13562ms (cache miss)
1656 warn deprecated @nextui-org/spacer@2.2.6: This package has been deprecated. Please use @heroui/spacer instead.
1657 http fetch GET 200 https://registry.npmjs.org/@react-aria/checkbox/-/checkbox-3.15.0.tgz 13702ms (cache miss)
1658 http fetch GET 200 https://registry.npmjs.org/@nextui-org/dom-animation/-/dom-animation-2.1.1.tgz 13662ms (cache miss)
1659 http fetch GET 200 https://registry.npmjs.org/@nextui-org/checkbox/-/checkbox-2.3.8.tgz 13733ms (cache miss)
1660 http fetch GET 200 https://registry.npmjs.org/@react-stately/collections/-/collections-3.12.0.tgz 13895ms (cache miss)
1661 http fetch GET 200 https://registry.npmjs.org/@nextui-org/select/-/select-2.4.9.tgz 13831ms (cache miss)
1662 http fetch GET 200 https://registry.npmjs.org/@nextui-org/chip/-/chip-2.2.6.tgz 13816ms (cache miss)
1663 http fetch GET 200 https://registry.npmjs.org/@nextui-org/button/-/button-2.2.9.tgz 13827ms (cache miss)
1664 warn deprecated @nextui-org/select@2.4.9: This package has been deprecated. Please use @heroui/select instead.
1665 http fetch GET 200 https://registry.npmjs.org/@nextui-org/card/-/card-2.2.9.tgz 13871ms (cache miss)
1666 warn deprecated @nextui-org/tabs@2.2.7: This package has been deprecated. Please use @heroui/tabs instead.
1667 http fetch GET 200 https://registry.npmjs.org/@nextui-org/avatar/-/avatar-2.2.6.tgz 14210ms (cache miss)
1668 http fetch GET 200 https://registry.npmjs.org/@nextui-org/badge/-/badge-2.2.5.tgz 14229ms (cache miss)
1669 http fetch GET 200 https://registry.npmjs.org/resolve/-/resolve-1.22.10.tgz 14855ms (cache miss)
1670 http fetch GET 200 https://registry.npmjs.org/csso/-/csso-5.0.5.tgz 14577ms (cache miss)
1671 http fetch GET 200 https://registry.npmjs.org/@motionone/utils/-/utils-10.18.0.tgz 14255ms (cache miss)
1672 http fetch GET 200 https://registry.npmjs.org/@motionone/types/-/types-10.17.1.tgz 14283ms (cache miss)
1673 http fetch GET 200 https://registry.npmjs.org/@nextui-org/slider/-/slider-2.4.7.tgz 14348ms (cache miss)
1674 http fetch GET 200 https://registry.npmjs.org/@motionone/easing/-/easing-10.18.0.tgz 14334ms (cache miss)
1675 http fetch GET 200 https://registry.npmjs.org/@nextui-org/aria-utils/-/aria-utils-2.2.7.tgz 14361ms (cache miss)
1676 http fetch GET 200 https://registry.npmjs.org/@nextui-org/alert/-/alert-2.2.9.tgz 14363ms (cache miss)
1677 warn deprecated @nextui-org/slider@2.4.7: This package has been deprecated. Please use @heroui/slider instead.
1678 http fetch GET 200 https://registry.npmjs.org/@nextui-org/autocomplete/-/autocomplete-2.3.9.tgz 14380ms (cache miss)
1679 http fetch GET 200 https://registry.npmjs.org/@jridgewell/set-array/-/set-array-1.2.1.tgz 14394ms (cache miss)
1680 http fetch GET 200 https://registry.npmjs.org/@jridgewell/resolve-uri/-/resolve-uri-3.1.2.tgz 14397ms (cache miss)
1681 http fetch GET 200 https://registry.npmjs.org/@jridgewell/gen-mapping/-/gen-mapping-0.3.8.tgz 14417ms (cache miss)
1682 warn deprecated @nextui-org/image@2.2.5: This package has been deprecated. Please use @heroui/image instead.
1683 http fetch GET 200 https://registry.npmjs.org/@isaacs/cliui/-/cliui-8.0.2.tgz 14450ms (cache miss)
1684 http fetch GET 200 https://registry.npmjs.org/@next/env/-/env-14.2.13.tgz 14460ms (cache miss)
1685 http fetch GET 200 https://registry.npmjs.org/@internationalized/message/-/message-3.1.6.tgz 14444ms (cache miss)
1686 http fetch GET 200 https://registry.npmjs.org/@internationalized/string/-/string-3.2.5.tgz 14447ms (cache miss)
1687 http fetch GET 200 https://registry.npmjs.org/@motionone/animation/-/animation-10.18.0.tgz 14459ms (cache miss)
1688 http fetch GET 200 https://registry.npmjs.org/luxon/-/luxon-3.5.0.tgz 15031ms (cache miss)
1689 http fetch GET 200 https://registry.npmjs.org/input-format/-/input-format-0.3.14.tgz 15022ms (cache miss)
1690 warn deprecated @nextui-org/drawer@2.2.7: This package has been deprecated. Please use @heroui/drawer instead.
1691 http fetch GET 200 https://registry.npmjs.org/@floating-ui/utils/-/utils-0.2.9.tgz 14563ms (cache miss)
1692 http fetch GET 200 https://registry.npmjs.org/ajv/-/ajv-6.12.6.tgz 14911ms (cache miss)
1693 warn deprecated @nextui-org/link@2.2.7: This package has been deprecated. Please use @heroui/link instead.
1694 warn deprecated @nextui-org/progress@2.2.6: This package has been deprecated. Please use @heroui/progress instead.
1695 warn deprecated @nextui-org/kbd@2.2.6: This package has been deprecated. Please use @heroui/kbd instead.
1696 http fetch GET 200 https://registry.npmjs.org/@emotion/weak-memoize/-/weak-memoize-0.4.0.tgz 14668ms (cache miss)
1697 http fetch GET 200 https://registry.npmjs.org/@emotion/utils/-/utils-1.4.2.tgz 14735ms (cache miss)
1698 http fetch GET 200 https://registry.npmjs.org/@fullcalendar/react/-/react-6.1.15.tgz 14749ms (cache miss)
1699 http fetch GET 200 https://registry.npmjs.org/@nextui-org/input/-/input-2.4.8.tgz 14826ms (cache miss)
1700 http fetch GET 200 https://registry.npmjs.org/@emotion/sheet/-/sheet-1.4.0.tgz 14773ms (cache miss)
1701 http fetch GET 200 https://registry.npmjs.org/@emotion/unitless/-/unitless-0.10.0.tgz 14812ms (cache miss)
1702 http fetch GET 200 https://registry.npmjs.org/@emotion/serialize/-/serialize-1.3.3.tgz 14810ms (cache miss)
1703 http fetch GET 200 https://registry.npmjs.org/@emotion/memoize/-/memoize-0.9.0.tgz 14851ms (cache miss)
1704 http fetch GET 200 https://registry.npmjs.org/@emotion/use-insertion-effect-with-fallbacks/-/use-insertion-effect-with-fallbacks-1.2.0.tgz 14853ms (cache miss)
1705 http fetch GET 200 https://registry.npmjs.org/@nextui-org/radio/-/radio-2.3.8.tgz 14951ms (cache miss)
1706 warn deprecated @nextui-org/input@2.4.8: This package has been deprecated. Please use @heroui/input instead.
1707 http fetch GET 200 https://registry.npmjs.org/@emotion/is-prop-valid/-/is-prop-valid-1.3.1.tgz 14904ms (cache miss)
1708 http fetch GET 200 https://registry.npmjs.org/@emotion/hash/-/hash-0.9.2.tgz 14904ms (cache miss)
1709 warn deprecated @nextui-org/form@2.1.8: This package has been deprecated. Please use @heroui/form instead.
1710 http fetch GET 200 https://registry.npmjs.org/@formatjs/fast-memoize/-/fast-memoize-2.2.6.tgz 14969ms (cache miss)
1711 warn deprecated @nextui-org/radio@2.3.8: This package has been deprecated. Please use @heroui/radio instead.
1712 http fetch GET 200 https://registry.npmjs.org/@nextui-org/divider/-/divider-2.2.5.tgz 15146ms (cache miss)
1713 http fetch GET 200 https://registry.npmjs.org/@babel/helper-validator-identifier/-/helper-validator-identifier-7.25.9.tgz 15113ms (cache miss)
1714 http fetch GET 200 https://registry.npmjs.org/strip-ansi/-/strip-ansi-6.0.1.tgz 15177ms (cache miss)
1715 http fetch GET 200 https://registry.npmjs.org/@alloc/quick-lru/-/quick-lru-5.2.0.tgz 15222ms (cache miss)
1716 http fetch GET 200 https://registry.npmjs.org/neo-async/-/neo-async-2.6.2.tgz 15943ms (cache miss)
1717 warn deprecated @nextui-org/divider@2.2.5: This package has been deprecated. Please use @heroui/divider instead.
1718 http fetch GET 200 https://registry.npmjs.org/@nextui-org/code/-/code-2.2.6.tgz 15410ms (cache miss)
1719 http fetch GET 200 https://registry.npmjs.org/@formatjs/icu-skeleton-parser/-/icu-skeleton-parser-1.8.13.tgz 15383ms (cache miss)
1720 http fetch GET 200 https://registry.npmjs.org/emoji-regex/-/emoji-regex-8.0.0.tgz 15354ms (cache miss)
1721 http fetch GET 200 https://registry.npmjs.org/@babel/helper-module-imports/-/helper-module-imports-7.25.9.tgz 15355ms (cache miss)
1722 warn deprecated @nextui-org/chip@2.2.6: This package has been deprecated. Please use @heroui/chip instead.
1723 http fetch GET 200 https://registry.npmjs.org/deepmerge/-/deepmerge-4.3.1.tgz 15401ms (cache miss)
1724 http fetch GET 200 https://registry.npmjs.org/json-schema-traverse/-/json-schema-traverse-1.0.0.tgz 15401ms (cache miss)
1725 warn deprecated @nextui-org/code@2.2.6: This package has been deprecated. Please use @heroui/code instead.
1726 http fetch GET 200 https://registry.npmjs.org/@babel/helper-string-parser/-/helper-string-parser-7.25.9.tgz 15456ms (cache miss)
1727 http fetch GET 200 https://registry.npmjs.org/string-width/-/string-width-4.2.3.tgz 15491ms (cache miss)
1728 http fetch GET 200 https://registry.npmjs.org/ansi-regex/-/ansi-regex-5.0.1.tgz 15491ms (cache miss)
1729 http fetch GET 200 https://registry.npmjs.org/@babel/code-frame/-/code-frame-7.26.2.tgz 15534ms (cache miss)
1730 http fetch GET 200 https://registry.npmjs.org/emoji-regex/-/emoji-regex-8.0.0.tgz 15517ms (cache miss)
1731 http fetch GET 200 https://registry.npmjs.org/json-schema-traverse/-/json-schema-traverse-1.0.0.tgz 15558ms (cache miss)
1732 warn deprecated @nextui-org/pagination@2.2.8: This package has been deprecated. Please use @heroui/pagination instead.
1733 http fetch GET 200 https://registry.npmjs.org/@nextui-org/input-otp/-/input-otp-2.1.8.tgz 15686ms (cache miss)
1734 http fetch GET 200 https://registry.npmjs.org/strip-ansi/-/strip-ansi-6.0.1.tgz 15604ms (cache miss)
1735 http fetch GET 200 https://registry.npmjs.org/ansi-regex/-/ansi-regex-5.0.1.tgz 15649ms (cache miss)
1736 http fetch GET 200 https://registry.npmjs.org/ansi-regex/-/ansi-regex-5.0.1.tgz 15647ms (cache miss)
1737 http fetch GET 200 https://registry.npmjs.org/arg/-/arg-4.1.3.tgz 15662ms (cache miss)
1738 http fetch GET 200 https://registry.npmjs.org/react-is/-/react-is-17.0.2.tgz 15704ms (cache miss)
1739 http fetch GET 200 https://registry.npmjs.org/ansi-styles/-/ansi-styles-4.3.0.tgz 15724ms (cache miss)
1740 http fetch GET 200 https://registry.npmjs.org/minimatch/-/minimatch-3.1.2.tgz 15707ms (cache miss)
1741 http fetch GET 200 https://registry.npmjs.org/memoize-one/-/memoize-one-5.2.1.tgz 15703ms (cache miss)
1742 http fetch GET 200 https://registry.npmjs.org/brace-expansion/-/brace-expansion-1.1.12.tgz 15706ms (cache miss)
1743 http fetch GET 200 https://registry.npmjs.org/@jridgewell/sourcemap-codec/-/sourcemap-codec-1.5.0.tgz 15826ms (cache miss)
1744 warn deprecated @nextui-org/input-otp@2.1.8: This package has been deprecated. Please use @heroui/input-otp instead.
1745 http fetch GET 200 https://registry.npmjs.org/clsx/-/clsx-2.1.1.tgz 15769ms (cache miss)
1746 http fetch GET 200 https://registry.npmjs.org/classnames/-/classnames-2.5.1.tgz 15768ms (cache miss)
1747 http fetch GET 200 https://registry.npmjs.org/@jridgewell/source-map/-/source-map-0.3.6.tgz 15890ms (cache miss)
1748 http fetch GET 200 https://registry.npmjs.org/react-is/-/react-is-18.3.1.tgz 15830ms (cache miss)
1749 http fetch GET 200 https://registry.npmjs.org/debug/-/debug-4.3.7.tgz 15870ms (cache miss)
1750 http fetch GET 200 https://registry.npmjs.org/debug/-/debug-4.3.7.tgz 15856ms (cache miss)
1751 http fetch GET 200 https://registry.npmjs.org/json-schema-traverse/-/json-schema-traverse-1.0.0.tgz 15904ms (cache miss)
1752 http fetch GET 200 https://registry.npmjs.org/regenerator-runtime/-/regenerator-runtime-0.13.11.tgz 15904ms (cache miss)
1753 http fetch GET 200 https://registry.npmjs.org/clsx/-/clsx-2.1.1.tgz 15944ms (cache miss)
1754 http fetch GET 200 https://registry.npmjs.org/clsx/-/clsx-2.1.1.tgz 15942ms (cache miss)
1755 http fetch GET 200 https://registry.npmjs.org/clsx/-/clsx-2.1.1.tgz 15947ms (cache miss)
1756 http fetch GET 200 https://registry.npmjs.org/clsx/-/clsx-2.1.1.tgz 15944ms (cache miss)
1757 http fetch GET 200 https://registry.npmjs.org/clsx/-/clsx-2.1.1.tgz 15947ms (cache miss)
1758 warn deprecated @nextui-org/badge@2.2.5: This package has been deprecated. Please use @heroui/badge instead.
1759 http fetch GET 200 https://registry.npmjs.org/@react-aria/selection/-/selection-3.21.0.tgz 16143ms (cache miss)
1760 http fetch GET 200 https://registry.npmjs.org/is-arrayish/-/is-arrayish-0.3.2.tgz 15994ms (cache miss)
1761 http fetch GET 200 https://registry.npmjs.org/glob-parent/-/glob-parent-5.1.2.tgz 15981ms (cache miss)
1762 http fetch GET 200 https://registry.npmjs.org/commander/-/commander-2.20.3.tgz 16042ms (cache miss)
1763 http fetch GET 200 https://registry.npmjs.org/@floating-ui/react-dom/-/react-dom-2.1.2.tgz 16036ms (cache miss)
1764 http fetch GET 200 https://registry.npmjs.org/glob-parent/-/glob-parent-5.1.2.tgz 16058ms (cache miss)
1765 http fetch GET 200 https://registry.npmjs.org/glob/-/glob-7.2.3.tgz 16169ms (cache miss)
1766 warn deprecated @nextui-org/alert@2.2.9: This package has been deprecated. Please use @heroui/alert instead.
1767 http fetch GET 200 https://registry.npmjs.org/ts-node/-/ts-node-10.9.2.tgz 17006ms (cache miss)
1768 warn deprecated glob@7.2.3: Glob versions prior to v9 are no longer supported
1769 http fetch GET 200 https://registry.npmjs.org/debug/-/debug-4.3.7.tgz 16255ms (cache miss)
1770 http fetch GET 200 https://registry.npmjs.org/clsx/-/clsx-2.1.1.tgz 16220ms (cache miss)
1771 http fetch GET 200 https://registry.npmjs.org/clsx/-/clsx-2.1.1.tgz 16220ms (cache miss)
1772 http fetch GET 200 https://registry.npmjs.org/html2pdf.js/-/html2pdf.js-0.10.3.tgz 16798ms (cache miss)
1773 http fetch GET 200 https://registry.npmjs.org/@react-types/overlays/-/overlays-3.8.12.tgz 16301ms (cache miss)
1774 http fetch GET 200 https://registry.npmjs.org/estraverse/-/estraverse-5.3.0.tgz 16351ms (cache miss)
1775 http fetch GET 200 https://registry.npmjs.org/@react-stately/overlays/-/overlays-3.6.13.tgz 16341ms (cache miss)
1776 warn deprecated @nextui-org/autocomplete@2.3.9: This package has been deprecated. Please use @heroui/autocomplete instead.
1777 http fetch GET 200 https://registry.npmjs.org/@fullcalendar/daygrid/-/daygrid-6.1.15.tgz 16561ms (cache miss)
1778 http fetch GET 200 https://registry.npmjs.org/clsx/-/clsx-2.1.1.tgz 16464ms (cache miss)
1779 http fetch GET 200 https://registry.npmjs.org/clsx/-/clsx-2.1.1.tgz 16464ms (cache miss)
1780 http fetch GET 200 https://registry.npmjs.org/@react-types/select/-/select-3.9.9.tgz 16482ms (cache miss)
1781 http fetch GET 200 https://registry.npmjs.org/react-big-calendar/-/react-big-calendar-1.18.0.tgz 17227ms (cache miss)
1782 http fetch GET 200 https://registry.npmjs.org/@cspotcode/source-map-support/-/source-map-support-0.8.1.tgz 16598ms (cache miss)
1783 http fetch GET 200 https://registry.npmjs.org/@react-types/checkbox/-/checkbox-3.9.1.tgz 16542ms (cache miss)
1784 http fetch GET 200 https://registry.npmjs.org/@react-stately/toggle/-/toggle-3.8.1.tgz 16542ms (cache miss)
1785 http fetch GET 200 https://registry.npmjs.org/@react-aria/focus/-/focus-3.19.0.tgz 16757ms (cache miss)
1786 http fetch GET 200 https://registry.npmjs.org/@react-types/overlays/-/overlays-3.8.12.tgz 16589ms (cache miss)
1787 http fetch GET 200 https://registry.npmjs.org/@react-types/grid/-/grid-3.2.11.tgz 16573ms (cache miss)
1788 http fetch GET 200 https://registry.npmjs.org/@floating-ui/dom/-/dom-1.6.13.tgz 16698ms (cache miss)
1789 http fetch GET 200 https://registry.npmjs.org/clsx/-/clsx-2.1.1.tgz 16606ms (cache miss)
1790 http fetch GET 200 https://registry.npmjs.org/clsx/-/clsx-2.1.1.tgz 16604ms (cache miss)
1791 http fetch GET 200 https://registry.npmjs.org/css-select/-/css-select-5.2.2.tgz 17113ms (cache miss)
1792 http fetch GET 200 https://registry.npmjs.org/@react-types/checkbox/-/checkbox-3.9.1.tgz 16675ms (cache miss)
1793 http fetch GET 200 https://registry.npmjs.org/@react-types/checkbox/-/checkbox-3.9.1.tgz 16666ms (cache miss)
1794 http fetch GET 200 https://registry.npmjs.org/@react-types/grid/-/grid-3.2.11.tgz 16718ms (cache miss)
1795 http fetch GET 200 https://registry.npmjs.org/@floating-ui/core/-/core-1.6.9.tgz 16830ms (cache miss)
1796 http fetch GET 200 https://registry.npmjs.org/commander/-/commander-7.2.0.tgz 16795ms (cache miss)
1797 http fetch GET 200 https://registry.npmjs.org/deepmerge/-/deepmerge-4.3.1.tgz 16726ms (cache miss)
1798 http fetch GET 200 https://registry.npmjs.org/pdfjs-dist 15869ms (cache revalidated)
1799 silly packumentCache corgi:https://registry.npmjs.org/pdfjs-dist set size:840162 disposed:false
1800 warn deprecated @nextui-org/dropdown@2.3.9: This package has been deprecated. Please use @heroui/dropdown instead.
1801 http fetch GET 200 https://registry.npmjs.org/@babel%2fruntime 15937ms (cache revalidated)
1802 silly packumentCache corgi:https://registry.npmjs.org/@babel%2fruntime set size:225384 disposed:false
1803 http fetch GET 200 https://registry.npmjs.org/@remix-run%2frouter 15942ms (cache revalidated)
1804 silly packumentCache corgi:https://registry.npmjs.org/@remix-run%2frouter set size:213643 disposed:false
1805 http fetch GET 200 https://registry.npmjs.org/diff 15939ms (cache revalidated)
1806 silly packumentCache corgi:https://registry.npmjs.org/diff set size:67741 disposed:false
1807 http fetch GET 200 https://registry.npmjs.org/brace-expansion 15942ms (cache revalidated)
1808 silly packumentCache corgi:https://registry.npmjs.org/brace-expansion set size:26677 disposed:false
1809 http fetch GET 200 https://registry.npmjs.org/canvg 15942ms (cache revalidated)
1810 silly packumentCache corgi:https://registry.npmjs.org/canvg set size:52210 disposed:false
1811 http fetch GET 200 https://registry.npmjs.org/dompurify 15944ms (cache revalidated)
1812 silly packumentCache corgi:https://registry.npmjs.org/dompurify set size:253671 disposed:false
1813 http fetch GET 200 https://registry.npmjs.org/ajv 15976ms (cache revalidated)
1814 silly packumentCache corgi:https://registry.npmjs.org/ajv set size:467559 disposed:false
1815 http fetch GET 200 https://registry.npmjs.org/@react-stately/virtualizer/-/virtualizer-4.2.0.tgz 17150ms (cache miss)
1816 http fetch GET 200 https://registry.npmjs.org/clsx/-/clsx-2.1.1.tgz 16896ms (cache miss)
1817 http fetch GET 200 https://registry.npmjs.org/@react-types/button/-/button-3.10.2.tgz 16922ms (cache miss)
1818 http fetch GET 200 https://registry.npmjs.org/form-data 16006ms (cache revalidated)
1819 silly packumentCache corgi:https://registry.npmjs.org/form-data set size:55002 disposed:false
1820 http fetch GET 200 https://registry.npmjs.org/fast-uri 16011ms (cache revalidated)
1821 silly packumentCache corgi:https://registry.npmjs.org/fast-uri set size:24291 disposed:false
1822 http fetch GET 200 https://registry.npmjs.org/@tanstack/react-virtual/-/react-virtual-3.13.9.tgz 17011ms (cache miss)
1823 http fetch GET 200 https://registry.npmjs.org/html2pdf.js 16121ms (cache revalidated)
1824 silly packumentCache corgi:https://registry.npmjs.org/html2pdf.js set size:24274 disposed:false
1825 http fetch GET 200 https://registry.npmjs.org/follow-redirects 16126ms (cache revalidated)
1826 silly packumentCache corgi:https://registry.npmjs.org/follow-redirects set size:88479 disposed:false
1827 http fetch GET 200 https://registry.npmjs.org/jspdf 16130ms (cache revalidated)
1828 silly packumentCache corgi:https://registry.npmjs.org/jspdf set size:68277 disposed:false
1829 http fetch GET 200 https://registry.npmjs.org/axios 16149ms (cache revalidated)
1830 silly packumentCache corgi:https://registry.npmjs.org/axios set size:297980 disposed:false
1831 http fetch GET 200 https://registry.npmjs.org/minimatch 16158ms (cache revalidated)
1832 silly packumentCache corgi:https://registry.npmjs.org/minimatch set size:168441 disposed:false
1833 http fetch GET 200 https://registry.npmjs.org/glob 16171ms (cache revalidated)
1834 silly packumentCache corgi:https://registry.npmjs.org/glob set size:199194 disposed:false
1835 http fetch GET 200 https://registry.npmjs.org/mongoose 16175ms (cache revalidated)
1836 silly packumentCache corgi:https://registry.npmjs.org/mongoose set size:1632355 disposed:false
1837 http fetch GET 200 https://registry.npmjs.org/lodash-es 16202ms (cache revalidated)
1838 silly packumentCache corgi:https://registry.npmjs.org/lodash-es set size:42655 disposed:false
1839 http fetch GET 200 https://registry.npmjs.org/postcss 16199ms (cache revalidated)
1840 silly packumentCache corgi:https://registry.npmjs.org/postcss set size:345714 disposed:false
1841 http fetch GET 200 https://registry.npmjs.org/next 16264ms (cache revalidated)
1842 silly packumentCache corgi:https://registry.npmjs.org/next set size:25357144 disposed:false
1843 http fetch GET 200 https://registry.npmjs.org/clsx/-/clsx-2.1.1.tgz 19205ms (cache miss)
1844 http fetch GET 200 https://registry.npmjs.org/@emotion/memoize/-/memoize-0.7.4.tgz 19144ms (cache miss)
1845 http fetch GET 200 https://registry.npmjs.org/picomatch 18241ms (cache revalidated)
1846 silly packumentCache corgi:https://registry.npmjs.org/picomatch set size:45123 disposed:false
1847 http fetch GET 200 https://registry.npmjs.org/react-pdf 18238ms (cache revalidated)
1848 silly packumentCache corgi:https://registry.npmjs.org/react-pdf set size:251536 disposed:false
1849 http fetch GET 200 https://registry.npmjs.org/@react-stately/utils/-/utils-3.10.6.tgz 19404ms (cache miss)
1850 http fetch GET 200 https://registry.npmjs.org/lodash 18539ms (cache revalidated)
1851 silly packumentCache corgi:https://registry.npmjs.org/lodash set size:69555 disposed:false
1852 http fetch GET 200 https://registry.npmjs.org/uuid 18530ms (cache revalidated)
1853 silly packumentCache corgi:https://registry.npmjs.org/uuid set size:82973 disposed:false
1854 http fetch GET 200 https://registry.npmjs.org/tar-fs 18541ms (cache revalidated)
1855 silly packumentCache corgi:https://registry.npmjs.org/tar-fs set size:56576 disposed:false
1856 http fetch GET 200 https://registry.npmjs.org/yaml 18554ms (cache revalidated)
1857 silly packumentCache corgi:https://registry.npmjs.org/yaml set size:163878 disposed:false
1858 http fetch GET 200 https://registry.npmjs.org/socket.io-parser 18560ms (cache revalidated)
1859 silly packumentCache corgi:https://registry.npmjs.org/socket.io-parser set size:66292 disposed:false
1860 http fetch GET 200 https://registry.npmjs.org/serialize-javascript 18571ms (cache revalidated)
1861 silly packumentCache corgi:https://registry.npmjs.org/serialize-javascript set size:37694 disposed:false
1862 http fetch GET 200 https://registry.npmjs.org/svgo 18566ms (cache revalidated)
1863 silly packumentCache corgi:https://registry.npmjs.org/svgo set size:138618 disposed:false
1864 http fetch GET 200 https://registry.npmjs.org/react-router 18583ms (cache revalidated)
1865 silly packumentCache corgi:https://registry.npmjs.org/react-router set size:1345004 disposed:false
1866 http fetch GET 200 https://registry.npmjs.org/ws 18670ms (cache revalidated)
1867 silly packumentCache corgi:https://registry.npmjs.org/ws set size:199711 disposed:false
1868 http fetch GET 200 https://registry.npmjs.org/qs 18687ms (cache revalidated)
1869 silly packumentCache corgi:https://registry.npmjs.org/qs set size:148003 disposed:false
1870 http fetch GET 200 https://registry.npmjs.org/webpack 18694ms (cache revalidated)
1871 silly packumentCache corgi:https://registry.npmjs.org/webpack set size:2039929 disposed:false
1872 http fetch GET 200 https://registry.npmjs.org/@floating-ui/react-dom/-/react-dom-2.1.2.tgz 19673ms (cache miss)
1873 http fetch GET 200 https://registry.npmjs.org/@jridgewell/trace-mapping/-/trace-mapping-0.3.25.tgz 19866ms (cache miss)
1874 http fetch GET 200 https://registry.npmjs.org/@floating-ui/react-dom/-/react-dom-1.3.0.tgz 19858ms (cache miss)
1875 http fetch GET 200 https://registry.npmjs.org/@nextui-org/breadcrumbs/-/breadcrumbs-2.2.6.tgz 19905ms (cache miss)
1876 http fetch GET 200 https://registry.npmjs.org/@zag-js%2fcore 18890ms (cache revalidated)
1877 silly packumentCache corgi:https://registry.npmjs.org/@zag-js%2fcore set size:957032 disposed:false
1878 silly packumentCache corgi:https://registry.npmjs.org/@emotion%2fbabel-plugin cache-miss
1879 silly packumentCache corgi:https://registry.npmjs.org/@emotion%2freact cache-miss
1880 silly packumentCache corgi:https://registry.npmjs.org/@emotion%2fstyled cache-miss
1881 silly packumentCache corgi:https://registry.npmjs.org/date-fns cache-miss
1882 silly packumentCache corgi:https://registry.npmjs.org/babel-plugin-macros cache-miss
1883 silly packumentCache corgi:https://registry.npmjs.org/dom-helpers cache-miss
1884 silly packumentCache corgi:https://registry.npmjs.org/dom-lib cache-miss
1885 silly packumentCache corgi:https://registry.npmjs.org/react-big-calendar cache-miss
1886 silly packumentCache corgi:https://registry.npmjs.org/react-overlays cache-miss
1887 silly packumentCache corgi:https://registry.npmjs.org/react-select cache-miss
1888 silly packumentCache corgi:https://registry.npmjs.org/react-textarea-autosize cache-miss
1889 silly packumentCache corgi:https://registry.npmjs.org/react-transition-group cache-miss
1890 silly packumentCache corgi:https://registry.npmjs.org/react-window cache-miss
1891 silly packumentCache corgi:https://registry.npmjs.org/rsuite cache-miss
1892 silly packumentCache corgi:https://registry.npmjs.org/rsuite-table cache-miss
1893 silly packumentCache corgi:https://registry.npmjs.org/uncontrollable cache-miss
1894 warn deprecated @nextui-org/breadcrumbs@2.2.6: This package has been deprecated. Please use @heroui/breadcrumbs instead.
1895 http fetch GET 200 https://registry.npmjs.org/@nextui-org/popover/-/popover-2.3.9.tgz 20136ms (cache miss)
1896 warn deprecated @nextui-org/button@2.2.9: This package has been deprecated. Please use @heroui/button instead.
1897 warn deprecated @nextui-org/popover@2.3.9: This package has been deprecated. Please use @heroui/popover instead.
1898 http fetch GET 200 https://registry.npmjs.org/@floating-ui/dom/-/dom-1.6.12.tgz 20112ms (cache miss)
1899 http fetch GET 200 https://registry.npmjs.org/axios/-/axios-1.8.1.tgz 20595ms (cache miss)
1900 http fetch GET 200 https://registry.npmjs.org/@react-stately/table/-/table-3.13.0.tgz 20480ms (cache miss)
1901 warn deprecated @nextui-org/checkbox@2.3.8: This package has been deprecated. Please use @heroui/checkbox instead.
1902 http fetch GET 200 https://registry.npmjs.org/@internationalized/number/-/number-3.6.0.tgz 20411ms (cache miss)
1903 warn deprecated @nextui-org/modal@2.2.7: This package has been deprecated. Please use @heroui/modal instead.
1904 http fetch GET 200 https://registry.npmjs.org/@types/node/-/node-20.17.19.tgz 20638ms (cache miss)
1905 warn deprecated @nextui-org/card@2.2.9: This package has been deprecated. Please use @heroui/card instead.
1906 http fetch GET 200 https://registry.npmjs.org/babel-plugin-macros 562ms (cache revalidated)
1907 silly packumentCache corgi:https://registry.npmjs.org/babel-plugin-macros set size:48216 disposed:false
1908 http fetch GET 200 https://registry.npmjs.org/date-fns 566ms (cache revalidated)
1909 silly packumentCache corgi:https://registry.npmjs.org/date-fns set size:399066 disposed:false
1910 http fetch GET 200 https://registry.npmjs.org/@emotion%2fbabel-plugin 577ms (cache revalidated)
1911 silly packumentCache corgi:https://registry.npmjs.org/@emotion%2fbabel-plugin set size:44116 disposed:false
1912 http fetch GET 200 https://registry.npmjs.org/dom-helpers 574ms (cache revalidated)
1913 silly packumentCache corgi:https://registry.npmjs.org/dom-helpers set size:35093 disposed:false
1914 http fetch GET 200 https://registry.npmjs.org/@emotion%2freact 580ms (cache revalidated)
1915 silly packumentCache corgi:https://registry.npmjs.org/@emotion%2freact set size:78830 disposed:false
1916 http fetch GET 200 https://registry.npmjs.org/react-select 575ms (cache revalidated)
1917 silly packumentCache corgi:https://registry.npmjs.org/react-select set size:296763 disposed:false
1918 http fetch GET 200 https://registry.npmjs.org/@emotion%2fstyled 589ms (cache revalidated)
1919 silly packumentCache corgi:https://registry.npmjs.org/@emotion%2fstyled set size:153334 disposed:false
1920 http fetch GET 200 https://registry.npmjs.org/react-textarea-autosize 585ms (cache revalidated)
1921 silly packumentCache corgi:https://registry.npmjs.org/react-textarea-autosize set size:136910 disposed:false
1922 http fetch GET 200 https://registry.npmjs.org/react-window 592ms (cache revalidated)
1923 silly packumentCache corgi:https://registry.npmjs.org/react-window set size:179492 disposed:false
1924 http fetch GET 200 https://registry.npmjs.org/react-overlays 619ms (cache revalidated)
1925 silly packumentCache corgi:https://registry.npmjs.org/react-overlays set size:169361 disposed:false
1926 http fetch GET 200 https://registry.npmjs.org/react-big-calendar 627ms (cache revalidated)
1927 silly packumentCache corgi:https://registry.npmjs.org/react-big-calendar set size:576727 disposed:false
1928 http fetch GET 200 https://registry.npmjs.org/@babel/template/-/template-7.26.9.tgz 20541ms (cache miss)
1929 http fetch GET 200 https://registry.npmjs.org/@nextui-org/menu/-/menu-2.2.9.tgz 20634ms (cache miss)
1930 http fetch GET 200 https://registry.npmjs.org/react-transition-group 678ms (cache revalidated)
1931 silly packumentCache corgi:https://registry.npmjs.org/react-transition-group set size:56614 disposed:false
1932 warn deprecated @nextui-org/menu@2.2.9: This package has been deprecated. Please use @heroui/menu instead.
1933 http fetch GET 200 https://registry.npmjs.org/@nextui-org/date-picker/-/date-picker-2.3.9.tgz 20696ms (cache miss)
1934 http fetch GET 200 https://registry.npmjs.org/@nextui-org/accordion/-/accordion-2.2.7.tgz 20705ms (cache miss)
1935 warn deprecated @nextui-org/date-picker@2.3.9: This package has been deprecated. Please use @heroui/date-picker instead.
1936 http fetch GET 200 https://registry.npmjs.org/@react-types/shared/-/shared-3.27.0.tgz 20648ms (cache miss)
1937 warn deprecated @nextui-org/accordion@2.2.7: This package has been deprecated. Please use @heroui/accordion instead.
1938 http fetch GET 200 https://registry.npmjs.org/@react-types/shared/-/shared-3.27.0.tgz 20673ms (cache miss)
1939 warn deprecated @nextui-org/avatar@2.2.6: This package has been deprecated. Please use @heroui/avatar instead.
1940 http fetch GET 200 https://registry.npmjs.org/@react-types/shared/-/shared-3.27.0.tgz 20693ms (cache miss)
1941 http fetch GET 200 https://registry.npmjs.org/@react-types/shared/-/shared-3.27.0.tgz 20709ms (cache miss)
1942 http fetch GET 200 https://registry.npmjs.org/@nextui-org/date-input/-/date-input-2.3.8.tgz 20843ms (cache miss)
1943 http fetch GET 200 https://registry.npmjs.org/@react-types/shared/-/shared-3.27.0.tgz 20739ms (cache miss)
1944 http fetch GET 200 https://registry.npmjs.org/dom-lib 922ms (cache revalidated)
1945 silly packumentCache corgi:https://registry.npmjs.org/dom-lib set size:105202 disposed:false
1946 http fetch GET 200 https://registry.npmjs.org/uncontrollable 919ms (cache revalidated)
1947 silly packumentCache corgi:https://registry.npmjs.org/uncontrollable set size:53994 disposed:false
1948 http fetch GET 200 https://registry.npmjs.org/rsuite-table 927ms (cache revalidated)
1949 silly packumentCache corgi:https://registry.npmjs.org/rsuite-table set size:704915 disposed:false
1950 http fetch GET 200 https://registry.npmjs.org/rsuite 940ms (cache revalidated)
1951 silly packumentCache corgi:https://registry.npmjs.org/rsuite set size:1112234 disposed:false
1952 silly packumentCache corgi:https://registry.npmjs.org/react-router-dom cache-miss
1953 http fetch GET 200 https://registry.npmjs.org/@react-stately/form/-/form-3.1.1.tgz 20805ms (cache miss)
1954 warn deprecated @nextui-org/date-input@2.3.8: This package has been deprecated. Please use @heroui/date-input instead.
1955 http fetch GET 200 https://registry.npmjs.org/@react-types/shared/-/shared-3.27.0.tgz 20837ms (cache miss)
1956 http fetch GET 200 https://registry.npmjs.org/schema-utils/-/schema-utils-4.3.0.tgz 20904ms (cache miss)
1957 http fetch GET 200 https://registry.npmjs.org/@react-types/shared/-/shared-3.27.0.tgz 20847ms (cache miss)
1958 http fetch GET 200 https://registry.npmjs.org/@react-types/shared/-/shared-3.27.0.tgz 20846ms (cache miss)
1959 http fetch GET 200 https://registry.npmjs.org/@react-aria/toggle/-/toggle-3.10.11.tgz 20827ms (cache miss)
1960 http fetch GET 200 https://registry.npmjs.org/@react-aria/toggle/-/toggle-3.10.11.tgz 20852ms (cache miss)
1961 http fetch GET 200 https://registry.npmjs.org/@react-types/shared/-/shared-3.27.0.tgz 20863ms (cache miss)
1962 http fetch GET 200 https://registry.npmjs.org/@react-types/shared/-/shared-3.27.0.tgz 20889ms (cache miss)
1963 http fetch GET 200 https://registry.npmjs.org/schema-utils/-/schema-utils-4.3.0.tgz 20952ms (cache miss)
1964 http fetch GET 200 https://registry.npmjs.org/@nextui-org/listbox/-/listbox-2.3.9.tgz 21057ms (cache miss)
1965 http fetch GET 200 https://registry.npmjs.org/@emotion/babel-plugin/-/babel-plugin-11.13.5.tgz 20991ms (cache miss)
1966 http fetch GET 200 https://registry.npmjs.org/@jridgewell/trace-mapping/-/trace-mapping-0.3.9.tgz 20915ms (cache miss)
1967 http fetch GET 200 https://registry.npmjs.org/@emotion/is-prop-valid/-/is-prop-valid-0.8.8.tgz 20936ms (cache miss)
1968 http fetch GET 200 https://registry.npmjs.org/@react-aria/ssr/-/ssr-3.9.8.tgz 20936ms (cache miss)
1969 http fetch GET 200 https://registry.npmjs.org/@react-types/shared/-/shared-3.27.0.tgz 20958ms (cache miss)
1970 warn deprecated @nextui-org/listbox@2.3.9: This package has been deprecated. Please use @heroui/listbox instead.
1971 http fetch GET 200 https://registry.npmjs.org/engine.io-client/-/engine.io-client-6.6.3.tgz 21490ms (cache miss)
1972 http fetch GET 200 https://registry.npmjs.org/@nextui-org/shared-utils/-/shared-utils-2.1.2.tgz 21259ms (cache miss)
1973 http fetch GET 200 https://registry.npmjs.org/@jitsi/react-sdk/-/react-sdk-1.4.4.tgz 21219ms (cache miss)
1974 http fetch GET 200 https://registry.npmjs.org/@react-types/shared/-/shared-3.29.1.tgz 21131ms (cache miss)
1975 http fetch GET 200 https://registry.npmjs.org/@nextui-org/navbar/-/navbar-2.2.8.tgz 21368ms (cache miss)
1976 http fetch GET 200 https://registry.npmjs.org/@react-aria/i18n/-/i18n-3.12.4.tgz 21420ms (cache miss)
1977 http fetch GET 200 https://registry.npmjs.org/popmotion/-/popmotion-11.0.3.tgz 21923ms (cache miss)
1978 http fetch GET 200 https://registry.npmjs.org/@tanstack/virtual-core/-/virtual-core-3.13.9.tgz 21259ms (cache miss)
1979 warn deprecated @nextui-org/navbar@2.2.8: This package has been deprecated. Please use @heroui/navbar instead.
1980 http fetch GET 200 https://registry.npmjs.org/react-router-dom 626ms (cache revalidated)
1981 silly packumentCache corgi:https://registry.npmjs.org/react-router-dom set size:1061588 disposed:false
1982 silly packumentCache corgi:https://registry.npmjs.org/@types%2freact-pdf cache-miss
1983 http fetch GET 200 https://registry.npmjs.org/@react-stately/toggle/-/toggle-3.8.1.tgz 21435ms (cache miss)
1984 http fetch GET 200 https://registry.npmjs.org/react/-/react-18.2.0.tgz 21542ms (cache miss)
1985 http fetch GET 200 https://registry.npmjs.org/preact/-/preact-10.12.1.tgz 22273ms (cache miss)
1986 http fetch GET 200 https://registry.npmjs.org/@floating-ui/react/-/react-0.27.5.tgz 21728ms (cache miss)
1987 http fetch GET 200 https://registry.npmjs.org/schema-typed/-/schema-typed-2.3.0.tgz 22466ms (cache miss)
1988 http fetch GET 200 https://registry.npmjs.org/react-select/-/react-select-5.10.0.tgz 22469ms (cache miss)
1989 http fetch GET 200 https://registry.npmjs.org/source-map/-/source-map-0.6.1.tgz 21811ms (cache miss)
1990 http fetch GET 200 https://registry.npmjs.org/@react-stately/list/-/list-3.11.2.tgz 21787ms (cache miss)
1991 http fetch GET 200 https://registry.npmjs.org/@types%2freact-pdf 387ms (cache revalidated)
1992 silly packumentCache corgi:https://registry.npmjs.org/@types%2freact-pdf set size:33130 disposed:false
1993 silly packumentCache corgi:https://registry.npmjs.org/@ark-ui%2freact cache-miss
1994 silly packumentCache corgi:https://registry.npmjs.org/@zag-js%2faccordion cache-miss
1995 silly packumentCache corgi:https://registry.npmjs.org/@zag-js%2favatar cache-miss
1996 silly packumentCache corgi:https://registry.npmjs.org/@zag-js%2fcarousel cache-miss
1997 silly packumentCache corgi:https://registry.npmjs.org/@zag-js%2fcheckbox cache-miss
1998 silly packumentCache corgi:https://registry.npmjs.org/@zag-js%2fclipboard cache-miss
1999 silly packumentCache corgi:https://registry.npmjs.org/@zag-js%2fcollapsible cache-miss
2000 silly packumentCache corgi:https://registry.npmjs.org/@zag-js%2fcolor-picker cache-miss
2001 silly packumentCache corgi:https://registry.npmjs.org/@zag-js%2fcombobox cache-miss
2002 silly packumentCache corgi:https://registry.npmjs.org/@zag-js%2fdate-picker cache-miss
2003 silly packumentCache corgi:https://registry.npmjs.org/@zag-js%2fdialog cache-miss
2004 silly packumentCache corgi:https://registry.npmjs.org/@zag-js%2feditable cache-miss
2005 silly packumentCache corgi:https://registry.npmjs.org/@zag-js%2ffile-upload cache-miss
2006 silly packumentCache corgi:https://registry.npmjs.org/@zag-js%2fhover-card cache-miss
2007 silly packumentCache corgi:https://registry.npmjs.org/@zag-js%2fmenu cache-miss
2008 silly packumentCache corgi:https://registry.npmjs.org/@zag-js%2fnumber-input cache-miss
2009 silly packumentCache corgi:https://registry.npmjs.org/@zag-js%2fpagination cache-miss
2010 silly packumentCache corgi:https://registry.npmjs.org/@zag-js%2fpin-input cache-miss
2011 silly packumentCache corgi:https://registry.npmjs.org/@zag-js%2fpopover cache-miss
2012 silly packumentCache corgi:https://registry.npmjs.org/@zag-js%2fpresence cache-miss
2013 silly packumentCache corgi:https://registry.npmjs.org/@zag-js%2fprogress cache-miss
2014 silly packumentCache corgi:https://registry.npmjs.org/@zag-js%2fqr-code cache-miss
2015 silly packumentCache corgi:https://registry.npmjs.org/@zag-js%2fradio-group cache-miss
2016 silly packumentCache corgi:https://registry.npmjs.org/@zag-js%2frating-group cache-miss
2017 silly packumentCache corgi:https://registry.npmjs.org/@zag-js%2freact cache-miss
2018 silly packumentCache corgi:https://registry.npmjs.org/@zag-js%2fselect cache-miss
2019 silly packumentCache corgi:https://registry.npmjs.org/@zag-js%2fsignature-pad cache-miss
2020 silly packumentCache corgi:https://registry.npmjs.org/@zag-js%2fslider cache-miss
2021 silly packumentCache corgi:https://registry.npmjs.org/@zag-js%2fsplitter cache-miss
2022 silly packumentCache corgi:https://registry.npmjs.org/@zag-js%2fsteps cache-miss
2023 silly packumentCache corgi:https://registry.npmjs.org/@zag-js%2fswitch cache-miss
2024 silly packumentCache corgi:https://registry.npmjs.org/@zag-js%2ftabs cache-miss
2025 silly packumentCache corgi:https://registry.npmjs.org/@zag-js%2ftags-input cache-miss
2026 silly packumentCache corgi:https://registry.npmjs.org/@zag-js%2ftime-picker cache-miss
2027 silly packumentCache corgi:https://registry.npmjs.org/@zag-js%2ftimer cache-miss
2028 silly packumentCache corgi:https://registry.npmjs.org/@zag-js%2ftoast cache-miss
2029 silly packumentCache corgi:https://registry.npmjs.org/@zag-js%2ftoggle-group cache-miss
2030 silly packumentCache corgi:https://registry.npmjs.org/@zag-js%2ftooltip cache-miss
2031 silly packumentCache corgi:https://registry.npmjs.org/@zag-js%2ftour cache-miss
2032 silly packumentCache corgi:https://registry.npmjs.org/@zag-js%2ftree-view cache-miss
2033 http fetch GET 200 https://registry.npmjs.org/mdn-data/-/mdn-data-2.0.28.tgz 21943ms (cache miss)
2034 http fetch GET 200 https://registry.npmjs.org/@nextui-org/table/-/table-2.2.8.tgz 22347ms (cache miss)
2035 http fetch GET 200 https://registry.npmjs.org/@emotion/cache/-/cache-11.14.0.tgz 22271ms (cache miss)
2036 http fetch GET 200 https://registry.npmjs.org/@floating-ui/react/-/react-0.26.28.tgz 22218ms (cache miss)
2037 warn deprecated @nextui-org/table@2.2.8: This package has been deprecated. Please use @heroui/table instead.
2038 http fetch GET 200 https://registry.npmjs.org/@babel/parser/-/parser-7.26.9.tgz 22446ms (cache miss)
2039 http fetch GET 200 https://registry.npmjs.org/@mongodb-js/saslprep/-/saslprep-1.2.0.tgz 22520ms (cache miss)
2040 http fetch GET 200 https://registry.npmjs.org/@formatjs/icu-messageformat-parser/-/icu-messageformat-parser-2.11.1.tgz 22558ms (cache miss)
2041 http fetch GET 200 https://registry.npmjs.org/react-calendar/-/react-calendar-5.1.0.tgz 23217ms (cache miss)
2042 http fetch GET 200 https://registry.npmjs.org/tailwind-merge/-/tailwind-merge-2.6.0.tgz 22625ms (cache miss)
2043 http fetch GET 200 https://registry.npmjs.org/@juggle/resize-observer/-/resize-observer-3.4.0.tgz 22873ms (cache miss)
2044 http fetch GET 200 https://registry.npmjs.org/@zag-js%2fclipboard 1084ms (cache revalidated)
2045 silly packumentCache corgi:https://registry.npmjs.org/@zag-js%2fclipboard set size:355252 disposed:false
2046 http fetch GET 200 https://registry.npmjs.org/@zag-js%2fcollapsible 1111ms (cache revalidated)
2047 silly packumentCache corgi:https://registry.npmjs.org/@zag-js%2fcollapsible set size:349230 disposed:false
2048 http fetch GET 200 https://registry.npmjs.org/@zag-js%2ffile-upload 1123ms (cache revalidated)
2049 silly packumentCache corgi:https://registry.npmjs.org/@zag-js%2ffile-upload set size:632701 disposed:false
2050 http fetch GET 200 https://registry.npmjs.org/@zag-js%2fmenu 1164ms (cache revalidated)
2051 silly packumentCache corgi:https://registry.npmjs.org/@zag-js%2fmenu set size:1478285 disposed:false
2052 http fetch GET 200 https://registry.npmjs.org/@zag-js%2fhover-card 1217ms (cache revalidated)
2053 silly packumentCache corgi:https://registry.npmjs.org/@zag-js%2fhover-card set size:1093238 disposed:false
2054 http fetch GET 200 https://registry.npmjs.org/@zag-js%2feditable 1262ms (cache revalidated)
2055 silly packumentCache corgi:https://registry.npmjs.org/@zag-js%2feditable set size:1414811 disposed:false
2056 http fetch GET 200 https://registry.npmjs.org/@ark-ui%2freact 1318ms (cache revalidated)
2057 silly packumentCache corgi:https://registry.npmjs.org/@ark-ui%2freact set size:1776222 disposed:false
2058 http fetch GET 200 https://registry.npmjs.org/@zag-js%2fdialog 1345ms (cache revalidated)
2059 silly packumentCache corgi:https://registry.npmjs.org/@zag-js%2fdialog set size:1405094 disposed:false
2060 http fetch GET 200 https://registry.npmjs.org/@zag-js%2fcolor-picker 1388ms (cache revalidated)
2061 silly packumentCache corgi:https://registry.npmjs.org/@zag-js%2fcolor-picker set size:898587 disposed:false
2062 http fetch GET 200 https://registry.npmjs.org/@zag-js%2fcheckbox 1417ms (cache revalidated)
2063 silly packumentCache corgi:https://registry.npmjs.org/@zag-js%2fcheckbox set size:1218098 disposed:false
2064 http fetch GET 200 https://registry.npmjs.org/@zag-js%2favatar 1461ms (cache revalidated)
2065 silly packumentCache corgi:https://registry.npmjs.org/@zag-js%2favatar set size:646927 disposed:false
2066 http fetch GET 200 https://registry.npmjs.org/@zag-js%2fcarousel 1490ms (cache revalidated)
2067 silly packumentCache corgi:https://registry.npmjs.org/@zag-js%2fcarousel set size:750366 disposed:false
2068 http fetch GET 200 https://registry.npmjs.org/@react-stately/collections/-/collections-3.12.1.tgz 23452ms (cache miss)
2069 http fetch GET 200 https://registry.npmjs.org/@zag-js%2fcombobox 1771ms (cache revalidated)
2070 silly packumentCache corgi:https://registry.npmjs.org/@zag-js%2fcombobox set size:1559979 disposed:false
2071 http fetch GET 200 https://registry.npmjs.org/@zag-js%2fdate-picker 1825ms (cache revalidated)
2072 silly packumentCache corgi:https://registry.npmjs.org/@zag-js%2fdate-picker set size:1129233 disposed:false
2073 http fetch GET 200 https://registry.npmjs.org/@babel/generator/-/generator-7.26.9.tgz 23780ms (cache miss)
2074 http fetch GET 200 https://registry.npmjs.org/@zag-js%2fqr-code 1853ms (cache revalidated)
2075 silly packumentCache corgi:https://registry.npmjs.org/@zag-js%2fqr-code set size:181424 disposed:false
2076 http fetch GET 200 https://registry.npmjs.org/@zag-js%2fpagination 1866ms (cache revalidated)
2077 silly packumentCache corgi:https://registry.npmjs.org/@zag-js%2fpagination set size:965432 disposed:false
2078 http fetch GET 200 https://registry.npmjs.org/@zag-js%2faccordion 1917ms (cache revalidated)
2079 silly packumentCache corgi:https://registry.npmjs.org/@zag-js%2faccordion set size:1279782 disposed:false
2080 http fetch GET 200 https://registry.npmjs.org/@zag-js%2fpresence 1924ms (cache revalidated)
2081 silly packumentCache corgi:https://registry.npmjs.org/@zag-js%2fpresence set size:503202 disposed:false
2082 http fetch GET 200 https://registry.npmjs.org/@zag-js%2fradio-group 1936ms (cache revalidated)
2083 silly packumentCache corgi:https://registry.npmjs.org/@zag-js%2fradio-group set size:973435 disposed:false
2084 http fetch GET 200 https://registry.npmjs.org/@zag-js%2frating-group 1955ms (cache revalidated)
2085 silly packumentCache corgi:https://registry.npmjs.org/@zag-js%2frating-group set size:951386 disposed:false
2086 http fetch GET 200 https://registry.npmjs.org/@zag-js%2fpopover 1989ms (cache revalidated)
2087 silly packumentCache corgi:https://registry.npmjs.org/@zag-js%2fpopover set size:1509934 disposed:false
2088 http fetch GET 200 https://registry.npmjs.org/@zag-js%2fnumber-input 2033ms (cache revalidated)
2089 silly packumentCache corgi:https://registry.npmjs.org/@zag-js%2fnumber-input set size:1464262 disposed:false
2090 http fetch GET 200 https://registry.npmjs.org/@zag-js%2freact 2065ms (cache revalidated)
2091 silly packumentCache corgi:https://registry.npmjs.org/@zag-js%2freact set size:1316351 disposed:false
2092 http fetch GET 200 https://registry.npmjs.org/@zag-js%2fpin-input 2103ms (cache revalidated)
2093 silly packumentCache corgi:https://registry.npmjs.org/@zag-js%2fpin-input set size:1400277 disposed:false
2094 http fetch GET 200 https://registry.npmjs.org/@zag-js%2fselect 2123ms (cache revalidated)
2095 silly packumentCache corgi:https://registry.npmjs.org/@zag-js%2fselect set size:1218407 disposed:false
2096 http fetch GET 200 https://registry.npmjs.org/@zag-js%2fsignature-pad 2166ms (cache revalidated)
2097 silly packumentCache corgi:https://registry.npmjs.org/@zag-js%2fsignature-pad set size:285438 disposed:false
2098 http fetch GET 200 https://registry.npmjs.org/@floating-ui/react/-/react-0.19.0.tgz 24147ms (cache miss)
2099 http fetch GET 200 https://registry.npmjs.org/@react-stately/collections/-/collections-3.12.1.tgz 24072ms (cache miss)
2100 http fetch GET 200 https://registry.npmjs.org/@react-stately/collections/-/collections-3.12.1.tgz 24077ms (cache miss)
2101 http fetch GET 200 https://registry.npmjs.org/@zag-js%2fslider 2205ms (cache revalidated)
2102 silly packumentCache corgi:https://registry.npmjs.org/@zag-js%2fslider set size:1431426 disposed:false
2103 http fetch GET 200 https://registry.npmjs.org/@zag-js%2fprogress 2249ms (cache revalidated)
2104 silly packumentCache corgi:https://registry.npmjs.org/@zag-js%2fprogress set size:400012 disposed:false
2105 http fetch GET 200 https://registry.npmjs.org/@react-stately/collections/-/collections-3.12.1.tgz 24157ms (cache miss)
2106 http fetch GET 200 https://registry.npmjs.org/@zag-js%2fsteps 2318ms (cache revalidated)
2107 silly packumentCache corgi:https://registry.npmjs.org/@zag-js%2fsteps set size:123342 disposed:false
2108 http fetch GET 200 https://registry.npmjs.org/@zag-js%2fswitch 2322ms (cache revalidated)
2109 silly packumentCache corgi:https://registry.npmjs.org/@zag-js%2fswitch set size:784460 disposed:false
2110 http fetch GET 200 https://registry.npmjs.org/@zag-js%2ftime-picker 2345ms (cache revalidated)
2111 silly packumentCache corgi:https://registry.npmjs.org/@zag-js%2ftime-picker set size:213386 disposed:false
2112 http fetch GET 200 https://registry.npmjs.org/@zag-js%2ftour 2346ms (cache revalidated)
2113 silly packumentCache corgi:https://registry.npmjs.org/@zag-js%2ftour set size:371023 disposed:false
2114 http fetch GET 200 https://registry.npmjs.org/@zag-js%2ftoggle-group 2357ms (cache revalidated)
2115 silly packumentCache corgi:https://registry.npmjs.org/@zag-js%2ftoggle-group set size:586015 disposed:false
2116 http fetch GET 200 https://registry.npmjs.org/@zag-js%2ftooltip 2369ms (cache revalidated)
2117 silly packumentCache corgi:https://registry.npmjs.org/@zag-js%2ftooltip set size:1363389 disposed:false
2118 http fetch GET 200 https://registry.npmjs.org/@zag-js%2ftags-input 2396ms (cache revalidated)
2119 silly packumentCache corgi:https://registry.npmjs.org/@zag-js%2ftags-input set size:1499150 disposed:false
2120 http fetch GET 200 https://registry.npmjs.org/@zag-js%2ftabs 2431ms (cache revalidated)
2121 silly packumentCache corgi:https://registry.npmjs.org/@zag-js%2ftabs set size:1329399 disposed:false
2122 http fetch GET 200 https://registry.npmjs.org/@zag-js%2ftimer 2451ms (cache revalidated)
2123 silly packumentCache corgi:https://registry.npmjs.org/@zag-js%2ftimer set size:195881 disposed:false
2124 http fetch GET 200 https://registry.npmjs.org/@zag-js%2fsplitter 2466ms (cache revalidated)
2125 silly packumentCache corgi:https://registry.npmjs.org/@zag-js%2fsplitter set size:1342233 disposed:false
2126 http fetch GET 200 https://registry.npmjs.org/@zag-js%2ftoast 2494ms (cache revalidated)
2127 silly packumentCache corgi:https://registry.npmjs.org/@zag-js%2ftoast set size:1296370 disposed:false
2128 http fetch GET 200 https://registry.npmjs.org/@zag-js%2ftree-view 2559ms (cache revalidated)
2129 silly packumentCache corgi:https://registry.npmjs.org/@zag-js%2ftree-view set size:402778 disposed:false
2130 silly packumentCache corgi:https://registry.npmjs.org/ajv-keywords cache-miss
2131 silly packumentCache corgi:https://registry.npmjs.org/schema-utils cache-miss
2132 http fetch GET 200 https://registry.npmjs.org/postcss/-/postcss-8.4.31.tgz 24589ms (cache miss)
2133 http fetch GET 200 https://registry.npmjs.org/@motionone/generators/-/generators-10.18.0.tgz 24749ms (cache miss)
2134 http fetch GET 200 https://registry.npmjs.org/@react-aria/focus/-/focus-3.20.3.tgz 24592ms (cache miss)
2135 http fetch GET 200 https://registry.npmjs.org/uuid/-/uuid-11.1.0.tgz 25561ms (cache miss)
2136 http fetch GET 200 https://registry.npmjs.org/ajv-keywords 287ms (cache revalidated)
2137 silly packumentCache corgi:https://registry.npmjs.org/ajv-keywords set size:53509 disposed:false
2138 http fetch GET 200 https://registry.npmjs.org/schema-utils 299ms (cache revalidated)
2139 silly packumentCache corgi:https://registry.npmjs.org/schema-utils set size:76871 disposed:false
2140 silly packumentCache corgi:https://registry.npmjs.org/ajv-formats cache-miss
2141 http fetch GET 200 https://registry.npmjs.org/@react-aria/focus/-/focus-3.19.1.tgz 24810ms (cache miss)
2142 http fetch GET 200 https://registry.npmjs.org/@react-aria/focus/-/focus-3.19.1.tgz 24830ms (cache miss)
2143 http fetch GET 200 https://registry.npmjs.org/@react-aria/selection/-/selection-3.22.0.tgz 24835ms (cache miss)
2144 http fetch GET 200 https://registry.npmjs.org/@react-aria/focus/-/focus-3.19.1.tgz 24849ms (cache miss)
2145 http fetch GET 200 https://registry.npmjs.org/@react-aria/interactions/-/interactions-3.22.5.tgz 25072ms (cache miss)
2146 http fetch GET 200 https://registry.npmjs.org/@formatjs/intl-localematcher/-/intl-localematcher-0.6.0.tgz 25117ms (cache miss)
2147 http fetch GET 200 https://registry.npmjs.org/web-streams-polyfill/-/web-streams-polyfill-3.3.3.tgz 25929ms (cache miss)
2148 http fetch GET 200 https://registry.npmjs.org/ajv-formats 310ms (cache revalidated)
2149 silly packumentCache corgi:https://registry.npmjs.org/ajv-formats set size:63554 disposed:false
2150 http fetch GET 200 https://registry.npmjs.org/@babel/traverse/-/traverse-7.26.9.tgz 25159ms (cache miss)
2151 http fetch GET 200 https://registry.npmjs.org/@nextui-org/calendar/-/calendar-2.2.9.tgz 25257ms (cache miss)
2152 warn deprecated @nextui-org/calendar@2.2.9: This package has been deprecated. Please use @heroui/calendar instead.
2153 http fetch GET 200 https://registry.npmjs.org/@stripe/stripe-js/-/stripe-js-5.7.0.tgz 25439ms (cache miss)
2154 silly packumentCache corgi:https://registry.npmjs.org/ts-node cache-miss
2155 http fetch GET 200 https://registry.npmjs.org/tailwind-merge/-/tailwind-merge-1.14.0.tgz 25426ms (cache miss)
2156 http fetch GET 200 https://registry.npmjs.org/@emotion/styled/-/styled-11.14.0.tgz 25541ms (cache miss)
2157 http fetch GET 200 https://registry.npmjs.org/ts-node 292ms (cache revalidated)
2158 silly packumentCache corgi:https://registry.npmjs.org/ts-node set size:206364 disposed:false
2159 http fetch GET 200 https://registry.npmjs.org/canvg/-/canvg-3.0.10.tgz 26129ms (cache miss)
2160 http fetch GET 200 https://registry.npmjs.org/@react-aria/i18n/-/i18n-3.12.5.tgz 25841ms (cache miss)
2161 http fetch GET 200 https://registry.npmjs.org/@react-aria/i18n/-/i18n-3.12.5.tgz 25848ms (cache miss)
2162 silly packumentCache corgi:https://registry.npmjs.org/sucrase cache-miss
2163 http fetch GET 200 https://registry.npmjs.org/sucrase 282ms (cache revalidated)
2164 silly packumentCache corgi:https://registry.npmjs.org/sucrase set size:163085 disposed:false
2165 http fetch GET 200 https://registry.npmjs.org/sucrase/-/sucrase-3.35.0.tgz 27206ms (cache miss)
2166 silly packumentCache corgi:https://registry.npmjs.org/recharts cache-miss
2167 silly packumentCache corgi:https://registry.npmjs.org/schema-typed cache-miss
2168 http fetch GET 200 https://registry.npmjs.org/schema-typed 277ms (cache revalidated)
2169 silly packumentCache corgi:https://registry.npmjs.org/schema-typed set size:68929 disposed:false
2170 http fetch GET 200 https://registry.npmjs.org/recharts 285ms (cache revalidated)
2171 silly packumentCache corgi:https://registry.npmjs.org/recharts set size:849386 disposed:false
2172 http fetch GET 200 https://registry.npmjs.org/react-dom/-/react-dom-18.2.0.tgz 27036ms (cache miss)
2173 silly packumentCache corgi:https://registry.npmjs.org/autoprefixer cache-miss
2174 silly packumentCache corgi:https://registry.npmjs.org/postcss-import cache-miss
2175 silly packumentCache corgi:https://registry.npmjs.org/postcss-js cache-miss
2176 silly packumentCache corgi:https://registry.npmjs.org/postcss-load-config cache-miss
2177 silly packumentCache corgi:https://registry.npmjs.org/postcss-nested cache-miss
2178 silly packumentCache corgi:https://registry.npmjs.org/tailwindcss cache-miss
2179 http fetch GET 200 https://registry.npmjs.org/postcss-import 380ms (cache revalidated)
2180 silly packumentCache corgi:https://registry.npmjs.org/postcss-import set size:52251 disposed:false
2181 http fetch GET 200 https://registry.npmjs.org/autoprefixer 386ms (cache revalidated)
2182 silly packumentCache corgi:https://registry.npmjs.org/autoprefixer set size:300887 disposed:false
2183 http fetch GET 200 https://registry.npmjs.org/postcss-load-config 399ms (cache revalidated)
2184 silly packumentCache corgi:https://registry.npmjs.org/postcss-load-config set size:37999 disposed:false
2185 http fetch GET 200 https://registry.npmjs.org/postcss-js 403ms (cache revalidated)
2186 silly packumentCache corgi:https://registry.npmjs.org/postcss-js set size:25314 disposed:false
2187 http fetch GET 200 https://registry.npmjs.org/tailwindcss 419ms (cache revalidated)
2188 silly packumentCache corgi:https://registry.npmjs.org/tailwindcss set size:4763804 disposed:false
2189 http fetch GET 200 https://registry.npmjs.org/postcss-nested 513ms (cache revalidated)
2190 silly packumentCache corgi:https://registry.npmjs.org/postcss-nested set size:41645 disposed:false
2191 silly packumentCache corgi:https://registry.npmjs.org/anymatch cache-miss
2192 silly packumentCache corgi:https://registry.npmjs.org/micromatch cache-miss
2193 silly packumentCache corgi:https://registry.npmjs.org/readdirp cache-miss
2194 http fetch GET 200 https://registry.npmjs.org/@react-aria/interactions/-/interactions-3.23.0.tgz 27884ms (cache miss)
2195 http fetch GET 200 https://registry.npmjs.org/@react-aria/interactions/-/interactions-3.23.0.tgz 27895ms (cache miss)
2196 http fetch GET 200 https://registry.npmjs.org/@react-aria/interactions/-/interactions-3.23.0.tgz 27890ms (cache miss)
2197 http fetch GET 200 https://registry.npmjs.org/anymatch 294ms (cache revalidated)
2198 silly packumentCache corgi:https://registry.npmjs.org/anymatch set size:18345 disposed:false
2199 http fetch GET 200 https://registry.npmjs.org/readdirp 303ms (cache revalidated)
2200 silly packumentCache corgi:https://registry.npmjs.org/readdirp set size:47123 disposed:false
2201 http fetch GET 200 https://registry.npmjs.org/micromatch 306ms (cache revalidated)
2202 silly packumentCache corgi:https://registry.npmjs.org/micromatch set size:71776 disposed:false
2203 silly packumentCache corgi:https://registry.npmjs.org/cosmiconfig cache-miss
2204 http fetch GET 200 https://registry.npmjs.org/@internationalized/date/-/date-3.7.0.tgz 28180ms (cache miss)
2205 http fetch GET 200 https://registry.npmjs.org/dom-lib/-/dom-lib-3.3.2.tgz 28773ms (cache miss)
2206 http fetch GET 200 https://registry.npmjs.org/@react-aria/spinbutton/-/spinbutton-3.6.11.tgz 28510ms (cache miss)
2207 http fetch GET 200 https://registry.npmjs.org/cosmiconfig 236ms (cache revalidated)
2208 silly packumentCache corgi:https://registry.npmjs.org/cosmiconfig set size:86096 disposed:false
2209 http fetch GET 200 https://registry.npmjs.org/@react-aria/interactions/-/interactions-3.25.1.tgz 28440ms (cache miss)
2210 silly packumentCache corgi:https://registry.npmjs.org/stripe cache-miss
2211 http fetch GET 200 https://registry.npmjs.org/@internationalized/date/-/date-3.6.0.tgz 28672ms (cache miss)
2212 http fetch GET 200 https://registry.npmjs.org/@internationalized/date/-/date-3.6.0.tgz 28688ms (cache miss)
2213 http fetch GET 200 https://registry.npmjs.org/@internationalized/date/-/date-3.6.0.tgz 28690ms (cache miss)
2214 http fetch GET 200 https://registry.npmjs.org/@internationalized/date/-/date-3.6.0.tgz 28693ms (cache miss)
2215 http fetch GET 200 https://registry.npmjs.org/stripe 253ms (cache revalidated)
2216 silly packumentCache corgi:https://registry.npmjs.org/stripe set size:1188132 disposed:false
2217 http fetch GET 200 https://registry.npmjs.org/@react-aria/combobox/-/combobox-3.11.0.tgz 29087ms (cache miss)
2218 http fetch GET 200 https://registry.npmjs.org/jspdf/-/jspdf-3.0.0.tgz 29513ms (cache miss)
2219 silly packumentCache corgi:https://registry.npmjs.org/terser-webpack-plugin cache-miss
2220 http fetch GET 200 https://registry.npmjs.org/@react-aria/utils/-/utils-3.26.0.tgz 29170ms (cache miss)
2221 http fetch GET 200 https://registry.npmjs.org/@react-aria/breadcrumbs/-/breadcrumbs-3.5.19.tgz 29186ms (cache miss)
2222 http fetch GET 200 https://registry.npmjs.org/@restart/hooks/-/hooks-0.4.16.tgz 29363ms (cache miss)
2223 http fetch GET 200 https://registry.npmjs.org/terser-webpack-plugin 270ms (cache revalidated)
2224 silly packumentCache corgi:https://registry.npmjs.org/terser-webpack-plugin set size:213564 disposed:false
2225 silly packumentCache corgi:https://registry.npmjs.org/socket.io-client cache-miss
2226 http fetch GET 200 https://registry.npmjs.org/@emotion/react/-/react-11.14.0.tgz 29596ms (cache miss)
2227 http fetch GET 200 https://registry.npmjs.org/ajv-keywords/-/ajv-keywords-5.1.0.tgz 29573ms (cache miss)
2228 http fetch GET 200 https://registry.npmjs.org/ajv-keywords/-/ajv-keywords-5.1.0.tgz 29580ms (cache miss)
2229 http fetch GET 200 https://registry.npmjs.org/socket.io-client 331ms (cache revalidated)
2230 silly packumentCache corgi:https://registry.npmjs.org/socket.io-client set size:195399 disposed:false
2231 silly packumentCache corgi:https://registry.npmjs.org/react-world-flags cache-miss
2232 http fetch GET 200 https://registry.npmjs.org/react-world-flags 241ms (cache revalidated)
2233 silly packumentCache corgi:https://registry.npmjs.org/react-world-flags set size:32279 disposed:false
2234 silly packumentCache corgi:https://registry.npmjs.org/prebuild-install cache-miss
2235 http fetch GET 200 https://registry.npmjs.org/@react-stately/datepicker/-/datepicker-3.11.0.tgz 30042ms (cache miss)
2236 http fetch GET 200 https://registry.npmjs.org/@react-aria/menu/-/menu-3.16.0.tgz 30075ms (cache miss)
2237 http fetch GET 200 https://registry.npmjs.org/prebuild-install 209ms (cache revalidated)
2238 silly packumentCache corgi:https://registry.npmjs.org/prebuild-install set size:82082 disposed:false
2239 silly packumentCache corgi:https://registry.npmjs.org/file-loader cache-miss
2240 http fetch GET 200 https://registry.npmjs.org/@react-aria/datepicker/-/datepicker-3.12.0.tgz 30287ms (cache miss)
2241 http fetch GET 200 https://registry.npmjs.org/@react-aria/calendar/-/calendar-3.6.0.tgz 30391ms (cache miss)
2242 http fetch GET 200 https://registry.npmjs.org/dom-helpers/-/dom-helpers-5.2.1.tgz 30737ms (cache miss)
2243 http fetch GET 200 https://registry.npmjs.org/css-tree/-/css-tree-2.3.1.tgz 30709ms (cache miss)
2244 http fetch GET 200 https://registry.npmjs.org/file-loader 270ms (cache revalidated)
2245 silly packumentCache corgi:https://registry.npmjs.org/file-loader set size:64354 disposed:false
2246 silly packumentCache corgi:https://registry.npmjs.org/engine.io-client cache-miss
2247 http fetch GET 200 https://registry.npmjs.org/@react-aria/table/-/table-3.16.0.tgz 30574ms (cache miss)
2248 http fetch GET 200 https://registry.npmjs.org/rsuite-table/-/rsuite-table-5.19.1.tgz 31185ms (cache miss)
2249 http fetch GET 200 https://registry.npmjs.org/engine.io-client 218ms (cache revalidated)
2250 silly packumentCache corgi:https://registry.npmjs.org/engine.io-client set size:224596 disposed:false
2251 silly packumentCache corgi:https://registry.npmjs.org/tw-elements-react cache-miss
2252 http fetch GET 200 https://registry.npmjs.org/@react-aria/grid/-/grid-3.11.1.tgz 30789ms (cache miss)
2253 http fetch GET 200 https://registry.npmjs.org/victory-vendor/-/victory-vendor-36.9.2.tgz 31605ms (cache miss)
2254 http fetch GET 200 https://registry.npmjs.org/@formatjs/ecma402-abstract/-/ecma402-abstract-2.3.3.tgz 30873ms (cache miss)
2255 http fetch GET 200 https://registry.npmjs.org/country-state-city/-/country-state-city-3.2.1.tgz 31400ms (cache miss)
2256 http fetch GET 200 https://registry.npmjs.org/tw-elements-react 510ms (cache revalidated)
2257 silly packumentCache corgi:https://registry.npmjs.org/tw-elements-react set size:4271 disposed:false
2258 http fetch GET 200 https://registry.npmjs.org/@react-aria/overlays/-/overlays-3.24.0.tgz 31553ms (cache miss)
2259 silly packumentCache corgi:https://registry.npmjs.org/@chakra-ui%2freact cache-miss
2260 http fetch GET 200 https://registry.npmjs.org/tw-elements-react/-/tw-elements-react-1.0.0-alpha-end.tgz 32318ms (cache miss)
2261 http fetch GET 200 https://registry.npmjs.org/tailwindcss/-/tailwindcss-3.4.17.tgz 32395ms (cache miss)
2262 http fetch GET 200 https://registry.npmjs.org/@babel/types/-/types-7.26.9.tgz 31707ms (cache miss)
2263 http fetch GET 200 https://registry.npmjs.org/@babel/runtime/-/runtime-7.26.9.tgz 31739ms (cache miss)
2264 http fetch GET 200 https://registry.npmjs.org/@react-aria/utils/-/utils-3.27.0.tgz 31779ms (cache miss)
2265 http fetch GET 200 https://registry.npmjs.org/mongoose/-/mongoose-8.11.0.tgz 32442ms (cache miss)
2266 http fetch GET 200 https://registry.npmjs.org/@react-aria/utils/-/utils-3.27.0.tgz 31796ms (cache miss)
2267 http fetch GET 200 https://registry.npmjs.org/@react-aria/utils/-/utils-3.27.0.tgz 31830ms (cache miss)
2268 http fetch GET 200 https://registry.npmjs.org/@react-aria/utils/-/utils-3.27.0.tgz 31830ms (cache miss)
2269 http fetch GET 200 https://registry.npmjs.org/@nextui-org/shared-icons/-/shared-icons-2.1.1.tgz 32159ms (cache miss)
2270 http fetch GET 200 https://registry.npmjs.org/@chakra-ui%2freact 815ms (cache revalidated)
2271 silly packumentCache corgi:https://registry.npmjs.org/@chakra-ui%2freact set size:2907124 disposed:false
2272 http fetch GET 200 https://registry.npmjs.org/@popperjs/core/-/core-2.11.8.tgz 32541ms (cache miss)
2273 http fetch GET 200 https://registry.npmjs.org/yaml/-/yaml-2.7.0.tgz 32607ms (cache miss)
2274 http fetch GET 200 https://registry.npmjs.org/recharts/-/recharts-2.15.1.tgz 33321ms (cache miss)
2275 http fetch GET 200 https://registry.npmjs.org/@react-aria/utils/-/utils-3.29.0.tgz 32944ms (cache miss)
2276 http fetch GET 200 https://registry.npmjs.org/framer-motion/-/framer-motion-6.5.1.tgz 33000ms (cache miss)
2277 http fetch GET 200 https://registry.npmjs.org/css-tree/-/css-tree-2.2.1.tgz 33247ms (cache miss)
2278 http fetch GET 200 https://registry.npmjs.org/globalize/-/globalize-0.1.1.tgz 34028ms (cache miss)
2279 http fetch GET 200 https://registry.npmjs.org/@nextui-org/theme/-/theme-2.4.5.tgz 33763ms (cache miss)
2280 http fetch GET 200 https://registry.npmjs.org/framer-motion/-/framer-motion-11.18.2.tgz 35044ms (cache miss)
2281 http fetch GET 200 https://registry.npmjs.org/react-world-flags/-/react-world-flags-1.6.0.tgz 35274ms (cache miss)
2282 http fetch GET 200 https://registry.npmjs.org/@motionone/dom/-/dom-10.12.0.tgz 34785ms (cache miss)
2283 http fetch GET 200 https://registry.npmjs.org/@headlessui/react/-/react-2.2.4.tgz 34964ms (cache miss)
2284 http fetch GET 200 https://registry.npmjs.org/mongodb/-/mongodb-6.13.1.tgz 35541ms (cache miss)
2285 http fetch GET 200 https://registry.npmjs.org/html2canvas/-/html2canvas-1.4.1.tgz 35582ms (cache miss)
2286 http fetch GET 200 https://registry.npmjs.org/dayjs/-/dayjs-1.11.13.tgz 35502ms (cache miss)
2287 http fetch GET 200 https://registry.npmjs.org/typescript/-/typescript-5.7.3.tgz 36209ms (cache miss)
2288 http fetch GET 200 https://registry.npmjs.org/@swc/helpers/-/helpers-0.5.15.tgz 36322ms (cache miss)
2289 http fetch GET 200 https://registry.npmjs.org/react-phone-number-input/-/react-phone-number-input-3.4.12.tgz 36928ms (cache miss)
2290 http fetch GET 200 https://registry.npmjs.org/@fullcalendar/core/-/core-6.1.15.tgz 36542ms (cache miss)
2291 http fetch GET 200 https://registry.npmjs.org/@swc/helpers/-/helpers-0.5.5.tgz 37067ms (cache miss)
2292 http fetch GET 200 https://registry.npmjs.org/ajv/-/ajv-8.17.1.tgz 37374ms (cache miss)
2293 http fetch GET 200 https://registry.npmjs.org/moment/-/moment-2.30.1.tgz 37999ms (cache miss)
2294 http fetch GET 200 https://registry.npmjs.org/ajv/-/ajv-8.17.1.tgz 37400ms (cache miss)
2295 http fetch GET 200 https://registry.npmjs.org/ajv/-/ajv-8.17.1.tgz 37407ms (cache miss)
2296 http fetch GET 200 https://registry.npmjs.org/lodash-es/-/lodash-es-4.17.21.tgz 38431ms (cache miss)
2297 http fetch GET 200 https://registry.npmjs.org/stripe/-/stripe-17.7.0.tgz 39237ms (cache miss)
2298 http fetch GET 200 https://registry.npmjs.org/whisper-node/-/whisper-node-1.1.1.tgz 39534ms (cache miss)
2299 http fetch GET 200 https://registry.npmjs.org/@types/lodash/-/lodash-4.17.15.tgz 39943ms (cache miss)
2300 http fetch GET 200 https://registry.npmjs.org/webpack/-/webpack-5.98.0.tgz 41314ms (cache miss)
2301 http fetch GET 200 https://registry.npmjs.org/caniuse-lite/-/caniuse-lite-1.0.30001701.tgz 43230ms (cache miss)
2302 http fetch GET 200 https://registry.npmjs.org/@material-tailwind/react/-/react-2.1.10.tgz 43742ms (cache miss)
2303 http fetch GET 200 https://registry.npmjs.org/libphonenumber-js/-/libphonenumber-js-1.12.4.tgz 44461ms (cache miss)
2304 http fetch GET 200 https://registry.npmjs.org/chart.js/-/chart.js-3.9.1.tgz 45493ms (cache miss)
2305 http fetch GET 200 https://registry.npmjs.org/lodash/-/lodash-4.17.21.tgz 47093ms (cache miss)
2306 http fetch GET 200 https://registry.npmjs.org/world-countries/-/world-countries-5.1.0.tgz 48241ms (cache miss)
2307 http fetch GET 200 https://registry.npmjs.org/pdfjs-dist/-/pdfjs-dist-2.12.313.tgz 48654ms (cache miss)
2308 http fetch GET 200 https://registry.npmjs.org/svg-country-flags/-/svg-country-flags-1.2.10.tgz 49824ms (cache miss)
2309 http fetch GET 200 https://registry.npmjs.org/pdfjs-dist/-/pdfjs-dist-2.16.105.tgz 50239ms (cache miss)
2310 http fetch GET 200 https://registry.npmjs.org/react-icons/-/react-icons-5.5.0.tgz 54554ms (cache miss)
2311 http fetch GET 200 https://registry.npmjs.org/@chakra-ui/react/-/react-3.8.1.tgz 57055ms (cache miss)
2312 http fetch GET 200 https://registry.npmjs.org/@rsuite/icon-font/-/icon-font-4.1.0.tgz 65397ms (cache miss)
2313 http fetch GET 200 https://registry.npmjs.org/@next/swc-win32-x64-msvc/-/swc-win32-x64-msvc-14.2.13.tgz 65403ms (cache miss)
2314 http fetch GET 200 https://registry.npmjs.org/@ark-ui/react/-/react-4.9.1.tgz 76069ms (cache miss)
2315 http fetch GET 200 https://registry.npmjs.org/core-js/-/core-js-3.40.0.tgz 84417ms (cache miss)
2316 http fetch GET 200 https://registry.npmjs.org/rsuite/-/rsuite-5.78.0.tgz 85967ms (cache miss)
2317 http fetch GET 200 https://registry.npmjs.org/lucide-react/-/lucide-react-0.469.0.tgz 89330ms (cache miss)
2318 http fetch GET 200 https://registry.npmjs.org/country-flag-icons/-/country-flag-icons-1.5.18.tgz 96950ms (cache miss)
2319 http fetch GET 200 https://registry.npmjs.org/date-fns/-/date-fns-3.6.0.tgz 102669ms (cache miss)
2320 http fetch GET 200 https://registry.npmjs.org/date-fns/-/date-fns-4.1.0.tgz 108446ms (cache miss)
2321 http fetch GET 200 https://registry.npmjs.org/date-fns/-/date-fns-2.30.0.tgz 121862ms (cache miss)
2322 http fetch GET 200 https://registry.npmjs.org/date-fns/-/date-fns-2.30.0.tgz 121917ms (cache miss)
2323 http fetch GET 200 https://registry.npmjs.org/@rsuite/icons/-/icons-1.3.0.tgz 122411ms (cache miss)
2324 http fetch GET 200 https://registry.npmjs.org/next/-/next-14.2.13.tgz 124544ms (cache miss)
2325 info run canvas@3.1.0 install node_modules/canvas prebuild-install -r napi || node-gyp rebuild
2326 info run canvas@3.1.0 install { code: 0, signal: null }
2327 info run core-js@3.40.0 postinstall node_modules/core-js node -e "try{require('./postinstall')}catch(e){}"
2328 info run core-js@3.40.0 postinstall { code: 0, signal: null }
2329 silly ADD node_modules/yn
2330 silly ADD node_modules/yaml
2331 silly ADD node_modules/xmlhttprequest-ssl
2332 silly ADD node_modules/ws
2333 silly ADD node_modules/wrappy
2334 silly ADD node_modules/wrap-ansi-cjs
2335 silly ADD node_modules/wrap-ansi-cjs/node_modules/strip-ansi
2336 silly ADD node_modules/wrap-ansi-cjs/node_modules/string-width
2337 silly ADD node_modules/wrap-ansi-cjs/node_modules/emoji-regex
2338 silly ADD node_modules/wrap-ansi-cjs/node_modules/ansi-styles
2339 silly ADD node_modules/wrap-ansi-cjs/node_modules/ansi-regex
2340 silly ADD node_modules/wrap-ansi
2341 silly ADD node_modules/world-countries
2342 silly ADD node_modules/whisper-node
2343 silly ADD node_modules/which
2344 silly ADD node_modules/whatwg-url
2345 silly ADD node_modules/webpack-sources
2346 silly ADD node_modules/webpack
2347 silly ADD node_modules/webpack/node_modules/schema-utils
2348 silly ADD node_modules/webpack/node_modules/json-schema-traverse
2349 silly ADD node_modules/webpack/node_modules/ajv-keywords
2350 silly ADD node_modules/webpack/node_modules/ajv
2351 silly ADD node_modules/webidl-conversions
2352 silly ADD node_modules/web-streams-polyfill
2353 silly ADD node_modules/wavesurfer.js
2354 silly ADD node_modules/watchpack
2355 silly ADD node_modules/warning
2356 silly ADD node_modules/victory-vendor
2357 silly ADD node_modules/v8-compile-cache-lib
2358 silly ADD node_modules/uuid
2359 silly ADD node_modules/utrie
2360 silly ADD node_modules/util-deprecate
2361 silly ADD node_modules/use-sync-external-store
2362 silly ADD node_modules/use-latest
2363 silly ADD node_modules/use-isomorphic-layout-effect
2364 silly ADD node_modules/use-composed-ref
2365 silly ADD node_modules/uri-js
2366 silly ADD node_modules/uqr
2367 silly ADD node_modules/update-input-width
2368 silly ADD node_modules/update-browserslist-db
2369 silly ADD node_modules/undici-types
2370 silly ADD node_modules/uncontrollable
2371 silly ADD node_modules/typescript
2372 silly ADD node_modules/tw-elements-react
2373 silly ADD node_modules/tw-elements-react/node_modules/deepmerge
2374 silly ADD node_modules/tunnel-agent
2375 silly ADD node_modules/tslib
2376 silly ADD node_modules/ts-node
2377 silly ADD node_modules/ts-node/node_modules/arg
2378 silly ADD node_modules/ts-interface-checker
2379 silly ADD node_modules/tr46
2380 silly ADD node_modules/to-regex-range
2381 silly ADD node_modules/tiny-warning
2382 silly ADD node_modules/tiny-invariant
2383 silly ADD node_modules/timezone-soft
2384 silly ADD node_modules/thenify-all
2385 silly ADD node_modules/thenify
2386 silly ADD node_modules/text-segmentation
2387 silly ADD node_modules/terser-webpack-plugin
2388 silly ADD node_modules/terser-webpack-plugin/node_modules/schema-utils
2389 silly ADD node_modules/terser-webpack-plugin/node_modules/json-schema-traverse
2390 silly ADD node_modules/terser-webpack-plugin/node_modules/ajv-keywords
2391 silly ADD node_modules/terser-webpack-plugin/node_modules/ajv
2392 silly ADD node_modules/terser
2393 silly ADD node_modules/terser/node_modules/commander
2394 silly ADD node_modules/tar-stream
2395 silly ADD node_modules/tar-fs
2396 silly ADD node_modules/tapable
2397 silly ADD node_modules/tailwindcss-animate
2398 silly ADD node_modules/tailwindcss
2399 silly ADD node_modules/tailwind-variants
2400 silly ADD node_modules/tailwind-variants/node_modules/tailwind-merge
2401 silly ADD node_modules/tailwind-scrollbar
2402 silly ADD node_modules/tailwind-merge
2403 silly ADD node_modules/tabbable
2404 silly ADD node_modules/sweetalert2
2405 silly ADD node_modules/svgo
2406 silly ADD node_modules/svgo/node_modules/commander
2407 silly ADD node_modules/svg-pathdata
2408 silly ADD node_modules/svg-country-flags
2409 silly ADD node_modules/supports-preserve-symlinks-flag
2410 silly ADD node_modules/supports-color
2411 silly ADD node_modules/sucrase
2412 silly ADD node_modules/stylis
2413 silly ADD node_modules/styled-jsx
2414 silly ADD node_modules/style-value-types
2415 silly ADD node_modules/stripe
2416 silly ADD node_modules/strip-json-comments
2417 silly ADD node_modules/strip-ansi-cjs
2418 silly ADD node_modules/strip-ansi-cjs/node_modules/ansi-regex
2419 silly ADD node_modules/strip-ansi
2420 silly ADD node_modules/string-width-cjs
2421 silly ADD node_modules/string-width-cjs/node_modules/strip-ansi
2422 silly ADD node_modules/string-width-cjs/node_modules/emoji-regex
2423 silly ADD node_modules/string-width-cjs/node_modules/ansi-regex
2424 silly ADD node_modules/string-width
2425 silly ADD node_modules/string_decoder
2426 silly ADD node_modules/streamsearch
2427 silly ADD node_modules/stackblur-canvas
2428 silly ADD node_modules/sparse-bitfield
2429 silly ADD node_modules/spacetime
2430 silly ADD node_modules/source-map-support
2431 silly ADD node_modules/source-map-support/node_modules/source-map
2432 silly ADD node_modules/source-map-js
2433 silly ADD node_modules/source-map
2434 silly ADD node_modules/socket.io-parser
2435 silly ADD node_modules/socket.io-parser/node_modules/debug
2436 silly ADD node_modules/socket.io-client
2437 silly ADD node_modules/socket.io-client/node_modules/debug
2438 silly ADD node_modules/simple-swizzle
2439 silly ADD node_modules/simple-swizzle/node_modules/is-arrayish
2440 silly ADD node_modules/simple-get
2441 silly ADD node_modules/simple-concat
2442 silly ADD node_modules/signal-exit
2443 silly ADD node_modules/sift
2444 silly ADD node_modules/side-channel-weakmap
2445 silly ADD node_modules/side-channel-map
2446 silly ADD node_modules/side-channel-list
2447 silly ADD node_modules/side-channel
2448 silly ADD node_modules/shelljs
2449 silly ADD node_modules/shelljs/node_modules/minimatch
2450 silly ADD node_modules/shelljs/node_modules/glob
2451 silly ADD node_modules/shelljs/node_modules/brace-expansion
2452 silly ADD node_modules/shebang-regex
2453 silly ADD node_modules/shebang-command
2454 silly ADD node_modules/shallow-equal
2455 silly ADD node_modules/serialize-javascript
2456 silly ADD node_modules/semver
2457 silly ADD node_modules/scroll-into-view-if-needed
2458 silly ADD node_modules/schema-utils
2459 silly ADD node_modules/schema-typed
2460 silly ADD node_modules/scheduler
2461 silly ADD node_modules/safe-buffer
2462 silly ADD node_modules/run-parallel
2463 silly ADD node_modules/rsuite-table
2464 silly ADD node_modules/rsuite-table/node_modules/react-is
2465 silly ADD node_modules/rsuite
2466 silly ADD node_modules/rsuite/node_modules/date-fns
2467 silly ADD node_modules/rgbcolor
2468 silly ADD node_modules/reusify
2469 silly ADD node_modules/resolve-from
2470 silly ADD node_modules/resolve
2471 silly ADD node_modules/require-from-string
2472 silly ADD node_modules/regenerator-runtime
2473 silly ADD node_modules/rechoir
2474 silly ADD node_modules/recharts-scale
2475 silly ADD node_modules/recharts
2476 silly ADD node_modules/recharts/node_modules/react-is
2477 silly ADD node_modules/recharts/node_modules/clsx
2478 silly ADD node_modules/readline-sync
2479 silly ADD node_modules/readdirp
2480 silly ADD node_modules/readable-stream
2481 silly ADD node_modules/read-cache
2482 silly ADD node_modules/react-world-flags
2483 silly ADD node_modules/react-window
2484 silly ADD node_modules/react-window/node_modules/memoize-one
2485 silly ADD node_modules/react-use-set
2486 silly ADD node_modules/react-transition-group
2487 silly ADD node_modules/react-toastify
2488 silly ADD node_modules/react-toastify/node_modules/clsx
2489 silly ADD node_modules/react-timezone-select
2490 silly ADD node_modules/react-time-picker
2491 silly ADD node_modules/react-time-picker/node_modules/clsx
2492 silly ADD node_modules/react-textarea-autosize
2493 silly ADD node_modules/react-smooth
2494 silly ADD node_modules/react-select
2495 silly ADD node_modules/react-router-dom
2496 silly ADD node_modules/react-router
2497 silly ADD node_modules/react-popper
2498 silly ADD node_modules/react-phone-number-input
2499 silly ADD node_modules/react-phone-number-input/node_modules/classnames
2500 silly ADD node_modules/react-phone-input-2
2501 silly ADD node_modules/react-pdf
2502 silly ADD node_modules/react-overlays
2503 silly ADD node_modules/react-modal
2504 silly ADD node_modules/react-list
2505 silly ADD node_modules/react-lifecycles-compat
2506 silly ADD node_modules/react-is
2507 silly ADD node_modules/react-icons
2508 silly ADD node_modules/react-fit
2509 silly ADD node_modules/react-fast-compare
2510 silly ADD node_modules/react-dom
2511 silly ADD node_modules/react-datepicker
2512 silly ADD node_modules/react-datepicker/node_modules/date-fns
2513 silly ADD node_modules/react-datepicker/node_modules/clsx
2514 silly ADD node_modules/react-datepicker/node_modules/@floating-ui/react-dom
2515 silly ADD node_modules/react-datepicker/node_modules/@floating-ui/react
2516 silly ADD node_modules/react-date-range
2517 silly ADD node_modules/react-date-picker
2518 silly ADD node_modules/react-date-picker/node_modules/clsx
2519 silly ADD node_modules/react-country-region-selector
2520 silly ADD node_modules/react-clock
2521 silly ADD node_modules/react-clock/node_modules/clsx
2522 silly ADD node_modules/react-circular-progressbar
2523 silly ADD node_modules/react-chartjs-2
2524 silly ADD node_modules/react-calendar
2525 silly ADD node_modules/react-calendar/node_modules/clsx
2526 silly ADD node_modules/react-big-calendar
2527 silly ADD node_modules/react
2528 silly ADD node_modules/rc
2529 silly ADD node_modules/randombytes
2530 silly ADD node_modules/raf
2531 silly ADD node_modules/queue-microtask
2532 silly ADD node_modules/qs
2533 silly ADD node_modules/punycode
2534 silly ADD node_modules/pump
2535 silly ADD node_modules/proxy-memoize
2536 silly ADD node_modules/proxy-from-env
2537 silly ADD node_modules/proxy-compare
2538 silly ADD node_modules/prop-types
2539 silly ADD node_modules/prebuild-install
2540 silly ADD node_modules/preact
2541 silly ADD node_modules/postcss-value-parser
2542 silly ADD node_modules/postcss-selector-parser
2543 silly ADD node_modules/postcss-nested
2544 silly ADD node_modules/postcss-load-config
2545 silly ADD node_modules/postcss-load-config/node_modules/yaml
2546 silly ADD node_modules/postcss-js
2547 silly ADD node_modules/postcss-import
2548 silly ADD node_modules/postcss
2549 silly ADD node_modules/popmotion
2550 silly ADD node_modules/pirates
2551 silly ADD node_modules/pify
2552 silly ADD node_modules/picomatch
2553 silly ADD node_modules/picocolors
2554 silly ADD node_modules/performance-now
2555 silly ADD node_modules/perfect-freehand
2556 silly ADD node_modules/pdfjs-dist
2557 silly ADD node_modules/path-type
2558 silly ADD node_modules/path-scurry
2559 silly ADD node_modules/path-parse
2560 silly ADD node_modules/path-key
2561 silly ADD node_modules/path-is-absolute
2562 silly ADD node_modules/parse-json
2563 silly ADD node_modules/parent-module
2564 silly ADD node_modules/package-json-from-dist
2565 silly ADD node_modules/p-defer
2566 silly ADD node_modules/once
2567 silly ADD node_modules/object-inspect
2568 silly ADD node_modules/object-hash
2569 silly ADD node_modules/object-assign
2570 silly ADD node_modules/nth-check
2571 silly ADD node_modules/normalize-range
2572 silly ADD node_modules/normalize-path
2573 silly ADD node_modules/node-releases
2574 silly ADD node_modules/node-addon-api
2575 silly ADD node_modules/node-abi
2576 silly ADD node_modules/next
2577 silly ADD node_modules/next/node_modules/postcss
2578 silly ADD node_modules/next/node_modules/@swc/helpers
2579 silly ADD node_modules/neo-async
2580 silly ADD node_modules/napi-build-utils
2581 silly ADD node_modules/nanoid
2582 silly ADD node_modules/mz
2583 silly ADD node_modules/ms
2584 silly ADD node_modules/mquery
2585 silly ADD node_modules/mpath
2586 silly ADD node_modules/motion-utils
2587 silly ADD node_modules/motion-dom
2588 silly ADD node_modules/mongoose
2589 silly ADD node_modules/mongodb-connection-string-url
2590 silly ADD node_modules/mongodb
2591 silly ADD node_modules/moment-timezone
2592 silly ADD node_modules/moment
2593 silly ADD node_modules/mkdirp-classic
2594 silly ADD node_modules/minipass
2595 silly ADD node_modules/minimist
2596 silly ADD node_modules/minimatch
2597 silly ADD node_modules/mimic-response
2598 silly ADD node_modules/mimic-fn
2599 silly ADD node_modules/mime-types
2600 silly ADD node_modules/mime-db
2601 silly ADD node_modules/micromatch
2602 silly ADD node_modules/merge2
2603 silly ADD node_modules/merge-stream
2604 silly ADD node_modules/merge-refs
2605 silly ADD node_modules/merge-class-names
2606 silly ADD node_modules/memory-pager
2607 silly ADD node_modules/memoize-one
2608 silly ADD node_modules/mem
2609 silly ADD node_modules/mdn-data
2610 silly ADD node_modules/math-intrinsics
2611 silly ADD node_modules/material-ripple-effects
2612 silly ADD node_modules/map-age-cleaner
2613 silly ADD node_modules/make-event-props
2614 silly ADD node_modules/make-error
2615 silly ADD node_modules/make-cancellable-promise
2616 silly ADD node_modules/luxon
2617 silly ADD node_modules/lucide-react
2618 silly ADD node_modules/lru-cache
2619 silly ADD node_modules/loose-envify
2620 silly ADD node_modules/lodash.startswith
2621 silly ADD node_modules/lodash.reduce
2622 silly ADD node_modules/lodash.memoize
2623 silly ADD node_modules/lodash.debounce
2624 silly ADD node_modules/lodash-es
2625 silly ADD node_modules/lodash
2626 silly ADD node_modules/loader-utils
2627 silly ADD node_modules/loader-runner
2628 silly ADD node_modules/lines-and-columns
2629 silly ADD node_modules/lilconfig
2630 silly ADD node_modules/libphonenumber-js
2631 silly ADD node_modules/kareem
2632 silly ADD node_modules/jspdf
2633 silly ADD node_modules/json5
2634 silly ADD node_modules/json-schema-traverse
2635 silly ADD node_modules/json-parse-even-better-errors
2636 silly ADD node_modules/jsesc
2637 silly ADD node_modules/js-tokens
2638 silly ADD node_modules/jiti
2639 silly ADD node_modules/jest-worker
2640 silly ADD node_modules/jackspeak
2641 silly ADD node_modules/iso-639-1
2642 silly ADD node_modules/isexe
2643 silly ADD node_modules/is-number
2644 silly ADD node_modules/is-glob
2645 silly ADD node_modules/is-fullwidth-code-point
2646 silly ADD node_modules/is-extglob
2647 silly ADD node_modules/is-core-module
2648 silly ADD node_modules/is-binary-path
2649 silly ADD node_modules/is-arrayish
2650 silly ADD node_modules/invariant
2651 silly ADD node_modules/intl-messageformat
2652 silly ADD node_modules/interpret
2653 silly ADD node_modules/internmap
2654 silly ADD node_modules/input-otp
2655 silly ADD node_modules/input-format
2656 silly ADD node_modules/ini
2657 silly ADD node_modules/inherits
2658 silly ADD node_modules/inflight
2659 silly ADD node_modules/import-fresh
2660 silly ADD node_modules/ieee754
2661 silly ADD node_modules/i18n-iso-countries
2662 silly ADD node_modules/html2pdf.js
2663 silly ADD node_modules/html2canvas
2664 silly ADD node_modules/hoist-non-react-statics
2665 silly ADD node_modules/hey-listen
2666 silly ADD node_modules/hasown
2667 silly ADD node_modules/has-tostringtag
2668 silly ADD node_modules/has-symbols
2669 silly ADD node_modules/has-flag
2670 silly ADD node_modules/graceful-fs
2671 silly ADD node_modules/gopd
2672 silly ADD node_modules/globals
2673 silly ADD node_modules/globalize
2674 silly ADD node_modules/glob-to-regexp
2675 silly ADD node_modules/glob-parent
2676 silly ADD node_modules/glob
2677 silly ADD node_modules/github-from-package
2678 silly ADD node_modules/get-user-locale
2679 silly ADD node_modules/get-proto
2680 silly ADD node_modules/get-intrinsic
2681 silly ADD node_modules/function-bind
2682 silly ADD
2683 silly ADD node_modules/fs.realpath
2684 silly ADD node_modules/fs-constants
2685 silly ADD node_modules/framesync
2686 silly ADD node_modules/framer-motion
2687 silly ADD node_modules/fraction.js
2688 silly ADD node_modules/form-data
2689 silly ADD node_modules/foreground-child
2690 silly ADD node_modules/follow-redirects
2691 silly ADD node_modules/flat
2692 silly ADD node_modules/find-root
2693 silly ADD node_modules/fill-range
2694 silly ADD node_modules/file-loader
2695 silly ADD node_modules/fflate
2696 silly ADD node_modules/fastq
2697 silly ADD node_modules/fast-uri
2698 silly ADD node_modules/fast-safe-stringify
2699 silly ADD node_modules/fast-json-stable-stringify
2700 silly ADD node_modules/fast-glob
2701 silly ADD node_modules/fast-glob/node_modules/glob-parent
2702 silly ADD node_modules/fast-equals
2703 silly ADD node_modules/fast-deep-equal
2704 silly ADD node_modules/expand-template
2705 silly ADD node_modules/exenv
2706 silly ADD node_modules/events
2707 silly ADD node_modules/eventemitter3
2708 silly ADD node_modules/estraverse
2709 silly ADD node_modules/esrecurse
2710 silly ADD node_modules/esrecurse/node_modules/estraverse
2711 silly ADD node_modules/eslint-scope
2712 silly ADD node_modules/escape-string-regexp
2713 silly ADD node_modules/escalade
2714 silly ADD node_modules/es6-promise
2715 silly ADD node_modules/es-set-tostringtag
2716 silly ADD node_modules/es-object-atoms
2717 silly ADD node_modules/es-module-lexer
2718 silly ADD node_modules/es-errors
2719 silly ADD node_modules/es-define-property
2720 silly ADD node_modules/error-ex
2721 silly ADD node_modules/entities
2722 silly ADD node_modules/enhanced-resolve
2723 silly ADD node_modules/engine.io-parser
2724 silly ADD node_modules/engine.io-client
2725 silly ADD node_modules/engine.io-client/node_modules/debug
2726 silly ADD node_modules/end-of-stream
2727 silly ADD node_modules/emojis-list
2728 silly ADD node_modules/emoji-regex
2729 silly ADD node_modules/electron-to-chromium
2730 silly ADD node_modules/eastasianwidth
2731 silly ADD node_modules/dunder-proto
2732 silly ADD node_modules/domutils
2733 silly ADD node_modules/dompurify
2734 silly ADD node_modules/dommatrix
2735 silly ADD node_modules/domhandler
2736 silly ADD node_modules/domelementtype
2737 silly ADD node_modules/dom-serializer
2738 silly ADD node_modules/dom-lib
2739 silly ADD node_modules/dom-helpers
2740 silly ADD node_modules/dlv
2741 silly ADD node_modules/diff
2742 silly ADD node_modules/didyoumean
2743 silly ADD node_modules/diacritics
2744 silly ADD node_modules/detect-libc
2745 silly ADD node_modules/detect-element-overflow
2746 silly ADD node_modules/dequal
2747 silly ADD node_modules/delayed-stream
2748 silly ADD node_modules/deepmerge
2749 silly ADD node_modules/deep-extend
2750 silly ADD node_modules/decompress-response
2751 silly ADD node_modules/decimal.js-light
2752 silly ADD node_modules/decimal.js
2753 silly ADD node_modules/debug
2754 silly ADD node_modules/dayjs
2755 silly ADD node_modules/date-fns
2756 silly ADD node_modules/date-arithmetic
2757 silly ADD node_modules/d3-timer
2758 silly ADD node_modules/d3-time-format
2759 silly ADD node_modules/d3-time
2760 silly ADD node_modules/d3-shape
2761 silly ADD node_modules/d3-scale
2762 silly ADD node_modules/d3-path
2763 silly ADD node_modules/d3-interpolate
2764 silly ADD node_modules/d3-format
2765 silly ADD node_modules/d3-ease
2766 silly ADD node_modules/d3-color
2767 silly ADD node_modules/d3-array
2768 silly ADD node_modules/csstype
2769 silly ADD node_modules/csso
2770 silly ADD node_modules/csso/node_modules/mdn-data
2771 silly ADD node_modules/csso/node_modules/css-tree
2772 silly ADD node_modules/cssesc
2773 silly ADD node_modules/css-what
2774 silly ADD node_modules/css-tree
2775 silly ADD node_modules/css-select
2776 silly ADD node_modules/css-line-break
2777 silly ADD node_modules/cross-spawn
2778 silly ADD node_modules/create-require
2779 silly ADD node_modules/country-state-city
2780 silly ADD node_modules/country-flag-icons
2781 silly ADD node_modules/countries-cities
2782 silly ADD node_modules/cosmiconfig
2783 silly ADD node_modules/core-js
2784 silly ADD node_modules/convert-source-map
2785 silly ADD node_modules/concat-map
2786 silly ADD node_modules/compute-scroll-into-view
2787 silly ADD node_modules/commander
2788 silly ADD node_modules/combined-stream
2789 silly ADD node_modules/color2k
2790 silly ADD node_modules/color-string
2791 silly ADD node_modules/color-name
2792 silly ADD node_modules/color-convert
2793 silly ADD node_modules/color
2794 silly ADD node_modules/clsx
2795 silly ADD node_modules/client-only
2796 silly ADD node_modules/classnames
2797 silly ADD node_modules/chrome-trace-event
2798 silly ADD node_modules/chownr
2799 silly ADD node_modules/chokidar
2800 silly ADD node_modules/chokidar/node_modules/glob-parent
2801 silly ADD node_modules/chartjs-plugin-datalabels
2802 silly ADD node_modules/chart.js
2803 silly ADD node_modules/canvg
2804 silly ADD node_modules/canvg/node_modules/regenerator-runtime
2805 silly ADD node_modules/canvas
2806 silly ADD node_modules/caniuse-lite
2807 silly ADD node_modules/camelcase-css
2808 silly ADD node_modules/callsites
2809 silly ADD node_modules/call-bound
2810 silly ADD node_modules/call-bind-apply-helpers
2811 silly ADD node_modules/busboy
2812 silly ADD node_modules/buffer-from
2813 silly ADD node_modules/buffer
2814 silly ADD node_modules/btoa
2815 silly ADD node_modules/bson
2816 silly ADD node_modules/browserslist
2817 silly ADD node_modules/braces
2818 silly ADD node_modules/brace-expansion
2819 silly ADD node_modules/boolbase
2820 silly ADD node_modules/bl
2821 silly ADD node_modules/binary-extensions
2822 silly ADD node_modules/big.js
2823 silly ADD node_modules/base64-js
2824 silly ADD node_modules/base64-arraybuffer
2825 silly ADD node_modules/balanced-match
2826 silly ADD node_modules/babel-plugin-macros
2827 silly ADD node_modules/axios
2828 silly ADD node_modules/autoprefixer
2829 silly ADD node_modules/atob
2830 silly ADD node_modules/asynckit
2831 silly ADD node_modules/aria-hidden
2832 silly ADD node_modules/arg
2833 silly ADD node_modules/anymatch
2834 silly ADD node_modules/any-promise
2835 silly ADD node_modules/ansi-styles
2836 silly ADD node_modules/ansi-regex
2837 silly ADD node_modules/ajv-keywords
2838 silly ADD node_modules/ajv-formats
2839 silly ADD node_modules/ajv-formats/node_modules/json-schema-traverse
2840 silly ADD node_modules/ajv-formats/node_modules/ajv
2841 silly ADD node_modules/ajv
2842 silly ADD node_modules/acorn-walk
2843 silly ADD node_modules/acorn
2844 silly ADD node_modules/@zag-js/utils
2845 silly ADD node_modules/@zag-js/types
2846 silly ADD node_modules/@zag-js/tree-view
2847 silly ADD node_modules/@zag-js/tour
2848 silly ADD node_modules/@zag-js/tooltip
2849 silly ADD node_modules/@zag-js/toggle-group
2850 silly ADD node_modules/@zag-js/toast
2851 silly ADD node_modules/@zag-js/timer
2852 silly ADD node_modules/@zag-js/time-picker
2853 silly ADD node_modules/@zag-js/tags-input
2854 silly ADD node_modules/@zag-js/tabs
2855 silly ADD node_modules/@zag-js/switch
2856 silly ADD node_modules/@zag-js/store
2857 silly ADD node_modules/@zag-js/steps
2858 silly ADD node_modules/@zag-js/splitter
2859 silly ADD node_modules/@zag-js/slider
2860 silly ADD node_modules/@zag-js/signature-pad
2861 silly ADD node_modules/@zag-js/select
2862 silly ADD node_modules/@zag-js/scroll-snap
2863 silly ADD node_modules/@zag-js/remove-scroll
2864 silly ADD node_modules/@zag-js/rect-utils
2865 silly ADD node_modules/@zag-js/react
2866 silly ADD node_modules/@zag-js/rating-group
2867 silly ADD node_modules/@zag-js/radio-group
2868 silly ADD node_modules/@zag-js/qr-code
2869 silly ADD node_modules/@zag-js/progress
2870 silly ADD node_modules/@zag-js/presence
2871 silly ADD node_modules/@zag-js/popper
2872 silly ADD node_modules/@zag-js/popper/node_modules/@floating-ui/dom
2873 silly ADD node_modules/@zag-js/popover
2874 silly ADD node_modules/@zag-js/pin-input
2875 silly ADD node_modules/@zag-js/pagination
2876 silly ADD node_modules/@zag-js/number-input
2877 silly ADD node_modules/@zag-js/menu
2878 silly ADD node_modules/@zag-js/live-region
2879 silly ADD node_modules/@zag-js/interact-outside
2880 silly ADD node_modules/@zag-js/i18n-utils
2881 silly ADD node_modules/@zag-js/hover-card
2882 silly ADD node_modules/@zag-js/highlight-word
2883 silly ADD node_modules/@zag-js/focus-visible
2884 silly ADD node_modules/@zag-js/focus-trap
2885 silly ADD node_modules/@zag-js/file-utils
2886 silly ADD node_modules/@zag-js/file-upload
2887 silly ADD node_modules/@zag-js/element-size
2888 silly ADD node_modules/@zag-js/element-rect
2889 silly ADD node_modules/@zag-js/editable
2890 silly ADD node_modules/@zag-js/dom-query
2891 silly ADD node_modules/@zag-js/dismissable
2892 silly ADD node_modules/@zag-js/dialog
2893 silly ADD node_modules/@zag-js/date-utils
2894 silly ADD node_modules/@zag-js/date-picker
2895 silly ADD node_modules/@zag-js/core
2896 silly ADD node_modules/@zag-js/combobox
2897 silly ADD node_modules/@zag-js/color-utils
2898 silly ADD node_modules/@zag-js/color-picker
2899 silly ADD node_modules/@zag-js/collection
2900 silly ADD node_modules/@zag-js/collapsible
2901 silly ADD node_modules/@zag-js/clipboard
2902 silly ADD node_modules/@zag-js/checkbox
2903 silly ADD node_modules/@zag-js/carousel
2904 silly ADD node_modules/@zag-js/avatar
2905 silly ADD node_modules/@zag-js/auto-resize
2906 silly ADD node_modules/@zag-js/aria-hidden
2907 silly ADD node_modules/@zag-js/anatomy
2908 silly ADD node_modules/@zag-js/accordion
2909 silly ADD node_modules/@xtuc/long
2910 silly ADD node_modules/@xtuc/ieee754
2911 silly ADD node_modules/@wojtekmaj/date-utils
2912 silly ADD node_modules/@webassemblyjs/wast-printer
2913 silly ADD node_modules/@webassemblyjs/wasm-parser
2914 silly ADD node_modules/@webassemblyjs/wasm-opt
2915 silly ADD node_modules/@webassemblyjs/wasm-gen
2916 silly ADD node_modules/@webassemblyjs/wasm-edit
2917 silly ADD node_modules/@webassemblyjs/utf8
2918 silly ADD node_modules/@webassemblyjs/leb128
2919 silly ADD node_modules/@webassemblyjs/ieee754
2920 silly ADD node_modules/@webassemblyjs/helper-wasm-section
2921 silly ADD node_modules/@webassemblyjs/helper-wasm-bytecode
2922 silly ADD node_modules/@webassemblyjs/helper-numbers
2923 silly ADD node_modules/@webassemblyjs/helper-buffer
2924 silly ADD node_modules/@webassemblyjs/helper-api-error
2925 silly ADD node_modules/@webassemblyjs/floating-point-hex-parser
2926 silly ADD node_modules/@webassemblyjs/ast
2927 silly ADD node_modules/@types/whatwg-url
2928 silly ADD node_modules/@types/webidl-conversions
2929 silly ADD node_modules/@types/warning
2930 silly ADD node_modules/@types/uuid
2931 silly ADD node_modules/@types/trusted-types
2932 silly ADD node_modules/@types/react-window
2933 silly ADD node_modules/@types/react-transition-group
2934 silly ADD node_modules/@types/react-pdf
2935 silly ADD node_modules/@types/react-pdf/node_modules/pdfjs-dist
2936 silly ADD node_modules/@types/react-modal
2937 silly ADD node_modules/@types/react-dom
2938 silly ADD node_modules/@types/react-date-range
2939 silly ADD node_modules/@types/react-date-range/node_modules/date-fns
2940 silly ADD node_modules/@types/react-calendar
2941 silly ADD node_modules/@types/react-big-calendar
2942 silly ADD node_modules/@types/react
2943 silly ADD node_modules/@types/raf
2944 silly ADD node_modules/@types/prop-types
2945 silly ADD node_modules/@types/parse-json
2946 silly ADD node_modules/@types/node
2947 silly ADD node_modules/@types/lodash.debounce
2948 silly ADD node_modules/@types/lodash
2949 silly ADD node_modules/@types/json-schema
2950 silly ADD node_modules/@types/estree
2951 silly ADD node_modules/@types/eslint-scope
2952 silly ADD node_modules/@types/eslint
2953 silly ADD node_modules/@types/date-arithmetic
2954 silly ADD node_modules/@types/d3-timer
2955 silly ADD node_modules/@types/d3-time
2956 silly ADD node_modules/@types/d3-shape
2957 silly ADD node_modules/@types/d3-scale
2958 silly ADD node_modules/@types/d3-path
2959 silly ADD node_modules/@types/d3-interpolate
2960 silly ADD node_modules/@types/d3-ease
2961 silly ADD node_modules/@types/d3-color
2962 silly ADD node_modules/@types/d3-array
2963 silly ADD node_modules/@tsconfig/node16
2964 silly ADD node_modules/@tsconfig/node14
2965 silly ADD node_modules/@tsconfig/node12
2966 silly ADD node_modules/@tsconfig/node10
2967 silly ADD node_modules/@trysound/sax
2968 silly ADD node_modules/@tanstack/virtual-core
2969 silly ADD node_modules/@tanstack/react-virtual
2970 silly ADD node_modules/@swc/helpers
2971 silly ADD node_modules/@swc/counter
2972 silly ADD node_modules/@stripe/stripe-js
2973 silly ADD node_modules/@stripe/react-stripe-js
2974 silly ADD node_modules/@socket.io/component-emitter
2975 silly ADD node_modules/@rsuite/icons
2976 silly ADD node_modules/@rsuite/icon-font
2977 silly ADD node_modules/@restart/hooks
2978 silly ADD node_modules/@remix-run/router
2979 silly ADD node_modules/@react-types/tooltip
2980 silly ADD node_modules/@react-types/textfield
2981 silly ADD node_modules/@react-types/tabs
2982 silly ADD node_modules/@react-types/table
2983 silly ADD node_modules/@react-types/switch
2984 silly ADD node_modules/@react-types/switch/node_modules/@react-types/shared
2985 silly ADD node_modules/@react-types/slider
2986 silly ADD node_modules/@react-types/slider/node_modules/@react-types/shared
2987 silly ADD node_modules/@react-types/shared
2988 silly ADD node_modules/@react-types/select
2989 silly ADD node_modules/@react-types/radio
2990 silly ADD node_modules/@react-types/progress
2991 silly ADD node_modules/@react-types/overlays
2992 silly ADD node_modules/@react-types/menu
2993 silly ADD node_modules/@react-types/listbox
2994 silly ADD node_modules/@react-types/listbox/node_modules/@react-types/shared
2995 silly ADD node_modules/@react-types/link
2996 silly ADD node_modules/@react-types/grid
2997 silly ADD node_modules/@react-types/form
2998 silly ADD node_modules/@react-types/dialog
2999 silly ADD node_modules/@react-types/dialog/node_modules/@react-types/shared
3000 silly ADD node_modules/@react-types/dialog/node_modules/@react-types/overlays
3001 silly ADD node_modules/@react-types/datepicker
3002 silly ADD node_modules/@react-types/combobox
3003 silly ADD node_modules/@react-types/checkbox
3004 silly ADD node_modules/@react-types/calendar
3005 silly ADD node_modules/@react-types/button
3006 silly ADD node_modules/@react-types/breadcrumbs
3007 silly ADD node_modules/@react-types/accordion
3008 silly ADD node_modules/@react-stately/virtualizer
3009 silly ADD node_modules/@react-stately/utils
3010 silly ADD node_modules/@react-stately/tree
3011 silly ADD node_modules/@react-stately/tooltip
3012 silly ADD node_modules/@react-stately/toggle
3013 silly ADD node_modules/@react-stately/tabs
3014 silly ADD node_modules/@react-stately/table
3015 silly ADD node_modules/@react-stately/slider
3016 silly ADD node_modules/@react-stately/selection
3017 silly ADD node_modules/@react-stately/selection/node_modules/@react-types/shared
3018 silly ADD node_modules/@react-stately/selection/node_modules/@react-stately/collections
3019 silly ADD node_modules/@react-stately/select
3020 silly ADD node_modules/@react-stately/select/node_modules/@react-types/shared
3021 silly ADD node_modules/@react-stately/select/node_modules/@react-types/select
3022 silly ADD node_modules/@react-stately/select/node_modules/@react-types/overlays
3023 silly ADD node_modules/@react-stately/select/node_modules/@react-stately/overlays
3024 silly ADD node_modules/@react-stately/select/node_modules/@react-stately/list
3025 silly ADD node_modules/@react-stately/select/node_modules/@react-stately/form
3026 silly ADD node_modules/@react-stately/select/node_modules/@react-stately/collections
3027 silly ADD node_modules/@react-stately/radio
3028 silly ADD node_modules/@react-stately/overlays
3029 silly ADD node_modules/@react-stately/menu
3030 silly ADD node_modules/@react-stately/list
3031 silly ADD node_modules/@react-stately/grid
3032 silly ADD node_modules/@react-stately/grid/node_modules/@react-types/shared
3033 silly ADD node_modules/@react-stately/grid/node_modules/@react-types/grid
3034 silly ADD node_modules/@react-stately/grid/node_modules/@react-stately/collections
3035 silly ADD node_modules/@react-stately/form
3036 silly ADD node_modules/@react-stately/flags
3037 silly ADD node_modules/@react-stately/datepicker
3038 silly ADD node_modules/@react-stately/combobox
3039 silly ADD node_modules/@react-stately/collections
3040 silly ADD node_modules/@react-stately/checkbox
3041 silly ADD node_modules/@react-stately/calendar
3042 silly ADD node_modules/@react-oauth/google
3043 silly ADD node_modules/@react-aria/visually-hidden
3044 silly ADD node_modules/@react-aria/utils
3045 silly ADD node_modules/@react-aria/utils/node_modules/clsx
3046 silly ADD node_modules/@react-aria/tooltip
3047 silly ADD node_modules/@react-aria/toolbar
3048 silly ADD node_modules/@react-aria/textfield
3049 silly ADD node_modules/@react-aria/tabs
3050 silly ADD node_modules/@react-aria/table
3051 silly ADD node_modules/@react-aria/switch
3052 silly ADD node_modules/@react-aria/switch/node_modules/clsx
3053 silly ADD node_modules/@react-aria/switch/node_modules/@react-types/shared
3054 silly ADD node_modules/@react-aria/switch/node_modules/@react-types/checkbox
3055 silly ADD node_modules/@react-aria/switch/node_modules/@react-stately/toggle
3056 silly ADD node_modules/@react-aria/switch/node_modules/@react-aria/toggle
3057 silly ADD node_modules/@react-aria/switch/node_modules/@react-aria/toggle/node_modules/@react-aria/utils
3058 silly ADD node_modules/@react-aria/switch/node_modules/@react-aria/toggle/node_modules/@react-aria/interactions
3059 silly ADD node_modules/@react-aria/switch/node_modules/@react-aria/toggle/node_modules/@react-aria/focus
3060 silly ADD node_modules/@react-aria/ssr
3061 silly ADD node_modules/@react-aria/spinbutton
3062 silly ADD node_modules/@react-aria/spinbutton/node_modules/clsx
3063 silly ADD node_modules/@react-aria/spinbutton/node_modules/@react-types/shared
3064 silly ADD node_modules/@react-aria/spinbutton/node_modules/@react-types/button
3065 silly ADD node_modules/@react-aria/spinbutton/node_modules/@react-aria/utils
3066 silly ADD node_modules/@react-aria/spinbutton/node_modules/@react-aria/i18n
3067 silly ADD node_modules/@react-aria/slider
3068 silly ADD node_modules/@react-aria/selection
3069 silly ADD node_modules/@react-aria/radio
3070 silly ADD node_modules/@react-aria/progress
3071 silly ADD node_modules/@react-aria/overlays
3072 silly ADD node_modules/@react-aria/menu
3073 silly ADD node_modules/@react-aria/live-announcer
3074 silly ADD node_modules/@react-aria/listbox
3075 silly ADD node_modules/@react-aria/link
3076 silly ADD node_modules/@react-aria/label
3077 silly ADD node_modules/@react-aria/interactions
3078 silly ADD node_modules/@react-aria/i18n
3079 silly ADD node_modules/@react-aria/grid
3080 silly ADD node_modules/@react-aria/grid/node_modules/clsx
3081 silly ADD node_modules/@react-aria/grid/node_modules/@react-types/shared
3082 silly ADD node_modules/@react-aria/grid/node_modules/@react-types/grid
3083 silly ADD node_modules/@react-aria/grid/node_modules/@react-types/checkbox
3084 silly ADD node_modules/@react-aria/grid/node_modules/@react-stately/collections
3085 silly ADD node_modules/@react-aria/grid/node_modules/@react-aria/utils
3086 silly ADD node_modules/@react-aria/grid/node_modules/@react-aria/selection
3087 silly ADD node_modules/@react-aria/grid/node_modules/@react-aria/interactions
3088 silly ADD node_modules/@react-aria/grid/node_modules/@react-aria/i18n
3089 silly ADD node_modules/@react-aria/grid/node_modules/@react-aria/focus
3090 silly ADD node_modules/@react-aria/form
3091 silly ADD node_modules/@react-aria/focus
3092 silly ADD node_modules/@react-aria/focus/node_modules/clsx
3093 silly ADD node_modules/@react-aria/dialog
3094 silly ADD node_modules/@react-aria/datepicker
3095 silly ADD node_modules/@react-aria/combobox
3096 silly ADD node_modules/@react-aria/checkbox
3097 silly ADD node_modules/@react-aria/checkbox/node_modules/clsx
3098 silly ADD node_modules/@react-aria/checkbox/node_modules/@react-types/shared
3099 silly ADD node_modules/@react-aria/checkbox/node_modules/@react-types/checkbox
3100 silly ADD node_modules/@react-aria/checkbox/node_modules/@react-stately/toggle
3101 silly ADD node_modules/@react-aria/checkbox/node_modules/@react-aria/toggle
3102 silly ADD node_modules/@react-aria/checkbox/node_modules/@react-aria/toggle/node_modules/@react-aria/utils
3103 silly ADD node_modules/@react-aria/checkbox/node_modules/@react-aria/toggle/node_modules/@react-aria/interactions
3104 silly ADD node_modules/@react-aria/checkbox/node_modules/@react-aria/toggle/node_modules/@react-aria/focus
3105 silly ADD node_modules/@react-aria/calendar
3106 silly ADD node_modules/@react-aria/button
3107 silly ADD node_modules/@react-aria/breadcrumbs
3108 silly ADD node_modules/@popperjs/core
3109 silly ADD node_modules/@pkgjs/parseargs
3110 silly ADD node_modules/@pandacss/is-valid-prop
3111 silly ADD node_modules/@nodelib/fs.walk
3112 silly ADD node_modules/@nodelib/fs.stat
3113 silly ADD node_modules/@nodelib/fs.scandir
3114 silly ADD node_modules/@nextui-org/user
3115 silly ADD node_modules/@nextui-org/use-update-effect
3116 silly ADD node_modules/@nextui-org/use-scroll-position
3117 silly ADD node_modules/@nextui-org/use-safe-layout-effect
3118 silly ADD node_modules/@nextui-org/use-pagination
3119 silly ADD node_modules/@nextui-org/use-measure
3120 silly ADD node_modules/@nextui-org/use-is-mounted
3121 silly ADD node_modules/@nextui-org/use-is-mobile
3122 silly ADD node_modules/@nextui-org/use-intersection-observer
3123 silly ADD node_modules/@nextui-org/use-image
3124 silly ADD node_modules/@nextui-org/use-draggable
3125 silly ADD node_modules/@nextui-org/use-disclosure
3126 silly ADD node_modules/@nextui-org/use-data-scroll-overflow
3127 silly ADD node_modules/@nextui-org/use-clipboard
3128 silly ADD node_modules/@nextui-org/use-callback-ref
3129 silly ADD node_modules/@nextui-org/use-aria-multiselect
3130 silly ADD node_modules/@nextui-org/use-aria-modal-overlay
3131 silly ADD node_modules/@nextui-org/use-aria-link
3132 silly ADD node_modules/@nextui-org/use-aria-button
3133 silly ADD node_modules/@nextui-org/use-aria-accordion
3134 silly ADD node_modules/@nextui-org/tooltip
3135 silly ADD node_modules/@nextui-org/theme
3136 silly ADD node_modules/@nextui-org/theme/node_modules/tailwind-merge
3137 silly ADD node_modules/@nextui-org/theme/node_modules/deepmerge
3138 silly ADD node_modules/@nextui-org/tabs
3139 silly ADD node_modules/@nextui-org/table
3140 silly ADD node_modules/@nextui-org/system-rsc
3141 silly ADD node_modules/@nextui-org/system
3142 silly ADD node_modules/@nextui-org/system/node_modules/@internationalized/date
3143 silly ADD node_modules/@nextui-org/switch
3144 silly ADD node_modules/@nextui-org/spinner
3145 silly ADD node_modules/@nextui-org/spacer
3146 silly ADD node_modules/@nextui-org/snippet
3147 silly ADD node_modules/@nextui-org/slider
3148 silly ADD node_modules/@nextui-org/skeleton
3149 silly ADD node_modules/@nextui-org/shared-utils
3150 silly ADD node_modules/@nextui-org/shared-icons
3151 silly ADD node_modules/@nextui-org/select
3152 silly ADD node_modules/@nextui-org/scroll-shadow
3153 silly ADD node_modules/@nextui-org/ripple
3154 silly ADD node_modules/@nextui-org/react-utils
3155 silly ADD node_modules/@nextui-org/react-rsc-utils
3156 silly ADD node_modules/@nextui-org/react
3157 silly ADD node_modules/@nextui-org/radio
3158 silly ADD node_modules/@nextui-org/progress
3159 silly ADD node_modules/@nextui-org/popover
3160 silly ADD node_modules/@nextui-org/pagination
3161 silly ADD node_modules/@nextui-org/navbar
3162 silly ADD node_modules/@nextui-org/modal
3163 silly ADD node_modules/@nextui-org/menu
3164 silly ADD node_modules/@nextui-org/listbox
3165 silly ADD node_modules/@nextui-org/link
3166 silly ADD node_modules/@nextui-org/kbd
3167 silly ADD node_modules/@nextui-org/input-otp
3168 silly ADD node_modules/@nextui-org/input
3169 silly ADD node_modules/@nextui-org/image
3170 silly ADD node_modules/@nextui-org/framer-utils
3171 silly ADD node_modules/@nextui-org/form
3172 silly ADD node_modules/@nextui-org/dropdown
3173 silly ADD node_modules/@nextui-org/drawer
3174 silly ADD node_modules/@nextui-org/dom-animation
3175 silly ADD node_modules/@nextui-org/divider
3176 silly ADD node_modules/@nextui-org/date-picker
3177 silly ADD node_modules/@nextui-org/date-picker/node_modules/@internationalized/date
3178 silly ADD node_modules/@nextui-org/date-input
3179 silly ADD node_modules/@nextui-org/date-input/node_modules/@internationalized/date
3180 silly ADD node_modules/@nextui-org/code
3181 silly ADD node_modules/@nextui-org/chip
3182 silly ADD node_modules/@nextui-org/checkbox
3183 silly ADD node_modules/@nextui-org/card
3184 silly ADD node_modules/@nextui-org/calendar
3185 silly ADD node_modules/@nextui-org/calendar/node_modules/@internationalized/date
3186 silly ADD node_modules/@nextui-org/button
3187 silly ADD node_modules/@nextui-org/breadcrumbs
3188 silly ADD node_modules/@nextui-org/badge
3189 silly ADD node_modules/@nextui-org/avatar
3190 silly ADD node_modules/@nextui-org/autocomplete
3191 silly ADD node_modules/@nextui-org/aria-utils
3192 silly ADD node_modules/@nextui-org/alert
3193 silly ADD node_modules/@nextui-org/accordion
3194 silly ADD node_modules/@next/swc-win32-x64-msvc
3195 silly ADD
3196 silly ADD
3197 silly ADD
3198 silly ADD
3199 silly ADD
3200 silly ADD
3201 silly ADD
3202 silly ADD
3203 silly ADD node_modules/@next/env
3204 silly ADD node_modules/@motionone/utils
3205 silly ADD node_modules/@motionone/types
3206 silly ADD node_modules/@motionone/generators
3207 silly ADD node_modules/@motionone/easing
3208 silly ADD node_modules/@motionone/dom
3209 silly ADD node_modules/@motionone/animation
3210 silly ADD node_modules/@mongodb-js/saslprep
3211 silly ADD node_modules/@material-tailwind/react
3212 silly ADD node_modules/@material-tailwind/react/node_modules/react-dom
3213 silly ADD node_modules/@material-tailwind/react/node_modules/react
3214 silly ADD node_modules/@material-tailwind/react/node_modules/framer-motion
3215 silly ADD node_modules/@material-tailwind/react/node_modules/@emotion/memoize
3216 silly ADD node_modules/@material-tailwind/react/node_modules/@emotion/is-prop-valid
3217 silly ADD node_modules/@juggle/resize-observer
3218 silly ADD node_modules/@jridgewell/trace-mapping
3219 silly ADD node_modules/@jridgewell/sourcemap-codec
3220 silly ADD node_modules/@jridgewell/source-map
3221 silly ADD node_modules/@jridgewell/set-array
3222 silly ADD node_modules/@jridgewell/resolve-uri
3223 silly ADD node_modules/@jridgewell/gen-mapping
3224 silly ADD node_modules/@jitsi/react-sdk
3225 silly ADD node_modules/@isaacs/cliui
3226 silly ADD node_modules/@internationalized/string
3227 silly ADD node_modules/@internationalized/number
3228 silly ADD node_modules/@internationalized/message
3229 silly ADD node_modules/@internationalized/date
3230 silly ADD node_modules/@headlessui/react
3231 silly ADD node_modules/@headlessui/react/node_modules/clsx
3232 silly ADD node_modules/@headlessui/react/node_modules/@tanstack/virtual-core
3233 silly ADD node_modules/@headlessui/react/node_modules/@tanstack/react-virtual
3234 silly ADD node_modules/@headlessui/react/node_modules/@react-types/shared
3235 silly ADD node_modules/@headlessui/react/node_modules/@react-stately/utils
3236 silly ADD node_modules/@headlessui/react/node_modules/@react-aria/utils
3237 silly ADD node_modules/@headlessui/react/node_modules/@react-aria/ssr
3238 silly ADD node_modules/@headlessui/react/node_modules/@react-aria/interactions
3239 silly ADD node_modules/@headlessui/react/node_modules/@react-aria/focus
3240 silly ADD node_modules/@headlessui/react/node_modules/@floating-ui/react-dom
3241 silly ADD node_modules/@headlessui/react/node_modules/@floating-ui/react
3242 silly ADD node_modules/@fullcalendar/react
3243 silly ADD node_modules/@fullcalendar/daygrid
3244 silly ADD node_modules/@fullcalendar/core
3245 silly ADD node_modules/@formatjs/intl-localematcher
3246 silly ADD node_modules/@formatjs/icu-skeleton-parser
3247 silly ADD node_modules/@formatjs/icu-messageformat-parser
3248 silly ADD node_modules/@formatjs/fast-memoize
3249 silly ADD node_modules/@formatjs/ecma402-abstract
3250 silly ADD node_modules/@floating-ui/utils
3251 silly ADD node_modules/@floating-ui/react-dom
3252 silly ADD node_modules/@floating-ui/react
3253 silly ADD node_modules/@floating-ui/dom
3254 silly ADD node_modules/@floating-ui/core
3255 silly ADD node_modules/@emotion/weak-memoize
3256 silly ADD node_modules/@emotion/utils
3257 silly ADD node_modules/@emotion/use-insertion-effect-with-fallbacks
3258 silly ADD node_modules/@emotion/unitless
3259 silly ADD node_modules/@emotion/styled
3260 silly ADD node_modules/@emotion/sheet
3261 silly ADD node_modules/@emotion/serialize
3262 silly ADD node_modules/@emotion/react
3263 silly ADD node_modules/@emotion/memoize
3264 silly ADD node_modules/@emotion/is-prop-valid
3265 silly ADD node_modules/@emotion/hash
3266 silly ADD node_modules/@emotion/cache
3267 silly ADD node_modules/@emotion/babel-plugin
3268 silly ADD node_modules/@cspotcode/source-map-support
3269 silly ADD node_modules/@cspotcode/source-map-support/node_modules/@jridgewell/trace-mapping
3270 silly ADD node_modules/@chakra-ui/react
3271 silly ADD node_modules/@babel/types
3272 silly ADD node_modules/@babel/traverse
3273 silly ADD node_modules/@babel/template
3274 silly ADD node_modules/@babel/runtime
3275 silly ADD node_modules/@babel/parser
3276 silly ADD node_modules/@babel/helper-validator-identifier
3277 silly ADD node_modules/@babel/helper-string-parser
3278 silly ADD node_modules/@babel/helper-module-imports
3279 silly ADD node_modules/@babel/generator
3280 silly ADD node_modules/@babel/code-frame
3281 silly ADD node_modules/@ark-ui/react
3282 silly ADD node_modules/@alloc/quick-lru
3283 verbose cwd D:\Projects\BlackstoneAcademy\ALF-FrontEnd\Alfurqan_Dashboard
3284 verbose os Windows_NT 10.0.26200
3285 verbose node v20.19.0
3286 verbose npm  v10.8.2
3287 verbose exit 0
3288 info ok
